turn,parse_dot,top_sort,cmin,revoke_seed,crash_tog,crash_tog_exec,fixpoint_tog,new_tog,opened_tog,sum_cost
1,13.946948,0.0,0.0,0.0,0.0,0.0,0.0,0.0,0.0,16.703046
1,13.946948,0.007281,0.0,0.0,0.0,0.0,0.0,0.0,0.0,16.852662
1,13.946948,0.007281,0.925829,0.0,0.0,0.0,0.0,0.0,0.0,17.799355
1,13.946948,0.007281,0.925829,0.0,0.0,0.0,0.0,0.0,344,17.79953
2,13.946948,0.007281,127.95264999999999,0.0,0.0,0.0,0.0,0.0,344,144.826443
2,13.946948,0.007281,127.95264999999999,0.0,0.0,0.0,0.0,0.002144,344,144.828843
2,13.946948,0.007281,127.95264999999999,0.0,0.0,0.0,0.0,0.002144,1738,144.828886
3,13.946948,0.007281,128.26822099999998,0.0,0.0,0.0,0.0,0.002144,1738,145.144542
3,13.946948,0.007281,128.26822099999998,0.439628,0.0,0.0,0.0,0.002144,1738,145.584287
3,13.946948,0.007281,128.26822099999998,0.439628,0.0,2.920324,0.0,0.002144,1738,148.511169
3,13.946948,0.007281,128.26822099999998,0.439628,0.0,5.871211,0.0,0.002144,1738,151.462393
3,13.946948,0.007281,128.26822099999998,0.439628,0.0,6.291156,0.0,0.002144,1738,151.88242
3,13.946948,0.007281,128.26822099999998,0.439628,0.0,9.451936,0.0,0.002144,1738,155.043292
3,13.946948,0.007281,128.26822099999998,0.439628,0.0,9.455357,0.0,0.002144,1738,155.04683
3,13.946948,0.007281,128.26822099999998,0.439628,0.0,9.458789,0.0,0.002144,1738,155.050371
3,13.946948,0.007281,128.26822099999998,0.439628,0.0,12.77803,0.0,0.002144,1738,158.36972
3,13.946948,0.007281,128.26822099999998,0.439628,0.0,12.781137,0.0,0.002144,1738,158.372941
3,13.946948,0.007281,128.26822099999998,0.439628,0.0,12.784241999999999,0.0,0.002144,1738,158.376122
3,13.946948,0.007281,128.26822099999998,0.439628,0.0,16.139357999999998,0.0,0.002144,1738,162.154932
3,13.946948,0.007281,128.26822099999998,0.439628,0.0,19.549699999999998,0.0,0.002144,1738,165.565381
3,13.946948,0.007281,128.26822099999998,0.439628,0.0,23.052763999999996,0.0,0.002144,1738,169.068562
3,13.946948,0.007281,128.26822099999998,0.439628,0.0,27.433967999999997,0.0,0.002144,1738,173.449846
3,13.946948,0.007281,128.26822099999998,0.439628,0.0,31.395642999999996,0.0,0.002144,1738,177.411655
3,13.946948,0.007281,128.26822099999998,0.439628,0.0,38.166914,0.0,0.002144,1738,184.183052
3,13.946948,0.007281,128.26822099999998,0.439628,0.0,43.326086,0.0,0.002144,1738,189.342351
3,13.946948,0.007281,128.26822099999998,0.439628,0.0,43.345814999999995,0.0,0.002144,1738,189.362182
3,13.946948,0.007281,128.26822099999998,0.439628,0.0,43.36786599999999,0.0,0.002144,1738,189.384426
3,13.946948,0.007281,128.26822099999998,0.439628,0.0,49.07296699999999,0.0,0.002144,1738,195.089698
3,13.946948,0.007281,128.26822099999998,0.439628,0.0,49.09228099999999,0.0,0.002144,1738,195.109147
3,13.946948,0.007281,128.26822099999998,0.439628,0.0,49.11209999999999,0.0,0.002144,1738,195.129113
3,13.946948,0.007281,128.26822099999998,0.439628,0.0,49.13334299999999,0.0,0.002144,1738,195.150493
3,13.946948,0.007281,128.26822099999998,0.439628,0.0,180.353744,0.0,0.002144,1738,326.371049
3,13.946948,0.007281,128.26822099999998,0.439628,0.0,180.374541,0.0,0.002144,1738,326.391993
3,13.946948,0.007281,128.26822099999998,0.439628,0.0,180.39666,0.0,0.002144,1738,326.414262
3,13.946948,0.007281,128.26822099999998,0.439628,0.0,180.41867,0.0,0.002144,1738,326.436416
3,13.946948,0.007281,128.26822099999998,0.439628,0.0,180.441162,0.0,0.002144,1738,326.459053
3,13.946948,0.007281,128.26822099999998,0.439628,0.0,311.328209,0.0,0.002144,1738,457.346229
3,13.946948,0.007281,128.26822099999998,0.439628,0.0,311.350934,0.0,0.002144,1738,457.369092
3,13.946948,0.007281,128.26822099999998,0.439628,0.0,311.373805,0.0,0.002144,1738,457.392109
3,13.946948,0.007281,128.26822099999998,0.439628,0.0,442.708894,0.0,0.002144,1738,589.172076
3,13.946948,0.007281,128.26822099999998,0.439628,0.0,574.904176,0.0,0.002144,1738,721.367487
3,13.946948,0.007281,128.26822099999998,0.439628,0.0,711.972804,0.0,0.002144,1738,858.436249
3,13.946948,0.007281,128.26822099999998,0.439628,0.0,746.654795,0.0,0.002144,1738,893.118374
3,13.946948,0.007281,128.26822099999998,0.439628,0.0,921.827846,0.0,0.002144,1738,1068.291539
3,13.946948,0.007281,128.26822099999998,0.439628,0.0,1061.781809,0.0,0.002144,1738,1208.245609
3,13.946948,0.007281,128.26822099999998,0.439628,0.0,1210.263755,0.0,0.002144,1738,1356.727698
3,13.946948,0.007281,128.26822099999998,0.439628,0.0,1359.774469,0.0,0.002144,1738,1506.238525
3,13.946948,0.007281,128.26822099999998,0.439628,0.0,1391.462243,0.0,0.002144,1738,1537.926418
3,13.946948,0.007281,128.26822099999998,0.439628,0.0,1411.6822,0.0,0.002144,1738,1558.146498
3,13.946948,0.007281,128.26822099999998,0.439628,0.0,1479.18045,0.0,0.002144,1738,1625.644873
3,13.946948,0.007281,128.26822099999998,0.439628,0.0,1620.529777,0.0,0.002144,1738,1766.994317
3,13.946948,0.007281,128.26822099999998,0.439628,0.0,1753.095147,0.0,0.002144,1738,1901.083195
3,13.946948,0.007281,128.26822099999998,0.439628,0.0,1884.179145,0.0,0.002144,1738,2032.167332
3,13.946948,0.007281,128.26822099999998,0.439628,0.0,2015.246399,0.0,0.002144,1738,2163.234692
3,13.946948,0.007281,128.26822099999998,0.439628,0.0,2145.5247710000003,0.0,0.002144,1738,2293.513206
3,13.946948,0.007281,128.26822099999998,0.439628,0.0,2145.5295020000003,0.0,0.002144,1738,2293.51804
3,13.946948,0.007281,128.26822099999998,0.439628,0.0,2276.860645,0.0,0.002144,1738,2424.84933
3,13.946948,0.007281,128.26822099999998,0.439628,0.0,2276.86546,0.0,0.002144,1738,2424.854302
3,13.946948,0.007281,128.26822099999998,0.439628,0.0,2276.868962,0.0,0.002144,1738,2424.85793
3,13.946948,0.007281,128.26822099999998,0.439628,0.0,2409.154406,0.0,0.002144,1738,2557.143478
3,13.946948,0.007281,128.26822099999998,0.439628,0.0,2409.1592370000003,0.0,0.002144,1738,2557.148419
3,13.946948,0.007281,128.26822099999998,0.439628,0.0,2409.165746,0.0,0.002144,1738,2557.155027
3,13.946948,0.007281,128.26822099999998,0.439628,0.0,2409.169766,0.0,0.002144,1738,2557.159207
3,13.946948,0.007281,128.26822099999998,0.439628,0.0,2409.173262,0.0,0.002144,1738,2557.162811
3,13.946948,0.007281,128.26822099999998,0.439628,0.0,2409.176696,0.0,0.002144,1738,2557.166341
3,13.946948,0.007281,128.26822099999998,0.439628,0.0,2541.721716,0.0,0.002144,1738,2689.711456
3,13.946948,0.007281,128.26822099999998,0.439628,0.0,2541.726326,0.0,0.002144,1738,2689.716159
3,13.946948,0.007281,128.26822099999998,0.439628,0.0,2541.730657,0.0,0.002144,1738,2689.720611
3,13.946948,0.007281,128.26822099999998,0.439628,0.0,2674.997898,0.0,0.002144,1738,2823.416066
3,13.946948,0.007281,128.26822099999998,0.439628,0.0,2807.800301,0.0,0.002144,1738,2956.218603
3,13.946948,0.007281,128.26822099999998,0.439628,0.0,2939.716557,0.0,0.002144,1738,3088.134996
3,13.946948,0.007281,128.26822099999998,0.439628,0.0,3073.1411150000004,0.0,0.002144,1738,3221.559692
3,13.946948,0.007281,128.26822099999998,0.439628,0.0,3205.1314500000003,0.0,0.002144,1738,3353.550174
3,13.946948,0.007281,128.26822099999998,0.439628,0.0,3339.1759370000004,0.0,0.002144,1738,3487.594811
3,13.946948,0.007281,128.26822099999998,0.439628,0.0,3473.8641360000006,0.0,0.002144,1738,3622.28319
3,13.946948,0.007281,128.26822099999998,0.439628,0.0,3610.821145000001,0.0,0.002144,1738,3759.240364
3,13.946948,0.007281,128.26822099999998,0.439628,0.0,3748.071575000001,0.0,0.002144,1738,3896.490988
3,13.946948,0.007281,128.26822099999998,0.439628,0.0,3774.775064000001,0.0,0.002144,1738,3923.194706
3,13.946948,0.007281,128.26822099999998,0.439628,0.0,3779.785424000001,0.0,0.002144,1738,3928.286563
3,13.946948,0.007281,128.26822099999998,0.439628,0.0,3924.840534000001,0.0,0.002144,1738,4073.341873
3,13.946948,0.007281,128.26822099999998,0.439628,0.0,4060.123001000001,0.0,0.002144,1738,4208.624561
3,13.946948,0.007281,128.26822099999998,0.439628,0.0,4208.273866,0.0,0.002144,1738,4356.775577
3,13.946948,0.007281,128.26822099999998,0.439628,0.0,4349.844839,0.0,0.002144,1738,4498.346684
3,13.946948,0.007281,128.26822099999998,0.439628,141.571247,4349.844839,0.0,0.002144,1738,4498.346958
3,13.946948,0.007281,128.26822099999998,0.439628,141.571247,4349.844839,0.0,0.002144,1735,4498.346994
3,13.946948,0.007281,266.33178499999997,0.439628,141.571247,4349.844839,0.0,0.002144,1735,4636.410586
3,13.946948,0.007281,266.33178499999997,0.439628,141.571247,4349.844839,3.360995,0.002144,1735,4640.888093
3,13.946948,0.007281,266.33178499999997,0.439628,141.571247,4349.844839,3.360995,0.002144,1729,4641.020763
3,13.946948,0.007281,405.88037599999996,0.439628,141.571247,4349.844839,3.360995,0.002144,1729,4780.7252
3,13.946948,0.007281,405.88037599999996,0.439628,141.571247,4349.844839,3.843802,0.002144,1729,4781.208235
3,13.946948,0.007281,405.88037599999996,0.439628,141.571247,4349.844839,3.843802,0.002144,1699,4781.208337
3,13.946948,0.007281,423.34786799999995,0.439628,141.571247,4349.844839,3.843802,0.002144,1699,4798.675977
3,13.946948,0.007281,423.34786799999995,0.439628,141.571247,4349.844839,3.843802,0.008369999999999999,1699,4798.682378
3,13.946948,0.007281,423.34786799999995,0.439628,141.571247,4349.844839,3.843802,0.008369999999999999,2754,4798.682443
4,13.946948,0.007281,453.00026899999995,0.439628,141.571247,4349.844839,3.843802,0.008369999999999999,2754,4828.334946
4,13.946948,0.007281,453.00026899999995,0.439628,141.571247,4349.844839,4.255953,0.008369999999999999,2754,4828.747292
4,13.946948,0.007281,453.00026899999995,0.439628,141.571247,4349.844839,4.255953,0.008369999999999999,2734,4828.747357
4,13.946948,0.007281,478.51706299999995,0.439628,141.571247,4349.844839,4.255953,0.008369999999999999,2734,4854.26426
4,13.946948,0.007281,478.51706299999995,0.439628,141.571247,4349.844839,5.678274,0.008369999999999999,2734,4855.686895
4,13.946948,0.007281,478.51706299999995,0.439628,141.571247,4349.844839,5.678274,0.008369999999999999,2733,4855.68698
4,13.946948,0.007281,506.55675999999994,0.439628,141.571247,4349.844839,5.678274,0.008369999999999999,2733,4883.726803
4,13.946948,0.007281,506.55675999999994,0.439628,141.571247,4349.844839,6.895283,0.008369999999999999,2733,4884.944011
4,13.946948,0.007281,506.55675999999994,0.439628,141.571247,4349.844839,6.895283,0.008369999999999999,2730,4884.944116
4,13.946948,0.007281,534.964809,0.439628,141.571247,4349.844839,6.895283,0.008369999999999999,2730,4913.352387
4,13.946948,0.007281,534.964809,0.439628,141.571247,4349.844839,7.446627,0.008369999999999999,2730,4913.904011
4,13.946948,0.007281,534.964809,0.439628,141.571247,4349.844839,7.446627,0.008369999999999999,2727,4913.904108
4,13.946948,0.007281,563.85164,0.439628,141.571247,4349.844839,7.446627,0.008369999999999999,2727,4942.791146
4,13.946948,0.007281,563.85164,0.439628,141.571247,4349.844839,8.868182000000001,0.008369999999999999,2727,4944.212896
4,13.946948,0.007281,563.85164,0.439628,141.571247,4349.844839,8.868182000000001,0.008369999999999999,2706,4944.213002
4,13.946948,0.007281,591.418991,0.439628,141.571247,4349.844839,8.868182000000001,0.008369999999999999,2706,4971.780574
4,13.946948,0.007281,591.418991,0.439628,141.571247,4349.844839,8.868182000000001,0.012354999999999998,2706,4971.784769
4,13.946948,0.007281,591.418991,0.439628,141.571247,4349.844839,8.868182000000001,0.012354999999999998,3349,4971.784822
5,13.946948,0.007281,626.0806240000001,0.439628,141.571247,4349.844839,8.868182000000001,0.012354999999999998,3349,5006.446545
5,13.946948,0.007281,626.0806240000001,0.439628,141.571247,4349.844839,9.196865,0.012354999999999998,3349,5006.775423
5,13.946948,0.007281,626.0806240000001,0.439628,141.571247,4349.844839,9.196865,0.012354999999999998,3331,5006.775491
5,13.946948,0.007281,657.536287,0.439628,141.571247,4349.844839,9.196865,0.012354999999999998,3331,5038.23128
5,13.946948,0.007281,657.536287,3.748004,141.571247,4349.844839,9.196865,0.012354999999999998,3331,5041.539783
5,13.946948,0.007281,657.536287,3.748004,141.571247,4353.268774,9.196865,0.012354999999999998,3331,5044.970769
5,13.946948,0.007281,657.536287,3.748004,141.571247,4356.657023,9.196865,0.012354999999999998,3331,5048.359134
5,13.946948,0.007281,657.536287,3.748004,141.571247,4360.100163,9.196865,0.012354999999999998,3331,5051.802358
5,13.946948,0.007281,657.536287,3.748004,141.571247,4363.692891,9.196865,0.012354999999999998,3331,5055.395205
5,13.946948,0.007281,657.536287,3.748004,141.571247,4367.832124,9.196865,0.012354999999999998,3331,5059.534564
5,13.946948,0.007281,657.536287,3.748004,141.571247,4372.334918,9.196865,0.012354999999999998,3331,5064.037479
5,13.946948,0.007281,657.536287,3.748004,141.571247,4377.315503,9.196865,0.012354999999999998,3331,5069.01816
5,13.946948,0.007281,657.536287,3.748004,141.571247,4382.679836,9.196865,0.012354999999999998,3331,5074.382608
5,13.946948,0.007281,657.536287,3.748004,141.571247,4390.492411,9.196865,0.012354999999999998,3331,5082.195365
5,13.946948,0.007281,657.536287,3.748004,141.571247,4403.207191,9.196865,0.012354999999999998,3331,5094.910308
5,13.946948,0.007281,657.536287,3.748004,141.571247,4425.464927,9.196865,0.012354999999999998,3331,5117.168372
5,13.946948,0.007281,657.536287,3.748004,141.571247,4425.495393,9.196865,0.012354999999999998,3331,5117.199099
5,13.946948,0.007281,657.536287,3.748004,141.571247,4425.52408,9.196865,0.012354999999999998,3331,5117.228114
5,13.946948,0.007281,657.536287,3.748004,141.571247,4452.676217,9.196865,0.012354999999999998,3331,5144.380504
5,13.946948,0.007281,657.536287,3.748004,141.571247,4452.709401,9.196865,0.012354999999999998,3331,5144.414108
5,13.946948,0.007281,657.536287,3.748004,141.571247,4452.7394380000005,9.196865,0.012354999999999998,3331,5144.444556
5,13.946948,0.007281,657.536287,3.748004,141.571247,4483.326378000001,9.196865,0.012354999999999998,3331,5175.031815
5,13.946948,0.007281,657.536287,3.748004,141.571247,4483.358914,9.196865,0.012354999999999998,3331,5175.064604
5,13.946948,0.007281,657.536287,3.748004,141.571247,4483.408105,9.196865,0.012354999999999998,3331,5175.11411
5,13.946948,0.007281,657.536287,3.748004,141.571247,4483.4421950000005,9.196865,0.012354999999999998,3331,5175.148447
5,13.946948,0.007281,657.536287,3.748004,141.571247,4483.502878,9.196865,0.012354999999999998,3331,5175.209316
5,13.946948,0.007281,657.536287,3.748004,141.571247,4513.290191,9.196865,0.012354999999999998,3331,5204.99681
5,13.946948,0.007281,657.536287,3.748004,141.571247,4513.320012,9.196865,0.012354999999999998,3331,5205.026796
5,13.946948,0.007281,657.536287,3.748004,141.571247,4513.348783,9.196865,0.012354999999999998,3331,5205.055744
5,13.946948,0.007281,657.536287,3.748004,141.571247,4513.377076000001,9.196865,0.012354999999999998,3331,5205.084153
5,13.946948,0.007281,657.536287,3.748004,141.571247,4513.411019000001,9.196865,0.012354999999999998,3331,5205.118237
5,13.946948,0.007281,657.536287,3.748004,141.571247,4543.214569000001,9.196865,0.012354999999999998,3331,5234.921898
5,13.946948,0.007281,657.536287,3.748004,141.571247,4543.244993,9.196865,0.012354999999999998,3331,5234.952461
5,13.946948,0.007281,657.536287,3.748004,141.571247,4543.272832000001,9.196865,0.012354999999999998,3331,5234.980441
5,13.946948,0.007281,657.536287,3.748004,141.571247,4573.157701000001,9.196865,0.012354999999999998,3331,5264.865402
5,13.946948,0.007281,657.536287,3.748004,141.571247,4573.186537000001,9.196865,0.012354999999999998,3331,5264.894364
5,13.946948,0.007281,657.536287,3.748004,141.571247,4573.214316000001,9.196865,0.012354999999999998,3331,5264.922271
5,13.946948,0.007281,657.536287,3.748004,141.571247,4603.1741980000015,9.196865,0.012354999999999998,3331,5294.882272
5,13.946948,0.007281,657.536287,3.748004,141.571247,4603.202564000001,9.196865,0.012354999999999998,3331,5294.910766
5,13.946948,0.007281,657.536287,3.748004,141.571247,4603.229405000001,9.196865,0.012354999999999998,3331,5294.937704
5,13.946948,0.007281,657.536287,3.748004,141.571247,4633.258603000001,9.196865,0.012354999999999998,3331,5328.113728
5,13.946948,0.007281,657.536287,3.748004,141.571247,4664.121988000001,9.196865,0.012354999999999998,3331,5358.977213
5,13.946948,0.007281,657.536287,3.748004,141.571247,4694.548675000001,9.196865,0.012354999999999998,3331,5389.404026
5,13.946948,0.007281,657.536287,3.748004,141.571247,4726.058752000001,9.196865,0.012354999999999998,3331,5420.914237
5,13.946948,0.007281,657.536287,3.748004,141.571247,4757.595166000001,9.196865,0.012354999999999998,3331,5452.450742
5,13.946948,0.007281,657.536287,3.748004,141.571247,4788.691618000001,9.196865,0.012354999999999998,3331,5483.547349
5,13.946948,0.007281,657.536287,3.748004,141.571247,4821.153634000001,9.196865,0.012354999999999998,3331,5516.009522
5,13.946948,0.007281,657.536287,3.748004,141.571247,4853.294962000001,9.196865,0.012354999999999998,3331,5548.151033
5,13.946948,0.007281,657.536287,3.748004,141.571247,4887.353572000001,9.196865,0.012354999999999998,3331,5582.209849
5,13.946948,0.007281,657.536287,3.748004,175.630062,4887.353572000001,9.196865,0.012354999999999998,3331,5582.210054
5,13.946948,0.007281,657.536287,3.748004,175.630062,4887.353572000001,9.196865,0.012354999999999998,3330,5582.210075
5,13.946948,0.007281,694.4884480000001,3.748004,175.630062,4887.353572000001,9.196865,0.012354999999999998,3330,5619.162248
5,13.946948,0.007281,694.4884480000001,3.748004,175.630062,4887.353572000001,9.657383000000001,0.012354999999999998,3330,5619.623119
5,13.946948,0.007281,694.4884480000001,3.748004,175.630062,4887.353572000001,9.657383000000001,0.012354999999999998,3318,5619.623225
5,13.946948,0.007281,884.842886,3.748004,175.630062,4887.353572000001,9.657383000000001,0.012354999999999998,3318,5809.97788
5,13.946948,0.007281,884.842886,3.748004,175.630062,4887.353572000001,11.218486,0.012354999999999998,3318,5811.539312
5,13.946948,0.007281,884.842886,3.748004,175.630062,4887.353572000001,11.218486,0.012354999999999998,3312,5811.539418
5,13.946948,0.007281,5652.175300000001,3.748004,175.630062,4887.353572000001,11.218486,0.012354999999999998,3312,10578.872056
5,13.946948,0.007281,5652.175300000001,8.760742,175.630062,4887.353572000001,11.218486,0.012354999999999998,3312,10584.230435
5,13.946948,0.007281,5652.175300000001,8.760742,175.630062,4890.6865640000005,11.218486,0.012354999999999998,3312,10587.571042
5,13.946948,0.007281,5652.175300000001,8.760742,175.630062,4894.007500000001,11.218486,0.012354999999999998,3312,10590.892059
5,13.946948,0.007281,5652.175300000001,8.760742,175.630062,4897.681961,11.218486,0.012354999999999998,3312,10594.566641
5,13.946948,0.007281,5652.175300000001,8.760742,175.630062,4901.187095,11.218486,0.012354999999999998,3312,10598.071899
5,13.946948,0.007281,5652.175300000001,8.760742,175.630062,4905.360358,11.218486,0.012354999999999998,3312,10602.245286
5,13.946948,0.007281,5652.175300000001,8.760742,175.630062,4910.349439,11.218486,0.012354999999999998,3312,10607.597608
5,13.946948,0.007281,5652.175300000001,8.760742,175.630062,4916.516672999999,11.218486,0.012354999999999998,3312,10613.764978
5,13.946948,0.007281,5652.175300000001,8.760742,175.630062,4925.737622999999,11.218486,0.012354999999999998,3312,10622.986088
5,13.946948,0.007281,5652.175300000001,8.760742,175.630062,4925.745549999999,11.218486,0.012354999999999998,3312,10622.994153
5,13.946948,0.007281,5652.175300000001,8.760742,175.630062,4935.733317999999,11.218486,0.012354999999999998,3312,10632.982109
5,13.946948,0.007281,5652.175300000001,8.760742,175.630062,4935.743437999999,11.218486,0.012354999999999998,3312,10632.992413
5,13.946948,0.007281,5652.175300000001,8.760742,175.630062,4935.752351999999,11.218486,0.012354999999999998,3312,10633.00151
5,13.946948,0.007281,5652.175300000001,8.760742,175.630062,4946.670998999999,11.218486,0.012354999999999998,3312,10643.920303
5,13.946948,0.007281,5652.175300000001,8.760742,175.630062,4946.680514999999,11.218486,0.012354999999999998,3312,10643.929971
5,13.946948,0.007281,5652.175300000001,8.760742,175.630062,4946.689176999999,11.218486,0.012354999999999998,3312,10643.938788
5,13.946948,0.007281,5652.175300000001,8.760742,175.630062,4946.697767,11.218486,0.012354999999999998,3312,10643.947518
5,13.946948,0.007281,5652.175300000001,8.760742,175.630062,4957.671958999999,11.218486,0.012354999999999998,3312,10654.921835
5,13.946948,0.007281,5652.175300000001,8.760742,175.630062,4957.680426999999,11.218486,0.012354999999999998,3312,10654.930443
5,13.946948,0.007281,5652.175300000001,8.760742,175.630062,4957.695569999999,11.218486,0.012354999999999998,3312,10654.945721
5,13.946948,0.007281,5652.175300000001,8.760742,175.630062,4966.694101999999,11.218486,0.012354999999999998,3312,10663.944399
5,13.946948,0.007281,5652.175300000001,8.760742,175.630062,4966.708298999999,11.218486,0.012354999999999998,3312,10663.958727
5,13.946948,0.007281,5652.175300000001,8.760742,175.630062,4966.716554999999,11.218486,0.012354999999999998,3312,10663.967119
5,13.946948,0.007281,5652.175300000001,8.760742,175.630062,4966.724605999999,11.218486,0.012354999999999998,3312,10663.97529
5,13.946948,0.007281,5652.175300000001,8.760742,175.630062,4966.732797999999,11.218486,0.012354999999999998,3312,10663.983599
5,13.946948,0.007281,5652.175300000001,8.760742,175.630062,4974.8974579999995,11.218486,0.012354999999999998,3312,10672.148371
5,13.946948,0.007281,5652.175300000001,8.760742,175.630062,4974.904581,11.218486,0.012354999999999998,3312,10672.155579
5,13.946948,0.007281,5652.175300000001,8.760742,175.630062,4974.911956,11.218486,0.012354999999999998,3312,10672.163041
5,13.946948,0.007281,5652.175300000001,8.760742,175.630062,5110.908705,11.218486,0.012354999999999998,3312,10813.17119
5,13.946948,0.007281,5652.175300000001,8.760742,175.630062,5247.914364,11.218486,0.012354999999999998,3312,10950.176988
5,13.946948,0.007281,5652.175300000001,8.760742,175.630062,5283.535895,11.218486,0.012354999999999998,3312,10985.798612
5,13.946948,0.007281,5652.175300000001,8.760742,175.630062,5421.875708,11.218486,0.012354999999999998,3312,11124.138547
5,13.946948,0.007281,5652.175300000001,8.760742,175.630062,5560.2732399999995,11.218486,0.012354999999999998,3312,11262.536234
5,13.946948,0.007281,5652.175300000001,8.760742,175.630062,5695.908766,11.218486,0.012354999999999998,3312,11398.171907
5,13.946948,0.007281,5652.175300000001,8.760742,175.630062,5827.836171,11.218486,0.012354999999999998,3312,11530.099462
5,13.946948,0.007281,5652.175300000001,8.760742,175.630062,5964.737825,11.218486,0.012354999999999998,3312,11667.00126
5,13.946948,0.007281,5652.175300000001,8.760742,175.630062,6102.303689,11.218486,0.012354999999999998,3312,11804.567287
5,13.946948,0.007281,5652.175300000001,8.760742,175.630062,6107.310526,11.218486,0.012354999999999998,3312,11809.574262
5,13.946948,0.007281,5652.175300000001,8.760742,175.630062,6245.523742,11.218486,0.012354999999999998,3312,11948.263718
5,13.946948,0.007281,5652.175300000001,8.760742,175.630062,6250.530238,11.218486,0.012354999999999998,3312,11953.270381
5,13.946948,0.007281,5652.175300000001,8.760742,175.630062,6255.538097000001,11.218486,0.012354999999999998,3312,11958.278424
5,13.946948,0.007281,5652.175300000001,8.760742,175.630062,6394.3356570000005,11.218486,0.012354999999999998,3312,12097.076156
5,13.946948,0.007281,5652.175300000001,8.760742,175.630062,6399.346931000001,11.218486,0.012354999999999998,3312,12102.087598
5,13.946948,0.007281,5652.175300000001,8.760742,175.630062,6404.353594000001,11.218486,0.012354999999999998,3312,12107.094433
5,13.946948,0.007281,5652.175300000001,8.760742,175.630062,6409.361371000001,11.218486,0.012354999999999998,3312,12112.10236
5,13.946948,0.007281,5652.175300000001,8.760742,175.630062,6414.371349000001,11.218486,0.012354999999999998,3312,12117.112477
5,13.946948,0.007281,5652.175300000001,8.760742,175.630062,6419.381011000001,11.218486,0.012354999999999998,3312,12122.122278
5,13.946948,0.007281,5652.175300000001,8.760742,175.630062,6424.389056000001,11.218486,0.012354999999999998,3312,12127.130457
5,13.946948,0.007281,5652.175300000001,8.760742,175.630062,6429.396924000001,11.218486,0.012354999999999998,3312,12132.138466
5,13.946948,0.007281,5652.175300000001,8.760742,175.630062,6568.578511000001,11.218486,0.012354999999999998,3312,12276.336044
5,13.946948,0.007281,5652.175300000001,8.760742,175.630062,6707.009631000001,11.218486,0.012354999999999998,3312,12414.767304
5,13.946948,0.007281,5652.175300000001,8.760742,175.630062,6846.974452,11.218486,0.012354999999999998,3312,12554.732263
5,13.946948,0.007281,5652.175300000001,8.760742,175.630062,6987.905402,11.218486,0.012354999999999998,3312,12695.663351
5,13.946948,0.007281,5652.175300000001,8.760742,175.630062,7128.197864000001,11.218486,0.012354999999999998,3312,12835.955968
5,13.946948,0.007281,5652.175300000001,8.760742,175.630062,7267.871507000001,11.218486,0.012354999999999998,3312,12975.629766
5,13.946948,0.007281,5652.175300000001,8.760742,175.630062,7409.175962000001,11.218486,0.012354999999999998,3312,13116.934395
5,13.946948,0.007281,5652.175300000001,8.760742,175.630062,7551.940992000001,11.218486,0.012354999999999998,3312,13259.699624
5,13.946948,0.007281,5652.175300000001,8.760742,175.630062,7697.509897000001,11.218486,0.012354999999999998,3312,13405.268737
5,13.946948,0.007281,5652.175300000001,8.760742,175.630062,7846.090074000001,11.218486,0.012354999999999998,3312,13553.849169
5,13.946948,0.007281,5652.175300000001,8.760742,175.630062,8006.957848000001,11.218486,0.012354999999999998,3312,13714.717353
5,13.946948,0.007281,5652.175300000001,8.760742,175.630062,8171.539255000001,11.218486,0.012354999999999998,3312,13879.299035
5,13.946948,0.007281,5652.175300000001,8.760742,340.21184100000005,8171.539255000001,11.218486,0.012354999999999998,3312,13879.299407
5,13.946948,0.007281,5652.175300000001,8.760742,340.21184100000005,8171.539255000001,11.218486,0.012354999999999998,3310,13879.299446
5,13.946948,0.007281,5827.4992760000005,8.760742,340.21184100000005,8171.539255000001,11.218486,0.012354999999999998,3310,14054.623454
5,13.946948,0.007281,5827.4992760000005,8.760742,340.21184100000005,8171.539255000001,11.218486,0.012354999999999998,3314,14054.623691
6,13.946948,0.007281,6011.705973,8.760742,340.21184100000005,8171.539255000001,11.218486,0.012354999999999998,3314,14238.830482
6,13.946948,0.007281,6011.705973,8.760742,340.21184100000005,8171.539255000001,14.087618,0.012354999999999998,3314,14241.699831
6,13.946948,0.007281,6011.705973,8.760742,340.21184100000005,8171.539255000001,14.087618,0.012354999999999998,3309,14241.699923
6,13.946948,0.007281,10765.758195999999,8.760742,340.21184100000005,8171.539255000001,14.087618,0.012354999999999998,3309,18995.752281
6,13.946948,0.007281,10765.758195999999,13.774783,340.21184100000005,8171.539255000001,14.087618,0.012354999999999998,3309,19000.766453
6,13.946948,0.007281,10765.758195999999,13.774783,340.21184100000005,8174.671045000001,14.087618,0.012354999999999998,3309,19003.902505
6,13.946948,0.007281,10765.758195999999,13.774783,340.21184100000005,8178.084991000001,14.087618,0.012354999999999998,3309,19007.316566
6,13.946948,0.007281,10765.758195999999,13.774783,340.21184100000005,8181.070706,14.087618,0.012354999999999998,3309,19010.302401
6,13.946948,0.007281,10765.758195999999,13.774783,340.21184100000005,8184.583902,14.087618,0.012354999999999998,3309,19013.81571
6,13.946948,0.007281,10765.758195999999,13.774783,340.21184100000005,8188.530147,14.087618,0.012354999999999998,3309,19017.762082
6,13.946948,0.007281,10765.758195999999,13.774783,340.21184100000005,8192.896327,14.087618,0.012354999999999998,3309,19022.128394
6,13.946948,0.007281,10765.758195999999,13.774783,340.21184100000005,8198.466613,14.087618,0.012354999999999998,3309,19027.698805
6,13.946948,0.007281,10765.758195999999,13.774783,340.21184100000005,8206.089551000001,14.087618,0.012354999999999998,3309,19035.321894
6,13.946948,0.007281,10765.758195999999,13.774783,340.21184100000005,8211.098875000001,14.087618,0.012354999999999998,3309,19040.331412
6,13.946948,0.007281,10765.758195999999,13.774783,340.21184100000005,8222.464153,14.087618,0.012354999999999998,3309,19051.696911
6,13.946948,0.007281,10765.758195999999,13.774783,340.21184100000005,8227.469425000001,14.087618,0.012354999999999998,3309,19056.702379
6,13.946948,0.007281,10765.758195999999,13.774783,340.21184100000005,8232.477182,14.087618,0.012354999999999998,3309,19061.710358
6,13.946948,0.007281,10765.758195999999,13.774783,340.21184100000005,8243.298134,14.087618,0.012354999999999998,3309,19072.844099
6,13.946948,0.007281,10765.758195999999,13.774783,340.21184100000005,8248.304316,14.087618,0.012354999999999998,3309,19077.850454
6,13.946948,0.007281,10765.758195999999,13.774783,340.21184100000005,8253.311927,14.087618,0.012354999999999998,3309,19082.858265
6,13.946948,0.007281,10765.758195999999,13.774783,340.21184100000005,8258.319953,14.087618,0.012354999999999998,3309,19087.866457
6,13.946948,0.007281,10765.758195999999,13.774783,340.21184100000005,8268.699123,14.087618,0.012354999999999998,3309,19098.24579
6,13.946948,0.007281,10765.758195999999,13.774783,340.21184100000005,8273.707444,14.087618,0.012354999999999998,3309,19103.254485
6,13.946948,0.007281,10765.758195999999,13.774783,340.21184100000005,8278.715283,14.087618,0.012354999999999998,3309,19108.262474
6,13.946948,0.007281,10765.758195999999,13.774783,340.21184100000005,8283.723011,14.087618,0.012354999999999998,3309,19113.270349
6,13.946948,0.007281,10765.758195999999,13.774783,340.21184100000005,8288.732222,14.087618,0.012354999999999998,3309,19118.286341
6,13.946948,0.007281,10765.758195999999,13.774783,340.21184100000005,8299.272745,14.087618,0.012354999999999998,3309,19128.826998
6,13.946948,0.007281,10765.758195999999,13.774783,340.21184100000005,8304.279893,14.087618,0.012354999999999998,3309,19133.834274
6,13.946948,0.007281,10765.758195999999,13.774783,340.21184100000005,8309.287819000001,14.087618,0.012354999999999998,3309,19138.84234
6,13.946948,0.007281,10765.758195999999,13.774783,340.21184100000005,8314.295680000001,14.087618,0.012354999999999998,3309,19143.850329
6,13.946948,0.007281,10765.758195999999,13.774783,340.21184100000005,8325.209107,14.087618,0.012354999999999998,3309,19159.77988
6,13.946948,0.007281,10765.758195999999,13.774783,340.21184100000005,8335.965046000001,14.087618,0.012354999999999998,3309,19170.53594
6,13.946948,0.007281,10765.758195999999,13.774783,340.21184100000005,8347.241947,14.087618,0.012354999999999998,3309,19181.812964
6,13.946948,0.007281,10765.758195999999,13.774783,340.21184100000005,8358.502445,14.087618,0.012354999999999998,3309,19193.073606
6,13.946948,0.007281,10765.758195999999,13.774783,340.21184100000005,8369.319435,14.087618,0.012354999999999998,3309,19203.89073
6,13.946948,0.007281,10765.758195999999,13.774783,340.21184100000005,8380.630846999999,14.087618,0.012354999999999998,3309,19215.337653
6,13.946948,0.007281,10765.758195999999,13.774783,340.21184100000005,8394.322466999998,14.087618,0.012354999999999998,3309,19229.029422
6,13.946948,0.007281,10765.758195999999,13.774783,340.21184100000005,8409.824145999999,14.087618,0.012354999999999998,3309,19244.531275
6,13.946948,0.007281,10765.758195999999,13.774783,340.21184100000005,8429.134434999998,14.087618,0.012354999999999998,3309,19263.841743
6,13.946948,0.007281,10765.758195999999,13.774783,340.21184100000005,8456.005010999997,14.087618,0.012354999999999998,3309,19290.712548
6,13.946948,0.007281,10765.758195999999,13.774783,340.21184100000005,8500.073438999998,14.087618,0.012354999999999998,3309,19334.781296
6,13.946948,0.007281,10765.758195999999,13.774783,340.21184100000005,8555.180045999998,14.087618,0.012354999999999998,3309,19389.956938
6,13.946948,0.007281,10765.758195999999,13.774783,395.31867600000004,8555.180045999998,14.087618,0.012354999999999998,3309,19389.957166
6,13.946948,0.007281,10765.758195999999,13.774783,395.31867600000004,8555.180045999998,14.087618,0.012354999999999998,3308,19389.957189
6,13.946948,0.007281,10824.102171999999,13.774783,395.31867600000004,8555.180045999998,14.087618,0.012354999999999998,3308,19448.301178
6,13.946948,0.007281,10824.102171999999,13.774783,395.31867600000004,8555.180045999998,14.087618,0.012354999999999998,3312,19448.301557
7,13.946948,0.007281,10882.784176,13.774783,395.31867600000004,8555.180045999998,14.087618,0.012354999999999998,3312,19506.98372
7,13.946948,0.007281,10882.784176,13.774783,395.31867600000004,8555.180045999998,15.620473,0.012354999999999998,3312,19508.5168
7,13.946948,0.007281,10882.784176,13.774783,395.31867600000004,8555.180045999998,15.620473,0.012354999999999998,3303,19508.516904
7,13.946948,0.007281,10942.488706,13.774783,395.31867600000004,8555.180045999998,15.620473,0.012354999999999998,3303,19568.221661
7,13.946948,0.007281,10942.488706,13.774783,395.31867600000004,8555.180045999998,16.375207,0.012354999999999998,3303,19568.976707
7,13.946948,0.007281,10942.488706,13.774783,395.31867600000004,8555.180045999998,16.375207,0.012354999999999998,3296,19568.976786
7,13.946948,0.007281,11002.278755,13.774783,395.31867600000004,8555.180045999998,16.375207,0.012354999999999998,3296,19628.766956
7,13.946948,0.007281,11002.278755,13.774783,395.31867600000004,8555.180045999998,17.054137,0.012354999999999998,3296,19629.446074
7,13.946948,0.007281,11002.278755,13.774783,395.31867600000004,8555.180045999998,17.054137,0.012354999999999998,3288,19629.446176
7,13.946948,0.007281,11063.099565999999,13.774783,395.31867600000004,8555.180045999998,17.054137,0.012354999999999998,3288,19690.267197
7,13.946948,0.007281,11063.099565999999,13.774783,395.31867600000004,8555.180045999998,20.642874,0.012354999999999998,3288,19693.856256
7,13.946948,0.007281,11063.099565999999,13.774783,395.31867600000004,8555.180045999998,20.642874,0.012354999999999998,3284,19693.856362
7,13.946948,0.007281,11277.943044999998,13.774783,395.31867600000004,8555.180045999998,20.642874,0.012354999999999998,3284,19908.700051
7,13.946948,0.007281,11277.943044999998,13.774783,395.31867600000004,8555.180045999998,22.476688,0.012354999999999998,3284,19910.534198
7,13.946948,0.007281,11277.943044999998,13.774783,395.31867600000004,8555.180045999998,22.476688,0.012354999999999998,3280,19910.534308
7,13.946948,0.007281,11338.875741999998,13.774783,395.31867600000004,8555.180045999998,22.476688,0.012354999999999998,3280,19971.46723
7,13.946948,0.007281,11338.875741999998,13.774783,395.31867600000004,8555.180045999998,22.973111,0.012354999999999998,3280,19971.963983
7,13.946948,0.007281,11338.875741999998,13.774783,395.31867600000004,8555.180045999998,22.973111,0.012354999999999998,3270,19971.964071
7,13.946948,0.007281,11550.658161999998,13.774783,395.31867600000004,8555.180045999998,22.973111,0.012354999999999998,3270,20183.746618
7,13.946948,0.007281,11550.658161999998,13.774783,395.31867600000004,8555.180045999998,25.564866,0.012354999999999998,3270,20186.338672
7,13.946948,0.007281,11550.658161999998,13.774783,395.31867600000004,8555.180045999998,25.564866,0.012354999999999998,3265,20186.338758
7,13.946948,0.007281,11616.366707999998,13.774783,395.31867600000004,8555.180045999998,25.564866,0.012354999999999998,3265,20252.047429
7,13.946948,0.007281,11616.366707999998,13.774783,395.31867600000004,8555.180045999998,25.564866,0.012354999999999998,3266,20252.04776
8,13.946948,0.007281,11678.862757999997,13.774783,395.31867600000004,8555.180045999998,25.564866,0.012354999999999998,3266,20314.543957
8,13.946948,0.007281,11678.862757999997,13.774783,395.31867600000004,8555.180045999998,25.564866,0.017169999999999998,3266,20314.548995
8,13.946948,0.007281,11678.862757999997,13.774783,395.31867600000004,8555.180045999998,25.564866,0.017169999999999998,3622,20314.549039
9,13.946948,0.007281,11746.045485999997,13.774783,395.31867600000004,8555.180045999998,25.564866,0.017169999999999998,3622,20381.731845
9,13.946948,0.007281,11746.045485999997,13.774783,395.31867600000004,8555.180045999998,26.265371,0.017169999999999998,3622,20382.432538
9,13.946948,0.007281,11746.045485999997,13.774783,395.31867600000004,8555.180045999998,26.265371,0.017169999999999998,3617,20382.43262
9,13.946948,0.007281,11813.133081999997,13.774783,395.31867600000004,8555.180045999998,26.265371,0.017169999999999998,3617,20449.52034
9,13.946948,0.007281,11813.133081999997,19.719265999999998,395.31867600000004,8555.180045999998,26.265371,0.017169999999999998,3617,20455.464956
9,13.946948,0.007281,11813.133081999997,19.719265999999998,395.31867600000004,8558.651837999998,26.265371,0.017169999999999998,3617,20458.941625
9,13.946948,0.007281,11813.133081999997,19.719265999999998,395.31867600000004,8562.423508999998,26.265371,0.017169999999999998,3617,20462.713415
9,13.946948,0.007281,11813.133081999997,19.719265999999998,395.31867600000004,8566.140054999998,26.265371,0.017169999999999998,3617,20466.43005
9,13.946948,0.007281,11813.133081999997,19.719265999999998,395.31867600000004,8569.768284999998,26.265371,0.017169999999999998,3617,20470.058409
9,13.946948,0.007281,11813.133081999997,19.719265999999998,395.31867600000004,8573.874578999998,26.265371,0.017169999999999998,3617,20474.164836
9,13.946948,0.007281,11813.133081999997,19.719265999999998,395.31867600000004,8578.419387999998,26.265371,0.017169999999999998,3617,20478.709777
9,13.946948,0.007281,11813.133081999997,19.719265999999998,395.31867600000004,8721.272974999998,26.265371,0.017169999999999998,3617,20621.563502
9,13.946948,0.007281,11813.133081999997,19.719265999999998,395.31867600000004,8740.501396999998,26.265371,0.017169999999999998,3617,20640.792099
9,13.946948,0.007281,11813.133081999997,19.719265999999998,395.31867600000004,8765.925207999999,26.265371,0.017169999999999998,3617,20666.216036
9,13.946948,0.007281,11813.133081999997,19.719265999999998,395.31867600000004,8785.515086,26.265371,0.017169999999999998,3617,20685.815513
9,13.946948,0.007281,11813.133081999997,19.719265999999998,395.31867600000004,8822.893761,26.265371,0.017169999999999998,3617,20723.194532
9,13.946948,0.007281,11813.133081999997,19.719265999999998,395.31867600000004,8822.954286,26.265371,0.017169999999999998,3617,20723.255504
9,13.946948,0.007281,11813.133081999997,19.719265999999998,395.31867600000004,8876.872962,26.265371,0.017169999999999998,3617,20777.174809
9,13.946948,0.007281,11813.133081999997,19.719265999999998,395.31867600000004,8876.930342,26.265371,0.017169999999999998,3617,20777.232455
9,13.946948,0.007281,11813.133081999997,19.719265999999998,395.31867600000004,8876.988382,26.265371,0.017169999999999998,3617,20777.29092
9,13.946948,0.007281,11813.133081999997,19.719265999999998,395.31867600000004,8877.045146,26.265371,0.017169999999999998,3617,20777.348003
9,13.946948,0.007281,11813.133081999997,19.719265999999998,395.31867600000004,8877.099268,26.265371,0.017169999999999998,3617,20777.402408
9,13.946948,0.007281,11813.133081999997,19.719265999999998,395.31867600000004,8877.151383,26.265371,0.017169999999999998,3617,20777.454724
9,13.946948,0.007281,11813.133081999997,19.719265999999998,395.31867600000004,8877.202541,26.265371,0.017169999999999998,3617,20777.506042
9,13.946948,0.007281,11813.133081999997,19.719265999999998,395.31867600000004,8877.252234000001,26.265371,0.017169999999999998,3617,20777.555885
9,13.946948,0.007281,11813.133081999997,19.719265999999998,395.31867600000004,8877.301139000001,26.265371,0.017169999999999998,3617,20777.604918
9,13.946948,0.007281,11813.133081999997,19.719265999999998,395.31867600000004,8931.766249,26.265371,0.017169999999999998,3617,20832.070133
9,13.946948,0.007281,11813.133081999997,19.719265999999998,395.31867600000004,8931.818868,26.265371,0.017169999999999998,3617,20832.122887
9,13.946948,0.007281,11813.133081999997,19.719265999999998,395.31867600000004,8931.870001000001,26.265371,0.017169999999999998,3617,20832.174148
9,13.946948,0.007281,11813.133081999997,19.719265999999998,395.31867600000004,8988.360200000001,26.265371,0.017169999999999998,3617,20888.664467
9,13.946948,0.007281,11813.133081999997,19.719265999999998,395.31867600000004,8988.415641000001,26.265371,0.017169999999999998,3617,20888.720034
9,13.946948,0.007281,11813.133081999997,19.719265999999998,395.31867600000004,8988.465653000001,26.265371,0.017169999999999998,3617,20888.770165
9,13.946948,0.007281,11813.133081999997,19.719265999999998,395.31867600000004,9044.449924,26.265371,0.017169999999999998,3617,20944.754568
9,13.946948,0.007281,11813.133081999997,19.719265999999998,395.31867600000004,9044.497975,26.265371,0.017169999999999998,3617,20944.802711
9,13.946948,0.007281,11813.133081999997,19.719265999999998,395.31867600000004,9044.546025,26.265371,0.017169999999999998,3617,20944.850848
9,13.946948,0.007281,11813.133081999997,19.719265999999998,395.31867600000004,9098.729626,26.265371,0.017169999999999998,3617,20999.034532
9,13.946948,0.007281,11813.133081999997,19.719265999999998,395.31867600000004,9098.776199,26.265371,0.017169999999999998,3617,20999.08119
9,13.946948,0.007281,11813.133081999997,19.719265999999998,395.31867600000004,9098.82409,26.265371,0.017169999999999998,3617,20999.129179
9,13.946948,0.007281,11813.133081999997,19.719265999999998,395.31867600000004,9155.084314,26.265371,0.017169999999999998,3617,21061.206518
9,13.946948,0.007281,11813.133081999997,19.719265999999998,395.31867600000004,9210.079179,26.265371,0.017169999999999998,3617,21116.201505
9,13.946948,0.007281,11813.133081999997,19.719265999999998,395.31867600000004,9263.238974,26.265371,0.017169999999999998,3617,21169.361423
9,13.946948,0.007281,11813.133081999997,19.719265999999998,395.31867600000004,9317.696926,26.265371,0.017169999999999998,3617,21223.819502
9,13.946948,0.007281,11813.133081999997,19.719265999999998,395.31867600000004,9376.06989,26.265371,0.017169999999999998,3617,21282.192617
9,13.946948,0.007281,11813.133081999997,19.719265999999998,395.31867600000004,9434.809858,26.265371,0.017169999999999998,3617,21340.932739
9,13.946948,0.007281,11813.133081999997,19.719265999999998,395.31867600000004,9495.567385,26.265371,0.017169999999999998,3617,21401.690388
9,13.946948,0.007281,11813.133081999997,19.719265999999998,395.31867600000004,9556.177615,26.265371,0.017169999999999998,3617,21462.300798
9,13.946948,0.007281,11813.133081999997,19.719265999999998,395.31867600000004,9621.159887,26.265371,0.017169999999999998,3617,21527.283225
9,13.946948,0.007281,11813.133081999997,19.719265999999998,395.31867600000004,9686.046145,26.265371,0.017169999999999998,3617,21592.16959
9,13.946948,0.007281,11813.133081999997,19.719265999999998,460.205328,9686.046145,26.265371,0.017169999999999998,3617,21592.169984
9,13.946948,0.007281,11813.133081999997,19.719265999999998,460.205328,9686.046145,26.265371,0.017169999999999998,3616,21592.170094
9,13.946948,0.007281,11881.623283999998,19.719265999999998,460.205328,9686.046145,26.265371,0.017169999999999998,3616,21660.660331
9,13.946948,0.007281,11881.623283999998,19.719265999999998,460.205328,9686.046145,26.265371,0.017169999999999998,3619,21660.660728
10,13.946948,0.007281,11950.322332999998,19.719265999999998,460.205328,9686.046145,26.265371,0.017169999999999998,3619,21729.35994
10,13.946948,0.007281,11950.322332999998,19.719265999999998,460.205328,9686.046145,27.060806999999997,0.017169999999999998,3619,21730.155582
10,13.946948,0.007281,11950.322332999998,19.719265999999998,460.205328,9686.046145,27.060806999999997,0.017169999999999998,3610,21730.155666
10,13.946948,0.007281,12020.339936999999,19.719265999999998,460.205328,9686.046145,27.060806999999997,0.017169999999999998,3610,21800.173402
10,13.946948,0.007281,12020.339936999999,19.719265999999998,460.205328,9686.046145,27.060806999999997,0.022463999999999998,3610,21800.179051
10,13.946948,0.007281,12020.339936999999,19.719265999999998,460.205328,9686.046145,27.060806999999997,0.022463999999999998,3837,21800.179116
11,13.946948,0.007281,12099.082022999999,19.719265999999998,460.205328,9686.046145,27.060806999999997,0.022463999999999998,3837,21878.921352
11,13.946948,0.007281,12099.082022999999,19.719265999999998,460.205328,9686.046145,28.350483999999998,0.022463999999999998,3837,21880.211349
11,13.946948,0.007281,12099.082022999999,19.719265999999998,460.205328,9686.046145,28.350483999999998,0.022463999999999998,3827,21880.211437
11,13.946948,0.007281,12173.346825999999,19.719265999999998,460.205328,9686.046145,28.350483999999998,0.022463999999999998,3827,21954.47637
11,13.946948,0.007281,12173.346825999999,19.719265999999998,460.205328,9686.046145,28.987067999999997,0.022463999999999998,3827,21955.113299
11,13.946948,0.007281,12173.346825999999,19.719265999999998,460.205328,9686.046145,28.987067999999997,0.022463999999999998,3813,21955.113406
11,13.946948,0.007281,12243.133538999999,19.719265999999998,460.205328,9686.046145,28.987067999999997,0.022463999999999998,3813,22024.900334
11,13.946948,0.007281,12243.133538999999,19.719265999999998,460.205328,9686.046145,30.949659999999998,0.022463999999999998,3813,22026.863143
11,13.946948,0.007281,12243.133538999999,19.719265999999998,460.205328,9686.046145,30.949659999999998,0.022463999999999998,3798,22026.863261
11,13.946948,0.007281,12321.497296999998,19.719265999999998,460.205328,9686.046145,30.949659999999998,0.022463999999999998,3798,22105.227239
11,13.946948,0.007281,12321.497296999998,19.719265999999998,460.205328,9686.046145,31.585800999999996,0.022463999999999998,3798,22105.863691
11,13.946948,0.007281,12321.497296999998,19.719265999999998,460.205328,9686.046145,31.585800999999996,0.022463999999999998,3791,22105.863798
11,13.946948,0.007281,12389.065140999997,19.719265999999998,460.205328,9686.046145,31.585800999999996,0.022463999999999998,3791,22173.431858
11,13.946948,0.007281,12389.065140999997,25.926002999999998,460.205328,9686.046145,31.585800999999996,0.022463999999999998,3791,22179.638739
11,13.946948,0.007281,12389.065140999997,25.926002999999998,460.205328,9689.320305000001,31.585800999999996,0.022463999999999998,3791,22182.920642
11,13.946948,0.007281,12389.065140999997,25.926002999999998,460.205328,9692.779891000002,31.585800999999996,0.022463999999999998,3791,22186.380346
11,13.946948,0.007281,12389.065140999997,25.926002999999998,460.205328,9696.329660000001,31.585800999999996,0.022463999999999998,3791,22189.930194
11,13.946948,0.007281,12389.065140999997,25.926002999999998,460.205328,9699.951990000001,31.585800999999996,0.022463999999999998,3791,22194.339915
11,13.946948,0.007281,12389.065140999997,25.926002999999998,460.205328,9703.791619000001,31.585800999999996,0.022463999999999998,3791,22198.179669
11,13.946948,0.007281,12389.065140999997,25.926002999999998,460.205328,9708.500072,31.585800999999996,0.022463999999999998,3791,22202.888252
11,13.946948,0.007281,12389.065140999997,25.926002999999998,460.205328,9708.505236,31.585800999999996,0.022463999999999998,3791,22202.89354
11,13.946948,0.007281,12389.065140999997,25.926002999999998,460.205328,9708.509857000001,31.585800999999996,0.022463999999999998,3791,22202.898282
11,13.946948,0.007281,12389.065140999997,25.926002999999998,460.205328,9708.514399000002,31.585800999999996,0.022463999999999998,3791,22202.902931
11,13.946948,0.007281,12389.065140999997,25.926002999999998,460.205328,9713.568328000001,31.585800999999996,0.022463999999999998,3791,22207.956962
11,13.946948,0.007281,12389.065140999997,25.926002999999998,460.205328,9713.572918000002,31.585800999999996,0.022463999999999998,3791,22207.96167
11,13.946948,0.007281,12389.065140999997,25.926002999999998,460.205328,9713.577511000001,31.585800999999996,0.022463999999999998,3791,22207.966373
11,13.946948,0.007281,12389.065140999997,25.926002999999998,460.205328,9718.513984000001,31.585800999999996,0.022463999999999998,3791,22212.902945
11,13.946948,0.007281,12389.065140999997,25.926002999999998,460.205328,9718.519379000001,31.585800999999996,0.022463999999999998,3791,22212.993715
11,13.946948,0.007281,12389.065140999997,25.926002999999998,460.205328,9718.523766000002,31.585800999999996,0.022463999999999998,3791,22212.99823
11,13.946948,0.007281,12389.065140999997,25.926002999999998,460.205328,9723.502029000003,31.585800999999996,0.022463999999999998,3791,22217.976606
11,13.946948,0.007281,12389.065140999997,25.926002999999998,460.205328,9723.506612000003,31.585800999999996,0.022463999999999998,3791,22217.981303
11,13.946948,0.007281,12389.065140999997,25.926002999999998,460.205328,9723.511109000003,31.585800999999996,0.022463999999999998,3791,22217.98591
11,13.946948,0.007281,12389.065140999997,25.926002999999998,460.205328,9723.515706000002,31.585800999999996,0.022463999999999998,3791,22217.990607
11,13.946948,0.007281,12389.065140999997,25.926002999999998,460.205328,9728.395990000003,31.585800999999996,0.022463999999999998,3791,22229.165264
11,13.946948,0.007281,12389.065140999997,25.926002999999998,460.205328,9859.577885000002,31.585800999999996,0.022463999999999998,3791,22360.347278
11,13.946948,0.007281,12389.065140999997,25.926002999999998,460.205328,9990.662124000002,31.585800999999996,0.022463999999999998,3791,22491.431662
11,13.946948,0.007281,12389.065140999997,25.926002999999998,460.205328,10122.888290000003,31.585800999999996,0.022463999999999998,3791,22623.657979
11,13.946948,0.007281,12389.065140999997,25.926002999999998,460.205328,10128.963149000003,31.585800999999996,0.022463999999999998,3791,22629.732938
11,13.946948,0.007281,12389.065140999997,25.926002999999998,460.205328,10135.799459000003,31.585800999999996,0.022463999999999998,3791,22636.569382
11,13.946948,0.007281,12389.065140999997,25.926002999999998,460.205328,10143.799965000004,31.585800999999996,0.022463999999999998,3791,22644.570026
11,13.946948,0.007281,12389.065140999997,25.926002999999998,460.205328,10162.465297000004,31.585800999999996,0.022463999999999998,3791,22663.235462
11,13.946948,0.007281,12389.065140999997,25.926002999999998,460.205328,10186.252938000005,31.585800999999996,0.022463999999999998,3791,22687.023291
11,13.946948,0.007281,12389.065140999997,25.926002999999998,460.205328,10218.283387000005,31.585800999999996,0.022463999999999998,3791,22719.053976
11,13.946948,0.007281,12389.065140999997,25.926002999999998,460.205328,10385.672242000004,31.585800999999996,0.022463999999999998,3791,22886.443183
11,13.946948,0.007281,12389.065140999997,25.926002999999998,460.205328,10579.681315000003,31.585800999999996,0.022463999999999998,3791,23080.4528
11,13.946948,0.007281,12389.065140999997,25.926002999999998,654.214824,10579.681315000003,31.585800999999996,0.022463999999999998,3791,23080.453223
11,13.946948,0.007281,12389.065140999997,25.926002999999998,654.214824,10579.681315000003,31.585800999999996,0.022463999999999998,3790,23080.453265
11,13.946948,0.007281,12611.323929999997,25.926002999999998,654.214824,10579.681315000003,31.585800999999996,0.022463999999999998,3790,23302.712086
11,13.946948,0.007281,12611.323929999997,25.926002999999998,654.214824,10579.681315000003,34.783277,0.022463999999999998,3790,23305.909899
11,13.946948,0.007281,12611.323929999997,25.926002999999998,654.214824,10579.681315000003,34.783277,0.022463999999999998,3783,23305.909984
11,13.946948,0.007281,12695.019983999997,25.926002999999998,654.214824,10579.681315000003,34.783277,0.022463999999999998,3783,23389.606188
11,13.946948,0.007281,12695.019983999997,25.926002999999998,654.214824,10579.681315000003,34.783277,0.022463999999999998,3784,23389.606538
12,13.946948,0.007281,12779.304409999997,25.926002999999998,654.214824,10579.681315000003,34.783277,0.022463999999999998,3784,23473.89112
12,13.946948,0.007281,12779.304409999997,25.926002999999998,654.214824,10579.681315000003,37.357699,0.022463999999999998,3784,23476.465869
12,13.946948,0.007281,12779.304409999997,25.926002999999998,654.214824,10579.681315000003,37.357699,0.022463999999999998,3733,23476.465986
12,13.946948,0.007281,12850.297166999997,25.926002999999998,654.214824,10579.681315000003,37.357699,0.022463999999999998,3733,23547.458971
12,13.946948,0.007281,12850.297166999997,94.39998999999999,654.214824,10579.681315000003,37.357699,0.022463999999999998,3733,23615.933127
12,13.946948,0.007281,12850.297166999997,94.39998999999999,654.214824,10582.986351000003,37.357699,0.022463999999999998,3733,23619.245598
12,13.946948,0.007281,12850.297166999997,94.39998999999999,654.214824,10586.289076000003,37.357699,0.022463999999999998,3733,23622.5484
12,13.946948,0.007281,12850.297166999997,94.39998999999999,654.214824,10589.743506000003,37.357699,0.022463999999999998,3733,23626.00295
12,13.946948,0.007281,12850.297166999997,94.39998999999999,654.214824,10593.310967000003,37.357699,0.022463999999999998,3733,23629.570491
12,13.946948,0.007281,12850.297166999997,94.39998999999999,654.214824,10597.349189000002,37.357699,0.022463999999999998,3733,23633.608832
12,13.946948,0.007281,12850.297166999997,94.39998999999999,654.214824,10601.993580000002,37.357699,0.022463999999999998,3733,23638.253325
12,13.946948,0.007281,12850.297166999997,94.39998999999999,654.214824,10602.819050000002,37.357699,0.022463999999999998,3733,23639.078889
12,13.946948,0.007281,12850.297166999997,94.39998999999999,654.214824,10602.824021000002,37.357699,0.022463999999999998,3733,23639.084023
12,13.946948,0.007281,12850.297166999997,94.39998999999999,654.214824,10607.358936000002,37.357699,0.022463999999999998,3733,23643.619058
12,13.946948,0.007281,12850.297166999997,94.39998999999999,654.214824,10607.364050000002,37.357699,0.022463999999999998,3733,23643.624294
12,13.946948,0.007281,12850.297166999997,94.39998999999999,654.214824,10607.368745000002,37.357699,0.022463999999999998,3733,23643.629106
12,13.946948,0.007281,12850.297166999997,94.39998999999999,654.214824,10612.192781000002,37.357699,0.022463999999999998,3733,23648.453255
12,13.946948,0.007281,12850.297166999997,94.39998999999999,654.214824,10612.197045,37.357699,0.022463999999999998,3733,23648.457603
12,13.946948,0.007281,12850.297166999997,94.39998999999999,654.214824,10612.201061000002,37.357699,0.022463999999999998,3733,23648.461702
12,13.946948,0.007281,12850.297166999997,94.39998999999999,654.214824,10617.065728000001,37.357699,0.022463999999999998,3733,23653.326441
12,13.946948,0.007281,12850.297166999997,94.39998999999999,654.214824,10617.070066000002,37.357699,0.022463999999999998,3733,23653.330864
12,13.946948,0.007281,12850.297166999997,94.39998999999999,654.214824,10617.075075000002,37.357699,0.022463999999999998,3733,23653.33599
12,13.946948,0.007281,12850.297166999997,94.39998999999999,654.214824,10617.081620000003,37.357699,0.022463999999999998,3733,23653.342697
12,13.946948,0.007281,12850.297166999997,94.39998999999999,654.214824,10617.086239000002,37.357699,0.022463999999999998,3733,23653.347407
12,13.946948,0.007281,12850.297166999997,94.39998999999999,654.214824,10622.294934000001,37.357699,0.022463999999999998,3733,23726.420824
12,13.946948,0.007281,12850.297166999997,94.39998999999999,654.214824,10627.392712,37.357699,0.022463999999999998,3733,23731.518716
12,13.946948,0.007281,12850.297166999997,94.39998999999999,654.214824,10632.684407,37.357699,0.022463999999999998,3733,23736.833983
12,13.946948,0.007281,12850.297166999997,94.39998999999999,654.214824,10638.168211,37.357699,0.022463999999999998,3733,23742.31794
12,13.946948,0.007281,12850.297166999997,94.39998999999999,654.214824,10643.872336,37.357699,0.022463999999999998,3733,23748.022253
12,13.946948,0.007281,12850.297166999997,94.39998999999999,654.214824,10650.639634000001,37.357699,0.022463999999999998,3733,23754.789678
12,13.946948,0.007281,12850.297166999997,94.39998999999999,654.214824,10658.65716,37.357699,0.022463999999999998,3733,23762.807338
12,13.946948,0.007281,12850.297166999997,94.39998999999999,654.214824,10669.317649,37.357699,0.022463999999999998,3733,23773.467992
12,13.946948,0.007281,12850.297166999997,94.39998999999999,654.214824,10683.551664,37.357699,0.022463999999999998,3733,23787.70213
12,13.946948,0.007281,12850.297166999997,94.39998999999999,654.214824,10707.238674,37.357699,0.022463999999999998,3733,23811.389385
12,13.946948,0.007281,12850.297166999997,94.39998999999999,654.214824,10734.230128000001,37.357699,0.022463999999999998,3733,23838.381055
12,13.946948,0.007281,12850.297166999997,94.39998999999999,654.214824,10734.252742,37.357699,0.022463999999999998,3733,23838.404095
12,13.946948,0.007281,12850.297166999997,94.39998999999999,654.214824,10734.272469000001,37.357699,0.022463999999999998,3733,23838.424121
12,13.946948,0.007281,12850.297166999997,94.39998999999999,654.214824,10734.290909000001,37.357699,0.022463999999999998,3733,23838.442744
12,13.946948,0.007281,12850.297166999997,94.39998999999999,654.214824,10734.308348,37.357699,0.022463999999999998,3733,23838.460341
12,13.946948,0.007281,12850.297166999997,94.39998999999999,654.214824,10758.999883,37.357699,0.022463999999999998,3733,23863.152012
12,13.946948,0.007281,12850.297166999997,94.39998999999999,654.214824,10759.018046000001,37.357699,0.022463999999999998,3733,23863.170324
12,13.946948,0.007281,12850.297166999997,94.39998999999999,654.214824,10759.035803,37.357699,0.022463999999999998,3733,23863.188238
12,13.946948,0.007281,12850.297166999997,94.39998999999999,654.214824,10759.053174,37.357699,0.022463999999999998,3733,23863.205736
12,13.946948,0.007281,12850.297166999997,94.39998999999999,654.214824,10759.070876,37.357699,0.022463999999999998,3733,23863.223562
12,13.946948,0.007281,12850.297166999997,94.39998999999999,654.214824,10782.865329,37.357699,0.022463999999999998,3733,23887.018131
12,13.946948,0.007281,12850.297166999997,94.39998999999999,654.214824,10782.881967,37.357699,0.022463999999999998,3733,23887.034889
12,13.946948,0.007281,12850.297166999997,94.39998999999999,654.214824,10782.898854,37.357699,0.022463999999999998,3733,23887.051894
12,13.946948,0.007281,12850.297166999997,94.39998999999999,654.214824,10807.487663,37.357699,0.022463999999999998,3733,23911.640823
12,13.946948,0.007281,12850.297166999997,94.39998999999999,654.214824,10807.50568,37.357699,0.022463999999999998,3733,23911.658971
12,13.946948,0.007281,12850.297166999997,94.39998999999999,654.214824,10807.522656000001,37.357699,0.022463999999999998,3733,23911.676062
12,13.946948,0.007281,12850.297166999997,94.39998999999999,654.214824,10832.084797000001,37.357699,0.022463999999999998,3733,23936.238307
12,13.946948,0.007281,12850.297166999997,94.39998999999999,654.214824,10832.101952,37.357699,0.022463999999999998,3733,23936.255584
12,13.946948,0.007281,12850.297166999997,94.39998999999999,654.214824,10832.119791000001,37.357699,0.022463999999999998,3733,23936.27355
12,13.946948,0.007281,12850.297166999997,94.39998999999999,654.214824,10832.138321,37.357699,0.022463999999999998,3733,24004.783514
12,13.946948,0.007281,12850.297166999997,94.39998999999999,654.214824,10832.171595,37.357699,0.022463999999999998,3733,24075.142319
12,13.946948,0.007281,12850.297166999997,94.39998999999999,654.214824,10857.128282,37.357699,0.022463999999999998,3733,24170.899275
12,13.946948,0.007281,12850.297166999997,94.39998999999999,654.214824,10882.19994,37.357699,0.022463999999999998,3733,24195.971019
12,13.946948,0.007281,12850.297166999997,94.39998999999999,654.214824,10906.604442,37.357699,0.022463999999999998,3733,24220.375644
12,13.946948,0.007281,12850.297166999997,94.39998999999999,654.214824,10931.435823,37.357699,0.022463999999999998,3733,24245.207145
12,13.946948,0.007281,12850.297166999997,94.39998999999999,654.214824,10955.668662,37.357699,0.022463999999999998,3733,24269.440076
12,13.946948,0.007281,12850.297166999997,94.39998999999999,654.214824,10980.690735,37.357699,0.022463999999999998,3733,24294.462284
12,13.946948,0.007281,12850.297166999997,94.39998999999999,654.214824,11006.695784,37.357699,0.022463999999999998,3733,24320.467478
12,13.946948,0.007281,12850.297166999997,94.39998999999999,654.214824,11035.509422,37.357699,0.022463999999999998,3733,24349.281278
12,13.946948,0.007281,12850.297166999997,94.39998999999999,654.214824,11077.932880999999,37.357699,0.022463999999999998,3733,24391.704921
12,13.946948,0.007281,12850.297166999997,94.39998999999999,654.214824,11130.549066999998,37.357699,0.022463999999999998,3733,24444.3214
12,13.946948,0.007281,12850.297166999997,94.39998999999999,654.214824,11200.103807999998,37.357699,0.022463999999999998,3733,24513.876338
12,13.946948,0.007281,12850.297166999997,94.39998999999999,654.214824,11271.540174999998,37.357699,0.022463999999999998,3733,24585.312999
12,13.946948,0.007281,12850.297166999997,94.39998999999999,725.6515400000001,11271.540174999998,37.357699,0.022463999999999998,3733,24585.313348
12,13.946948,0.007281,12850.297166999997,94.39998999999999,725.6515400000001,11271.540174999998,37.357699,0.022463999999999998,3729,24585.313387
12,13.946948,0.007281,12926.850713999997,94.39998999999999,725.6515400000001,11271.540174999998,37.357699,0.022463999999999998,3729,24661.866965
12,13.946948,0.007281,12926.850713999997,94.39998999999999,725.6515400000001,11271.540174999998,37.357699,0.022463999999999998,3734,24661.86724
13,13.946948,0.007281,13006.331104999996,94.39998999999999,725.6515400000001,11271.540174999998,37.357699,0.022463999999999998,3734,24741.347725
13,13.946948,0.007281,13006.331104999996,94.39998999999999,725.6515400000001,11271.540174999998,38.972592,0.022463999999999998,3734,24742.96304
13,13.946948,0.007281,13006.331104999996,94.39998999999999,725.6515400000001,11271.540174999998,38.972592,0.022463999999999998,3708,24742.963165
13,13.946948,0.007281,13096.068988999996,94.39998999999999,725.6515400000001,11271.540174999998,38.972592,0.022463999999999998,3708,24832.701301
13,13.946948,0.007281,13096.068988999996,94.39998999999999,725.6515400000001,11271.540174999998,38.972592,0.026902,3708,24832.706152
13,13.946948,0.007281,13096.068988999996,94.39998999999999,725.6515400000001,11271.540174999998,38.972592,0.026902,3861,24832.70621
14,13.946948,0.007281,13183.395390999996,94.39998999999999,725.6515400000001,11271.540174999998,38.972592,0.026902,3861,24920.032757
14,13.946948,0.007281,13183.395390999996,94.39998999999999,725.6515400000001,11271.540174999998,43.280409999999996,0.026902,3861,24924.340969
14,13.946948,0.007281,13183.395390999996,94.39998999999999,725.6515400000001,11271.540174999998,43.280409999999996,0.026902,3822,24924.341047
14,13.946948,0.007281,13259.870780999996,94.39998999999999,725.6515400000001,11271.540174999998,43.280409999999996,0.026902,3822,25000.816589
14,13.946948,0.007281,13259.870780999996,94.39998999999999,725.6515400000001,11271.540174999998,43.280409999999996,0.028416,3822,25000.818364
14,13.946948,0.007281,13259.870780999996,94.39998999999999,725.6515400000001,11271.540174999998,43.280409999999996,0.028416,3918,25000.818407
15,13.946948,0.007281,13337.021530999997,94.39998999999999,725.6515400000001,11271.540174999998,43.280409999999996,0.028416,3918,25077.969242
15,13.946948,0.007281,13337.021530999997,94.39998999999999,725.6515400000001,11271.540174999998,45.509311999999994,0.028416,3918,25080.198934
15,13.946948,0.007281,13337.021530999997,94.39998999999999,725.6515400000001,11271.540174999998,45.509311999999994,0.028416,3900,25080.199036
15,13.946948,0.007281,13412.607041999996,94.39998999999999,725.6515400000001,11271.540174999998,45.509311999999994,0.028416,3900,25155.784698
15,13.946948,0.007281,13412.607041999996,94.39998999999999,725.6515400000001,11271.540174999998,45.509311999999994,0.028416,3902,25155.784923
16,13.946948,0.007281,13488.247483999996,94.39998999999999,725.6515400000001,11271.540174999998,45.509311999999994,0.028416,3902,25231.425451
16,13.946948,0.007281,13488.247483999996,94.39998999999999,725.6515400000001,11271.540174999998,46.344472999999994,0.028416,3902,25232.260954
16,13.946948,0.007281,13488.247483999996,94.39998999999999,725.6515400000001,11271.540174999998,46.344472999999994,0.028416,3895,25232.261065
16,13.946948,0.007281,13703.650364999996,94.39998999999999,725.6515400000001,11271.540174999998,46.344472999999994,0.028416,3895,25447.664173
16,13.946948,0.007281,13703.650364999996,94.39998999999999,725.6515400000001,11271.540174999998,46.344472999999994,0.02957,3895,25447.665591
16,13.946948,0.007281,13703.650364999996,94.39998999999999,725.6515400000001,11271.540174999998,46.344472999999994,0.02957,3962,25447.665623
17,13.946948,0.007281,13932.163674999996,94.39998999999999,725.6515400000001,11271.540174999998,46.344472999999994,0.02957,3962,25676.179014
17,13.946948,0.007281,13932.163674999996,94.39998999999999,725.6515400000001,11271.540174999998,49.43142099999999,0.02957,3962,25679.266372
17,13.946948,0.007281,13932.163674999996,94.39998999999999,725.6515400000001,11271.540174999998,49.43142099999999,0.02957,3941,25679.266477
17,13.946948,0.007281,14149.401373999995,94.39998999999999,725.6515400000001,11271.540174999998,49.43142099999999,0.02957,3941,25896.504444
17,13.946948,0.007281,14149.401373999995,301.069991,725.6515400000001,11271.540174999998,49.43142099999999,0.02957,3941,26103.174627
17,13.946948,0.007281,14149.401373999995,301.069991,725.6515400000001,11274.893284999998,49.43142099999999,0.02957,3941,26106.532047
17,13.946948,0.007281,14149.401373999995,301.069991,725.6515400000001,11278.258986999997,49.43142099999999,0.02957,3941,26109.917242
17,13.946948,0.007281,14149.401373999995,301.069991,725.6515400000001,11281.614247999998,49.43142099999999,0.02957,3941,26113.272621
17,13.946948,0.007281,14149.401373999995,301.069991,725.6515400000001,11285.152695999997,49.43142099999999,0.02957,3941,26116.811195
17,13.946948,0.007281,14149.401373999995,301.069991,725.6515400000001,11289.136459999998,49.43142099999999,0.02957,3941,26120.795082
17,13.946948,0.007281,14149.401373999995,301.069991,725.6515400000001,11293.773823999998,49.43142099999999,0.02957,3941,26125.432576
17,13.946948,0.007281,14149.401373999995,301.069991,725.6515400000001,11299.643977999998,49.43142099999999,0.02957,3941,26131.302867
17,13.946948,0.007281,14149.401373999995,301.069991,725.6515400000001,11307.617621999998,49.43142099999999,0.02957,3941,26139.276624
17,13.946948,0.007281,14149.401373999995,301.069991,725.6515400000001,11320.194885999997,49.43142099999999,0.02957,3941,26151.854073
17,13.946948,0.007281,14149.401373999995,301.069991,725.6515400000001,11342.716060999997,49.43142099999999,0.02957,3941,26174.375488
17,13.946948,0.007281,14149.401373999995,301.069991,725.6515400000001,11384.324646999998,49.43142099999999,0.02957,3941,26215.984421
17,13.946948,0.007281,14149.401373999995,301.069991,725.6515400000001,11387.763064999997,49.43142099999999,0.02957,3941,26219.423362
17,13.946948,0.007281,14149.401373999995,301.069991,725.6515400000001,11449.041114999998,49.43142099999999,0.02957,3941,26280.945848
17,13.946948,0.007281,14149.401373999995,301.069991,725.6515400000001,11449.165089999999,49.43142099999999,0.02957,3941,26281.070109
17,13.946948,0.007281,14149.401373999995,301.069991,725.6515400000001,11449.286329999999,49.43142099999999,0.02957,3941,26281.191638
17,13.946948,0.007281,14149.401373999995,301.069991,725.6515400000001,11658.708578,49.43142099999999,0.02957,3941,26490.614345
17,13.946948,0.007281,14149.401373999995,301.069991,725.6515400000001,11658.837254,49.43142099999999,0.02957,3941,26490.74328
17,13.946948,0.007281,14149.401373999995,301.069991,725.6515400000001,11658.964918,49.43142099999999,0.02957,3941,26490.871273
17,13.946948,0.007281,14149.401373999995,301.069991,725.6515400000001,11659.101211,49.43142099999999,0.02957,3941,26491.00788
17,13.946948,0.007281,14149.401373999995,301.069991,725.6515400000001,11864.792884999999,49.43142099999999,0.02957,3941,26696.699836
17,13.946948,0.007281,14149.401373999995,301.069991,725.6515400000001,11864.932341,49.43142099999999,0.02957,3941,26696.839506
17,13.946948,0.007281,14149.401373999995,301.069991,725.6515400000001,11865.051129,49.43142099999999,0.02957,3941,26696.958542
17,13.946948,0.007281,14149.401373999995,301.069991,725.6515400000001,11865.175984,49.43142099999999,0.02957,3941,26697.083619
17,13.946948,0.007281,14149.401373999995,301.069991,725.6515400000001,12064.641773,49.43142099999999,0.02957,3941,26896.549597
17,13.946948,0.007281,14149.401373999995,301.069991,725.6515400000001,12064.750934,49.43142099999999,0.02957,3941,26896.658884
17,13.946948,0.007281,14149.401373999995,301.069991,725.6515400000001,12064.860945999999,49.43142099999999,0.02957,3941,26896.769007
17,13.946948,0.007281,14149.401373999995,301.069991,725.6515400000001,12064.975309,49.43142099999999,0.02957,3941,26896.88346
17,13.946948,0.007281,14149.401373999995,301.069991,725.6515400000001,12259.342561,49.43142099999999,0.02957,3941,27091.250845
17,13.946948,0.007281,14149.401373999995,301.069991,725.6515400000001,12259.462846,49.43142099999999,0.02957,3941,27091.371274
17,13.946948,0.007281,14149.401373999995,301.069991,725.6515400000001,12259.58407,49.43142099999999,0.02957,3941,27091.492652
17,13.946948,0.007281,14149.401373999995,301.069991,725.6515400000001,12259.70498,49.43142099999999,0.02957,3941,27091.613707
17,13.946948,0.007281,14149.401373999995,301.069991,725.6515400000001,12452.413944,49.43142099999999,0.02957,3941,27284.322823
17,13.946948,0.007281,14149.401373999995,301.069991,725.6515400000001,12452.530464,49.43142099999999,0.02957,3941,27284.439471
17,13.946948,0.007281,14149.401373999995,301.069991,725.6515400000001,12452.647312,49.43142099999999,0.02957,3941,27284.556466
17,13.946948,0.007281,14149.401373999995,301.069991,725.6515400000001,12646.993117999999,49.43142099999999,0.02957,3941,27478.902369
17,13.946948,0.007281,14149.401373999995,301.069991,725.6515400000001,12647.108558999998,49.43142099999999,0.02957,3941,27479.017949
17,13.946948,0.007281,14149.401373999995,301.069991,725.6515400000001,12647.224200999999,49.43142099999999,0.02957,3941,27479.133693
17,13.946948,0.007281,14149.401373999995,301.069991,725.6515400000001,12839.103927999999,49.43142099999999,0.02957,3941,27867.274246
17,13.946948,0.007281,14149.401373999995,301.069991,725.6515400000001,13029.268988999998,49.43142099999999,0.02957,3941,28057.439407
17,13.946948,0.007281,14149.401373999995,301.069991,725.6515400000001,13221.031905999998,49.43142099999999,0.02957,3941,28249.202431
17,13.946948,0.007281,14149.401373999995,301.069991,725.6515400000001,13411.757636999999,49.43142099999999,0.02957,3941,28439.928299
17,13.946948,0.007281,14149.401373999995,301.069991,725.6515400000001,13605.396193999999,49.43142099999999,0.02957,3941,28633.567007
17,13.946948,0.007281,14149.401373999995,301.069991,725.6515400000001,13798.363938999999,49.43142099999999,0.02957,3941,28826.534912
17,13.946948,0.007281,14149.401373999995,301.069991,725.6515400000001,13990.928245,49.43142099999999,0.02957,3941,29019.09939
17,13.946948,0.007281,14149.401373999995,301.069991,725.6515400000001,14186.215160999998,49.43142099999999,0.02957,3941,29214.386472
17,13.946948,0.007281,14149.401373999995,301.069991,920.9389000000001,14186.215160999998,49.43142099999999,0.02957,3941,29214.386916
17,13.946948,0.007281,14149.401373999995,301.069991,920.9389000000001,14186.215160999998,49.43142099999999,0.02957,3940,29214.386952
17,13.946948,0.007281,14345.273575999996,301.069991,920.9389000000001,14186.215160999998,49.43142099999999,0.02957,3940,29410.259185
17,13.946948,0.007281,14345.273575999996,301.069991,920.9389000000001,14186.215160999998,52.56085699999999,0.02957,3940,29413.388867
17,13.946948,0.007281,14345.273575999996,301.069991,920.9389000000001,14186.215160999998,52.56085699999999,0.02957,3882,29413.388956
17,13.946948,0.007281,14533.587291999997,301.069991,920.9389000000001,14186.215160999998,52.56085699999999,0.02957,3882,29601.702824
17,13.946948,0.007281,14533.587291999997,301.069991,920.9389000000001,14186.215160999998,52.56085699999999,0.032186,3882,29601.70584
17,13.946948,0.007281,14533.587291999997,301.069991,920.9389000000001,14186.215160999998,52.56085699999999,0.032186,3950,29601.705885
18,13.946948,0.007281,14722.200385999997,301.069991,920.9389000000001,14186.215160999998,52.56085699999999,0.032186,3950,29790.319111
18,13.946948,0.007281,14722.200385999997,301.069991,920.9389000000001,14186.215160999998,55.204601999999994,0.032186,3950,29792.963097
18,13.946948,0.007281,14722.200385999997,301.069991,920.9389000000001,14186.215160999998,55.204601999999994,0.032186,3946,29792.96318
18,13.946948,0.007281,14911.285265999997,301.069991,920.9389000000001,14186.215160999998,55.204601999999994,0.032186,3946,29982.048228
18,13.946948,0.007281,14911.285265999997,301.069991,920.9389000000001,14186.215160999998,57.875519999999995,0.032186,3946,29984.719556
18,13.946948,0.007281,14911.285265999997,301.069991,920.9389000000001,14186.215160999998,57.875519999999995,0.032186,3942,29984.719663
18,13.946948,0.007281,15103.540685999997,301.069991,920.9389000000001,14186.215160999998,57.875519999999995,0.032186,3942,30176.975352
18,13.946948,0.007281,15103.540685999997,301.069991,920.9389000000001,14186.215160999998,57.875519999999995,0.033072,3942,30176.976505
18,13.946948,0.007281,15103.540685999997,301.069991,920.9389000000001,14186.215160999998,57.875519999999995,0.033072,3994,30176.97654
19,13.946948,0.007281,15296.178010999996,301.069991,920.9389000000001,14186.215160999998,57.875519999999995,0.033072,3994,30369.613945
19,13.946948,0.007281,15296.178010999996,301.069991,920.9389000000001,14186.215160999998,60.145405,0.033072,3994,30371.884206
19,13.946948,0.007281,15296.178010999996,301.069991,920.9389000000001,14186.215160999998,60.145405,0.033072,3986,30371.884303
19,13.946948,0.007281,15367.770880999997,301.069991,920.9389000000001,14186.215160999998,60.145405,0.033072,3986,30443.477322
19,13.946948,0.007281,15367.770880999997,301.069991,920.9389000000001,14186.215160999998,61.184605999999995,0.033072,3986,30444.516748
19,13.946948,0.007281,15367.770880999997,301.069991,920.9389000000001,14186.215160999998,61.184605999999995,0.033072,3977,30444.516818
19,13.946948,0.007281,15438.483144999997,301.069991,920.9389000000001,14186.215160999998,61.184605999999995,0.033072,3977,30515.229224
19,13.946948,0.007281,15438.483144999997,301.069991,920.9389000000001,14186.215160999998,62.241142999999994,0.033072,3977,30516.285983
19,13.946948,0.007281,15438.483144999997,301.069991,920.9389000000001,14186.215160999998,62.241142999999994,0.033072,3972,30516.286084
19,13.946948,0.007281,15508.903387999997,301.069991,920.9389000000001,14186.215160999998,62.241142999999994,0.033072,3972,30586.706569
19,13.946948,0.007281,15508.903387999997,301.069991,920.9389000000001,14186.215160999998,63.28535899999999,0.033072,3972,30587.751012
19,13.946948,0.007281,15508.903387999997,301.069991,920.9389000000001,14186.215160999998,63.28535899999999,0.033072,3970,30587.751112
19,13.946948,0.007281,15579.552013999997,301.069991,920.9389000000001,14186.215160999998,63.28535899999999,0.033072,3970,30658.399987
19,13.946948,0.007281,15579.552013999997,301.069991,920.9389000000001,14186.215160999998,64.336715,0.033072,3970,30659.451711
19,13.946948,0.007281,15579.552013999997,301.069991,920.9389000000001,14186.215160999998,64.336715,0.033072,3965,30659.451864
19,13.946948,0.007281,15650.370875999997,301.069991,920.9389000000001,14186.215160999998,64.336715,0.033072,3965,30730.270867
19,13.946948,0.007281,15650.370875999997,301.069991,920.9389000000001,14186.215160999998,65.389386,0.033072,3965,30731.323771
19,13.946948,0.007281,15650.370875999997,301.069991,920.9389000000001,14186.215160999998,65.389386,0.033072,3961,30731.323847
19,13.946948,0.007281,15721.601377999998,301.069991,920.9389000000001,14186.215160999998,65.389386,0.033072,3961,30802.554489
19,13.946948,0.007281,15721.601377999998,301.069991,920.9389000000001,14186.215160999998,66.44302400000001,0.033072,3961,30803.608351
19,13.946948,0.007281,15721.601377999998,301.069991,920.9389000000001,14186.215160999998,66.44302400000001,0.033072,3959,30803.60842
19,13.946948,0.007281,15792.623505999998,301.069991,920.9389000000001,14186.215160999998,66.44302400000001,0.033072,3959,30874.630683
19,13.946948,0.007281,15792.623505999998,301.069991,920.9389000000001,14186.215160999998,67.49319700000001,0.033072,3959,30875.68108
19,13.946948,0.007281,15792.623505999998,301.069991,920.9389000000001,14186.215160999998,67.49319700000001,0.033072,3958,30875.681202
19,13.946948,0.007281,15863.630188999998,301.069991,920.9389000000001,14186.215160999998,67.49319700000001,0.033072,3958,30946.688124
19,13.946948,0.007281,15863.630188999998,301.069991,920.9389000000001,14186.215160999998,68.54797,0.033072,3958,30947.743139
19,13.946948,0.007281,15863.630188999998,301.069991,920.9389000000001,14186.215160999998,68.54797,0.033072,3955,30947.743246
19,13.946948,0.007281,15934.555170999998,301.069991,920.9389000000001,14186.215160999998,68.54797,0.033072,3955,31018.668464
19,13.946948,0.007281,15934.555170999998,301.069991,920.9389000000001,14186.215160999998,69.59440500000001,0.033072,3955,31019.715127
19,13.946948,0.007281,15934.555170999998,301.069991,920.9389000000001,14186.215160999998,69.59440500000001,0.033072,3954,31019.715203
19,13.946948,0.007281,16005.571031999998,301.069991,920.9389000000001,14186.215160999998,69.59440500000001,0.033072,3954,31090.731206
19,13.946948,0.007281,16005.571031999998,301.069991,920.9389000000001,14186.215160999998,70.640877,0.033072,3954,31091.777905
19,13.946948,0.007281,16005.571031999998,301.069991,920.9389000000001,14186.215160999998,70.640877,0.033072,3952,31091.777981
19,13.946948,0.007281,16077.332988999999,301.069991,920.9389000000001,14186.215160999998,70.640877,0.033072,3952,31163.540081
19,13.946948,0.007281,16077.332988999999,301.069991,920.9389000000001,14186.215160999998,71.70137100000001,0.033072,3952,31164.600839
19,13.946948,0.007281,16077.332988999999,301.069991,920.9389000000001,14186.215160999998,71.70137100000001,0.033072,3926,31164.600918
19,13.946948,0.007281,16149.882339999998,301.069991,920.9389000000001,14186.215160999998,71.70137100000001,0.033072,3926,31237.150413
19,13.946948,0.007281,16149.882339999998,301.069991,920.9389000000001,14186.215160999998,73.414156,0.033072,3926,31238.863434
19,13.946948,0.007281,16149.882339999998,301.069991,920.9389000000001,14186.215160999998,73.414156,0.033072,3911,31238.863522
19,13.946948,0.007281,16221.529645999999,301.069991,920.9389000000001,14186.215160999998,73.414156,0.033072,3911,31310.510971
19,13.946948,0.007281,16221.529645999999,301.069991,920.9389000000001,14186.215160999998,74.477564,0.033072,3911,31311.574609
19,13.946948,0.007281,16221.529645999999,301.069991,920.9389000000001,14186.215160999998,74.477564,0.033072,3904,31311.574703
19,13.946948,0.007281,16293.632188,301.069991,920.9389000000001,14186.215160999998,74.477564,0.033072,3904,31383.677385
19,13.946948,0.007281,16293.632188,301.069991,920.9389000000001,14186.215160999998,75.553163,0.033072,3904,31384.753207
19,13.946948,0.007281,16293.632188,301.069991,920.9389000000001,14186.215160999998,75.553163,0.033072,3892,31384.753291
19,13.946948,0.007281,16366.12784,301.069991,920.9389000000001,14186.215160999998,75.553163,0.033072,3892,31457.249081
19,13.946948,0.007281,16366.12784,301.069991,920.9389000000001,14186.215160999998,76.625507,0.033072,3892,31458.321647
19,13.946948,0.007281,16366.12784,301.069991,920.9389000000001,14186.215160999998,76.625507,0.033072,3891,31458.321754
19,13.946948,0.007281,16438.762964999998,301.069991,920.9389000000001,14186.215160999998,76.625507,0.033072,3891,31530.957134
19,13.946948,0.007281,16438.762964999998,301.069991,920.9389000000001,14186.215160999998,77.703361,0.033072,3891,31532.035345
19,13.946948,0.007281,16438.762964999998,301.069991,920.9389000000001,14186.215160999998,77.703361,0.033072,3889,31532.035438
19,13.946948,0.007281,16512.01573,301.069991,920.9389000000001,14186.215160999998,77.703361,0.033072,3889,31605.288346
19,13.946948,0.007281,16512.01573,301.069991,920.9389000000001,14186.215160999998,78.781327,0.033072,3889,31606.366538
19,13.946948,0.007281,16512.01573,301.069991,920.9389000000001,14186.215160999998,78.781327,0.033072,3877,31606.366648
19,13.946948,0.007281,16584.525604,301.069991,920.9389000000001,14186.215160999998,78.781327,0.033072,3877,31678.876776
19,13.946948,0.007281,16584.525604,301.069991,920.9389000000001,14186.215160999998,79.858975,0.033072,3877,31679.954785
19,13.946948,0.007281,16584.525604,301.069991,920.9389000000001,14186.215160999998,79.858975,0.033072,3876,31679.954905
19,13.946948,0.007281,16657.305237999997,301.069991,920.9389000000001,14186.215160999998,79.858975,0.033072,3876,31752.734803
19,13.946948,0.007281,16657.305237999997,301.069991,920.9389000000001,14186.215160999998,80.93558900000001,0.033072,3876,31753.811786
19,13.946948,0.007281,16657.305237999997,301.069991,920.9389000000001,14186.215160999998,80.93558900000001,0.033072,3875,31753.811863
19,13.946948,0.007281,16729.981964,301.069991,920.9389000000001,14186.215160999998,80.93558900000001,0.033072,3875,31826.488731
19,13.946948,0.007281,16729.981964,301.069991,920.9389000000001,14186.215160999998,82.013276,0.033072,3875,31827.56678
19,13.946948,0.007281,16729.981964,301.069991,920.9389000000001,14186.215160999998,82.013276,0.033072,3872,31827.566857
19,13.946948,0.007281,16802.679868,301.069991,920.9389000000001,14186.215160999998,82.013276,0.033072,3872,31900.264898
19,13.946948,0.007281,16802.679868,301.069991,920.9389000000001,14186.215160999998,83.08923200000001,0.033072,3872,31901.34108
19,13.946948,0.007281,16802.679868,301.069991,920.9389000000001,14186.215160999998,83.08923200000001,0.033072,3867,31901.341159
19,13.946948,0.007281,16869.376957,301.069991,920.9389000000001,14186.215160999998,83.08923200000001,0.033072,3867,31968.038392
19,13.946948,0.007281,16869.376957,307.91823500000004,920.9389000000001,14186.215160999998,83.08923200000001,0.033072,3867,31974.886752
19,13.946948,0.007281,16869.376957,307.91823500000004,920.9389000000001,14188.989411999999,83.08923200000001,0.033072,3867,31977.665188
19,13.946948,0.007281,16869.376957,307.91823500000004,920.9389000000001,14191.934802,83.08923200000001,0.033072,3867,31980.61069
19,13.946948,0.007281,16869.376957,307.91823500000004,920.9389000000001,14194.845664999999,83.08923200000001,0.033072,3867,31983.521631
19,13.946948,0.007281,16869.376957,307.91823500000004,920.9389000000001,14197.862468,83.08923200000001,0.033072,3867,31986.538515
19,13.946948,0.007281,16869.376957,307.91823500000004,920.9389000000001,14201.217508,83.08923200000001,0.033072,3867,31989.893639
19,13.946948,0.007281,16869.376957,307.91823500000004,920.9389000000001,14205.127499,83.08923200000001,0.033072,3867,31993.803721
19,13.946948,0.007281,16869.376957,307.91823500000004,920.9389000000001,14210.277285,83.08923200000001,0.033072,3867,31998.953601
19,13.946948,0.007281,16869.376957,307.91823500000004,920.9389000000001,14217.83055,83.08923200000001,0.033072,3867,32006.506974
19,13.946948,0.007281,16869.376957,307.91823500000004,920.9389000000001,14230.074719,83.08923200000001,0.033072,3867,32018.75127
19,13.946948,0.007281,16869.376957,307.91823500000004,920.9389000000001,14251.549783,83.08923200000001,0.033072,3867,32040.226488
19,13.946948,0.007281,16869.376957,307.91823500000004,920.9389000000001,14251.600223000001,83.08923200000001,0.033072,3867,32040.277255
19,13.946948,0.007281,16869.376957,307.91823500000004,920.9389000000001,14251.641705000002,83.08923200000001,0.033072,3867,32040.319093
19,13.946948,0.007281,16869.376957,307.91823500000004,920.9389000000001,14277.765399000002,83.08923200000001,0.033072,3867,32066.442969
19,13.946948,0.007281,16869.376957,307.91823500000004,920.9389000000001,14277.810971000003,83.08923200000001,0.033072,3867,32066.488685
19,13.946948,0.007281,16869.376957,307.91823500000004,920.9389000000001,14277.852836000002,83.08923200000001,0.033072,3867,32066.530824
19,13.946948,0.007281,16869.376957,307.91823500000004,920.9389000000001,14277.891586000002,83.08923200000001,0.033072,3867,32066.569705
19,13.946948,0.007281,16869.376957,307.91823500000004,920.9389000000001,14305.254460000002,83.08923200000001,0.033072,3867,32093.932738
19,13.946948,0.007281,16869.376957,307.91823500000004,920.9389000000001,14305.295268000002,83.08923200000001,0.033072,3867,32093.973698
19,13.946948,0.007281,16869.376957,307.91823500000004,920.9389000000001,14305.334310000002,83.08923200000001,0.033072,3867,32094.012902
19,13.946948,0.007281,16869.376957,307.91823500000004,920.9389000000001,14305.372126000002,83.08923200000001,0.033072,3867,32094.050976
19,13.946948,0.007281,16869.376957,307.91823500000004,920.9389000000001,14332.964547000001,83.08923200000001,0.033072,3867,32121.643481
19,13.946948,0.007281,16869.376957,307.91823500000004,920.9389000000001,14333.003413000002,83.08923200000001,0.033072,3867,32121.682439
19,13.946948,0.007281,16869.376957,307.91823500000004,920.9389000000001,14333.041607000003,83.08923200000001,0.033072,3867,32121.720724
19,13.946948,0.007281,16869.376957,307.91823500000004,920.9389000000001,14360.935384000002,83.08923200000001,0.033072,3867,32149.614585
19,13.946948,0.007281,16869.376957,307.91823500000004,920.9389000000001,14360.974635000002,83.08923200000001,0.033072,3867,32149.653966
19,13.946948,0.007281,16869.376957,307.91823500000004,920.9389000000001,14361.013328000003,83.08923200000001,0.033072,3867,32149.692744
19,13.946948,0.007281,16869.376957,307.91823500000004,920.9389000000001,14388.948172000002,83.08923200000001,0.033072,3867,32177.627667
19,13.946948,0.007281,16869.376957,307.91823500000004,920.9389000000001,14388.987128000002,83.08923200000001,0.033072,3867,32177.666742
19,13.946948,0.007281,16869.376957,307.91823500000004,920.9389000000001,14389.026131000002,83.08923200000001,0.033072,3867,32177.705854
19,13.946948,0.007281,16869.376957,307.91823500000004,920.9389000000001,14389.064434000002,83.08923200000001,0.033072,3867,32177.74428
19,13.946948,0.007281,16869.376957,307.91823500000004,920.9389000000001,14389.102850000001,83.08923200000001,0.033072,3867,32177.782798
19,13.946948,0.007281,16869.376957,307.91823500000004,920.9389000000001,14416.963615,83.08923200000001,0.033072,3867,32212.555726
19,13.946948,0.007281,16869.376957,307.91823500000004,920.9389000000001,14445.104053000001,83.08923200000001,0.033072,3867,32240.696245
19,13.946948,0.007281,16869.376957,307.91823500000004,920.9389000000001,14473.381302000002,83.08923200000001,0.033072,3867,32268.973584
19,13.946948,0.007281,16869.376957,307.91823500000004,920.9389000000001,14501.966787000001,83.08923200000001,0.033072,3867,32297.55915
19,13.946948,0.007281,16869.376957,307.91823500000004,920.9389000000001,14530.555002000001,83.08923200000001,0.033072,3867,32326.147489
19,13.946948,0.007281,16869.376957,307.91823500000004,920.9389000000001,14560.027358000001,83.08923200000001,0.033072,3867,32355.619976
19,13.946948,0.007281,16869.376957,307.91823500000004,920.9389000000001,14590.587769000002,83.08923200000001,0.033072,3867,32386.180481
19,13.946948,0.007281,16869.376957,307.91823500000004,920.9389000000001,14623.283323000001,83.08923200000001,0.033072,3867,32418.876177
19,13.946948,0.007281,16869.376957,307.91823500000004,920.9389000000001,14660.687627000001,83.08923200000001,0.033072,3867,32456.280607
19,13.946948,0.007281,16869.376957,307.91823500000004,920.9389000000001,14708.228082000001,83.08923200000001,0.033072,3867,32503.821314
19,13.946948,0.007281,16869.376957,307.91823500000004,920.9389000000001,14708.290692000002,83.08923200000001,0.033072,3867,32503.884258
19,13.946948,0.007281,16869.376957,307.91823500000004,920.9389000000001,14708.344144000002,83.08923200000001,0.033072,3867,32503.938088
19,13.946948,0.007281,16869.376957,307.91823500000004,920.9389000000001,14761.041095000002,83.08923200000001,0.033072,3867,32556.635317
19,13.946948,0.007281,16869.376957,307.91823500000004,920.9389000000001,14761.098339000002,83.08923200000001,0.033072,3867,32556.692716
19,13.946948,0.007281,16869.376957,307.91823500000004,920.9389000000001,14761.152176000001,83.08923200000001,0.033072,3867,32556.746821
19,13.946948,0.007281,16869.376957,307.91823500000004,920.9389000000001,14761.204545000002,83.08923200000001,0.033072,3867,32556.799381
19,13.946948,0.007281,16869.376957,307.91823500000004,920.9389000000001,14814.459415000003,83.08923200000001,0.033072,3867,32610.054403
19,13.946948,0.007281,16869.376957,307.91823500000004,920.9389000000001,14814.514693000003,83.08923200000001,0.033072,3867,32610.109805
19,13.946948,0.007281,16869.376957,307.91823500000004,920.9389000000001,14814.568807000003,83.08923200000001,0.033072,3867,32610.164137
19,13.946948,0.007281,16869.376957,307.91823500000004,920.9389000000001,14868.112936000003,83.08923200000001,0.033072,3867,32663.708438
19,13.946948,0.007281,16869.376957,307.91823500000004,920.9389000000001,14868.165471000004,83.08923200000001,0.033072,3867,32663.761122
19,13.946948,0.007281,16869.376957,307.91823500000004,920.9389000000001,14868.216560000004,83.08923200000001,0.033072,3867,32663.812379
19,13.946948,0.007281,16869.376957,307.91823500000004,920.9389000000001,14922.449824000005,83.08923200000001,0.033072,3867,32718.045729
19,13.946948,0.007281,16869.376957,307.91823500000004,920.9389000000001,14922.502935000004,83.08923200000001,0.033072,3867,32718.098981
19,13.946948,0.007281,16869.376957,307.91823500000004,920.9389000000001,14922.555319000005,83.08923200000001,0.033072,3867,32718.151479
19,13.946948,0.007281,16869.376957,307.91823500000004,920.9389000000001,14922.607259000004,83.08923200000001,0.033072,3867,32718.20353
19,13.946948,0.007281,16869.376957,307.91823500000004,920.9389000000001,14927.614025000004,83.08923200000001,0.033072,3867,32723.210374
19,13.946948,0.007281,16869.376957,307.91823500000004,920.9389000000001,14982.027606000005,83.08923200000001,0.033072,3867,32777.624053
19,13.946948,0.007281,16869.376957,307.91823500000004,920.9389000000001,14987.033905000006,83.08923200000001,0.033072,3867,32782.630438
19,13.946948,0.007281,16869.376957,307.91823500000004,920.9389000000001,14992.041801000005,83.08923200000001,0.033072,3867,32787.638436
19,13.946948,0.007281,16869.376957,307.91823500000004,920.9389000000001,15046.214465000005,83.08923200000001,0.033072,3867,32841.811241
19,13.946948,0.007281,16869.376957,307.91823500000004,920.9389000000001,15051.221496000004,83.08923200000001,0.033072,3867,32846.818353
19,13.946948,0.007281,16869.376957,307.91823500000004,920.9389000000001,15056.229394000004,83.08923200000001,0.033072,3867,32851.826343
19,13.946948,0.007281,16869.376957,307.91823500000004,920.9389000000001,15110.892436000004,83.08923200000001,0.033072,3867,32913.39416
19,13.946948,0.007281,16869.376957,307.91823500000004,920.9389000000001,15110.943495000003,83.08923200000001,0.033072,3867,32913.44533
19,13.946948,0.007281,16869.376957,307.91823500000004,920.9389000000001,15165.963862000002,83.08923200000001,0.033072,3867,32968.465799
19,13.946948,0.007281,16869.376957,307.91823500000004,920.9389000000001,15166.015677000003,83.08923200000001,0.033072,3867,32968.517703
19,13.946948,0.007281,16869.376957,307.91823500000004,920.9389000000001,15166.067884000004,83.08923200000001,0.033072,3867,32968.57
19,13.946948,0.007281,16869.376957,307.91823500000004,920.9389000000001,15221.331892000004,83.08923200000001,0.033072,3867,33030.781021
19,13.946948,0.007281,16869.376957,307.91823500000004,920.9389000000001,15276.471007000004,83.08923200000001,0.033072,3867,33085.92022
19,13.946948,0.007281,16869.376957,307.91823500000004,920.9389000000001,15331.390559000003,83.08923200000001,0.033072,3867,33140.839888
19,13.946948,0.007281,16869.376957,307.91823500000004,920.9389000000001,15387.114729000003,83.08923200000001,0.033072,3867,33196.564183
19,13.946948,0.007281,16869.376957,307.91823500000004,920.9389000000001,15442.314099000003,83.08923200000001,0.033072,3867,33251.763642
19,13.946948,0.007281,16869.376957,307.91823500000004,920.9389000000001,15498.149888000004,83.08923200000001,0.033072,3867,33307.599571
19,13.946948,0.007281,16869.376957,307.91823500000004,920.9389000000001,15555.279339000004,83.08923200000001,0.033072,3867,33364.729136
19,13.946948,0.007281,16869.376957,307.91823500000004,920.9389000000001,15614.471443000004,83.08923200000001,0.033072,3867,33423.921355
19,13.946948,0.007281,16869.376957,307.91823500000004,920.9389000000001,15679.496790000005,83.08923200000001,0.033072,3867,33488.946845
19,13.946948,0.007281,16869.376957,307.91823500000004,920.9389000000001,15754.323531000005,83.08923200000001,0.033072,3867,33563.773772
19,13.946948,0.007281,16869.376957,307.91823500000004,920.9389000000001,15830.479755000006,83.08923200000001,0.033072,3867,33639.930127
19,13.946948,0.007281,16869.376957,307.91823500000004,997.0953960000002,15830.479755000006,83.08923200000001,0.033072,3867,33639.930399
19,13.946948,0.007281,16869.376957,307.91823500000004,997.0953960000002,15830.479755000006,83.08923200000001,0.033072,3864,33639.930422
19,13.946948,0.007281,16942.195799,307.91823500000004,997.0953960000002,15830.479755000006,83.08923200000001,0.033072,3864,33712.749276
19,13.946948,0.007281,16942.195799,307.91823500000004,997.0953960000002,15830.479755000006,84.173219,0.033072,3864,33713.833511
19,13.946948,0.007281,16942.195799,307.91823500000004,997.0953960000002,15830.479755000006,84.173219,0.033072,3846,33713.833595
19,13.946948,0.007281,17014.748214,307.91823500000004,997.0953960000002,15830.479755000006,84.173219,0.033072,3846,33786.386155
19,13.946948,0.007281,17014.748214,307.91823500000004,997.0953960000002,15830.479755000006,85.253187,0.033072,3846,33787.466504
19,13.946948,0.007281,17014.748214,307.91823500000004,997.0953960000002,15830.479755000006,85.253187,0.033072,3845,33787.466591
19,13.946948,0.007281,17087.369281,307.91823500000004,997.0953960000002,15830.479755000006,85.253187,0.033072,3845,33860.0878
19,13.946948,0.007281,17087.369281,307.91823500000004,997.0953960000002,15830.479755000006,86.33225,0.033072,3845,33861.167103
19,13.946948,0.007281,17087.369281,307.91823500000004,997.0953960000002,15830.479755000006,86.33225,0.033072,3840,33861.167188
19,13.946948,0.007281,17159.797811,307.91823500000004,997.0953960000002,15830.479755000006,86.33225,0.033072,3840,33933.595844
19,13.946948,0.007281,17159.797811,307.91823500000004,997.0953960000002,15830.479755000006,87.411922,0.033072,3840,33934.675746
19,13.946948,0.007281,17159.797811,307.91823500000004,997.0953960000002,15830.479755000006,87.411922,0.033072,3839,33934.675822
19,13.946948,0.007281,17247.94528,307.91823500000004,997.0953960000002,15830.479755000006,87.411922,0.033072,3839,34022.82343
19,13.946948,0.007281,17247.94528,315.08209600000004,997.0953960000002,15830.479755000006,87.411922,0.033072,3839,34029.987416
19,13.946948,0.007281,17247.94528,315.08209600000004,997.0953960000002,15833.187860000005,87.411922,0.033072,3839,34032.699886
19,13.946948,0.007281,17247.94528,315.08209600000004,997.0953960000002,15836.010377000006,87.411922,0.033072,3839,34035.522479
19,13.946948,0.007281,17247.94528,315.08209600000004,997.0953960000002,15838.895964000007,87.411922,0.033072,3839,34038.408143
19,13.946948,0.007281,17247.94528,315.08209600000004,997.0953960000002,15842.053449000006,87.411922,0.033072,3839,34041.565745
19,13.946948,0.007281,17247.94528,315.08209600000004,997.0953960000002,15845.744841000007,87.411922,0.033072,3839,34045.257255
19,13.946948,0.007281,17247.94528,315.08209600000004,997.0953960000002,15849.770804000007,87.411922,0.033072,3839,34049.283309
19,13.946948,0.007281,17247.94528,315.08209600000004,997.0953960000002,15855.239603000007,87.411922,0.033072,3839,34054.7522
19,13.946948,0.007281,17247.94528,315.08209600000004,997.0953960000002,15862.874016000007,87.411922,0.033072,3839,34062.386726
19,13.946948,0.007281,17247.94528,315.08209600000004,997.0953960000002,15875.256659000008,87.411922,0.033072,3839,34074.769552
19,13.946948,0.007281,17247.94528,315.08209600000004,997.0953960000002,15875.280212000009,87.411922,0.033072,3839,34074.793261
19,13.946948,0.007281,17247.94528,315.08209600000004,997.0953960000002,15892.147952000008,87.411922,0.033072,3839,34091.661173
19,13.946948,0.007281,17247.94528,315.08209600000004,997.0953960000002,15892.174644000008,87.411922,0.033072,3839,34091.68803
19,13.946948,0.007281,17247.94528,315.08209600000004,997.0953960000002,15892.197088000008,87.411922,0.033072,3839,34091.710643
19,13.946948,0.007281,17247.94528,315.08209600000004,997.0953960000002,15911.993261000009,87.411922,0.033072,3839,34111.507004
19,13.946948,0.007281,17247.94528,315.08209600000004,997.0953960000002,15912.018895000008,87.411922,0.033072,3839,34111.532818
19,13.946948,0.007281,17247.94528,315.08209600000004,997.0953960000002,15912.042581000009,87.411922,0.033072,3839,34111.556684
19,13.946948,0.007281,17247.94528,315.08209600000004,997.0953960000002,15912.065350000008,87.411922,0.033072,3839,34111.579594
19,13.946948,0.007281,17247.94528,315.08209600000004,997.0953960000002,15933.279080000008,87.411922,0.033072,3839,34132.793429
19,13.946948,0.007281,17247.94528,315.08209600000004,997.0953960000002,15933.304621000008,87.411922,0.033072,3839,34132.819128
19,13.946948,0.007281,17247.94528,315.08209600000004,997.0953960000002,15933.329805000008,87.411922,0.033072,3839,34132.844498
19,13.946948,0.007281,17247.94528,315.08209600000004,997.0953960000002,15933.352693000008,87.411922,0.033072,3839,34132.867531
19,13.946948,0.007281,17247.94528,315.08209600000004,997.0953960000002,15933.375064000007,87.411922,0.033072,3839,34132.890012
19,13.946948,0.007281,17247.94528,315.08209600000004,997.0953960000002,15953.887182000008,87.411922,0.033072,3839,34153.402242
19,13.946948,0.007281,17247.94528,315.08209600000004,997.0953960000002,15953.909254000007,87.411922,0.033072,3839,34153.424405
19,13.946948,0.007281,17247.94528,315.08209600000004,997.0953960000002,15953.931140000008,87.411922,0.033072,3839,34153.446376
19,13.946948,0.007281,17247.94528,315.08209600000004,997.0953960000002,15974.140932000008,87.411922,0.033072,3839,34173.656256
19,13.946948,0.007281,17247.94528,315.08209600000004,997.0953960000002,15974.163169000007,87.411922,0.033072,3839,34173.678604
19,13.946948,0.007281,17247.94528,315.08209600000004,997.0953960000002,15974.185789000006,87.411922,0.033072,3839,34173.701329
19,13.946948,0.007281,17247.94528,315.08209600000004,997.0953960000002,15994.648913000006,87.411922,0.033072,3839,34194.16455
19,13.946948,0.007281,17247.94528,315.08209600000004,997.0953960000002,15994.671169000007,87.411922,0.033072,3839,34194.186919
19,13.946948,0.007281,17247.94528,315.08209600000004,997.0953960000002,15994.693390000006,87.411922,0.033072,3839,34194.209243
19,13.946948,0.007281,17247.94528,315.08209600000004,997.0953960000002,16015.035519000006,87.411922,0.033072,3839,34221.776756
19,13.946948,0.007281,17247.94528,315.08209600000004,997.0953960000002,16035.226285000006,87.411922,0.033072,3839,34241.967604
19,13.946948,0.007281,17247.94528,315.08209600000004,997.0953960000002,16055.815435000006,87.411922,0.033072,3839,34262.556866
19,13.946948,0.007281,17247.94528,315.08209600000004,997.0953960000002,16076.275761000006,87.411922,0.033072,3839,34283.017317
19,13.946948,0.007281,17247.94528,315.08209600000004,997.0953960000002,16096.887122000006,87.411922,0.033072,3839,34303.628794
19,13.946948,0.007281,17247.94528,315.08209600000004,997.0953960000002,16118.236792000005,87.411922,0.033072,3839,34324.978599
19,13.946948,0.007281,17247.94528,315.08209600000004,997.0953960000002,16141.082110000005,87.411922,0.033072,3839,34347.824065
19,13.946948,0.007281,17247.94528,315.08209600000004,997.0953960000002,16166.308685000005,87.411922,0.033072,3839,34373.050794
19,13.946948,0.007281,17247.94528,315.08209600000004,997.0953960000002,16196.476856000005,87.411922,0.033072,3839,34403.219193
19,13.946948,0.007281,17247.94528,315.08209600000004,997.0953960000002,16235.949534000005,87.411922,0.033072,3839,34442.692093
19,13.946948,0.007281,17247.94528,315.08209600000004,997.0953960000002,16261.790881000004,87.411922,0.033072,3839,34468.533626
19,13.946948,0.007281,17247.94528,315.08209600000004,997.0953960000002,16261.844975000004,87.411922,0.033072,3839,34468.587992
19,13.946948,0.007281,17247.94528,315.08209600000004,997.0953960000002,16261.892331000003,87.411922,0.033072,3839,34468.635527
19,13.946948,0.007281,17247.94528,315.08209600000004,997.0953960000002,16261.938730000003,87.411922,0.033072,3839,34468.682085
19,13.946948,0.007281,17247.94528,315.08209600000004,997.0953960000002,16302.884425000004,87.411922,0.033072,3839,34509.627963
19,13.946948,0.007281,17247.94528,315.08209600000004,997.0953960000002,16302.930813000004,87.411922,0.033072,3839,34509.67451
19,13.946948,0.007281,17247.94528,315.08209600000004,997.0953960000002,16302.976342000005,87.411922,0.033072,3839,34509.720165
19,13.946948,0.007281,17247.94528,315.08209600000004,997.0953960000002,16303.020630000005,87.411922,0.033072,3839,34509.76456
19,13.946948,0.007281,17247.94528,315.08209600000004,997.0953960000002,16343.808159000004,87.411922,0.033072,3839,34550.552181
19,13.946948,0.007281,17247.94528,315.08209600000004,997.0953960000002,16343.853394000003,87.411922,0.033072,3839,34550.597546
19,13.946948,0.007281,17247.94528,315.08209600000004,997.0953960000002,16343.897137000004,87.411922,0.033072,3839,34550.641406
19,13.946948,0.007281,17247.94528,315.08209600000004,997.0953960000002,16385.122655000003,87.411922,0.033072,3839,34591.867028
19,13.946948,0.007281,17247.94528,315.08209600000004,997.0953960000002,16385.166373000004,87.411922,0.033072,3839,34591.910837
19,13.946948,0.007281,17247.94528,315.08209600000004,997.0953960000002,16385.212289000003,87.411922,0.033072,3839,34591.956893
19,13.946948,0.007281,17247.94528,315.08209600000004,997.0953960000002,16385.256448000004,87.411922,0.033072,3839,34592.001131
19,13.946948,0.007281,17247.94528,315.08209600000004,997.0953960000002,16385.300935000003,87.411922,0.033072,3839,34592.045729
19,13.946948,0.007281,17247.94528,315.08209600000004,997.0953960000002,16426.71683,87.411922,0.033072,3839,34633.46171
19,13.946948,0.007281,17247.94528,315.08209600000004,997.0953960000002,16426.760283,87.411922,0.033072,3839,34633.505279
19,13.946948,0.007281,17247.94528,315.08209600000004,997.0953960000002,16426.804136,87.411922,0.033072,3839,34633.549219
19,13.946948,0.007281,17247.94528,315.08209600000004,997.0953960000002,16468.121382999998,87.411922,0.033072,3839,34682.103783
19,13.946948,0.007281,17247.94528,315.08209600000004,997.0953960000002,16509.377762999997,87.411922,0.033072,3839,34723.360245
19,13.946948,0.007281,17247.94528,315.08209600000004,997.0953960000002,16550.663327999995,87.411922,0.033072,3839,34764.645939
19,13.946948,0.007281,17247.94528,315.08209600000004,997.0953960000002,16592.227966999995,87.411922,0.033072,3839,34806.210663
19,13.946948,0.007281,17247.94528,315.08209600000004,997.0953960000002,16634.117986999994,87.411922,0.033072,3839,34848.100779
19,13.946948,0.007281,17247.94528,315.08209600000004,997.0953960000002,16676.561330999994,87.411922,0.033072,3839,34890.544255
19,13.946948,0.007281,17247.94528,315.08209600000004,997.0953960000002,16720.012866999994,87.411922,0.033072,3839,34933.995943
19,13.946948,0.007281,17247.94528,315.08209600000004,997.0953960000002,16766.679061999996,87.411922,0.033072,3839,34980.662249
19,13.946948,0.007281,17247.94528,315.08209600000004,997.0953960000002,16817.563348999996,87.411922,0.033072,3839,35031.546734
19,13.946948,0.007281,17247.94528,315.08209600000004,997.0953960000002,16878.586526999996,87.411922,0.033072,3839,35092.570081
19,13.946948,0.007281,17247.94528,315.08209600000004,997.0953960000002,16883.594561999995,87.411922,0.033072,3839,35097.578353
19,13.946948,0.007281,17247.94528,315.08209600000004,997.0953960000002,16954.002556999996,87.411922,0.033072,3839,35167.986754
19,13.946948,0.007281,17247.94528,315.08209600000004,997.0953960000002,16959.009968999995,87.411922,0.033072,3839,35172.994301
19,13.946948,0.007281,17247.94528,315.08209600000004,997.0953960000002,16964.017735999994,87.411922,0.033072,3839,35178.002342
19,13.946948,0.007281,17247.94528,315.08209600000004,997.0953960000002,16969.025568999994,87.411922,0.033072,3839,35183.010369
19,13.946948,0.007281,17247.94528,315.08209600000004,997.0953960000002,17041.880595999995,87.411922,0.033072,3839,35255.865566
19,13.946948,0.007281,17247.94528,315.08209600000004,997.0953960000002,17046.889125999995,87.411922,0.033072,3839,35260.874214
19,13.946948,0.007281,17247.94528,315.08209600000004,997.0953960000002,17051.897087999994,87.411922,0.033072,3839,35265.882392
19,13.946948,0.007281,17247.94528,315.08209600000004,997.0953960000002,17125.534872999993,87.411922,0.033072,3839,35339.52032
19,13.946948,0.007281,17247.94528,315.08209600000004,997.0953960000002,17130.54085399999,87.411922,0.033072,3839,35344.526404
19,13.946948,0.007281,17247.94528,315.08209600000004,997.0953960000002,17135.548617999993,87.411922,0.033072,3839,35349.534356
19,13.946948,0.007281,17247.94528,315.08209600000004,997.0953960000002,17140.556409999994,87.411922,0.033072,3839,35354.542315
19,13.946948,0.007281,17247.94528,315.08209600000004,997.0953960000002,17214.801229999994,87.411922,0.033072,3839,35428.787289
19,13.946948,0.007281,17247.94528,315.08209600000004,997.0953960000002,17219.808343999994,87.411922,0.033072,3839,35433.794498
19,13.946948,0.007281,17247.94528,315.08209600000004,997.0953960000002,17224.819446999994,87.411922,0.033072,3839,35438.805719
19,13.946948,0.007281,17247.94528,315.08209600000004,997.0953960000002,17229.827931999993,87.411922,0.033072,3839,35443.814309
19,13.946948,0.007281,17247.94528,315.08209600000004,997.0953960000002,17234.83591199999,87.411922,0.033072,3839,35448.822389
19,13.946948,0.007281,17247.94528,315.08209600000004,997.0953960000002,17239.84771999999,87.411922,0.033072,3839,35453.834332
19,13.946948,0.007281,17247.94528,315.08209600000004,997.0953960000002,17244.85544899999,87.411922,0.033072,3839,35458.842322
19,13.946948,0.007281,17247.94528,315.08209600000004,997.0953960000002,17318.11069899999,87.411922,0.033072,3839,35539.297545
19,13.946948,0.007281,17247.94528,315.08209600000004,997.0953960000002,17391.63764699999,87.411922,0.033072,3839,35612.824575
19,13.946948,0.007281,17247.94528,315.08209600000004,997.0953960000002,17466.05419499999,87.411922,0.033072,3839,35687.241209
19,13.946948,0.007281,17247.94528,315.08209600000004,997.0953960000002,17540.59876599999,87.411922,0.033072,3839,35761.785866
19,13.946948,0.007281,17247.94528,315.08209600000004,997.0953960000002,17617.64708399999,87.411922,0.033072,3839,35838.834278
19,13.946948,0.007281,17247.94528,315.08209600000004,997.0953960000002,17709.29900599999,87.411922,0.033072,3839,35930.486366
19,13.946948,0.007281,17247.94528,315.08209600000004,1088.7477480000002,17709.29900599999,87.411922,0.033072,3839,35930.486796
19,13.946948,0.007281,17247.94528,315.08209600000004,1088.7477480000002,17709.29900599999,87.411922,0.033072,3836,35930.486837
19,13.946948,0.007281,17335.832706,315.08209600000004,1088.7477480000002,17709.29900599999,87.411922,0.033072,3836,36018.374294
19,13.946948,0.007281,17335.832706,315.08209600000004,1088.7477480000002,17709.29900599999,87.411922,0.033072,3838,36018.374871
20,13.946948,0.007281,17430.958494000002,315.08209600000004,1088.7477480000002,17709.29900599999,87.411922,0.033072,3838,36113.500836
20,13.946948,0.007281,17430.958494000002,315.08209600000004,1088.7477480000002,17709.29900599999,87.411922,0.035012999999999996,3838,36113.503079
20,13.946948,0.007281,17430.958494000002,315.08209600000004,1088.7477480000002,17709.29900599999,87.411922,0.035012999999999996,3886,36113.503129
21,13.946948,0.007281,17517.679931000002,315.08209600000004,1088.7477480000002,17709.29900599999,87.411922,0.035012999999999996,3886,36200.224658
21,13.946948,0.007281,17517.679931000002,315.08209600000004,1088.7477480000002,17709.29900599999,88.592708,0.035012999999999996,3886,36201.405683
21,13.946948,0.007281,17517.679931000002,315.08209600000004,1088.7477480000002,17709.29900599999,88.592708,0.035012999999999996,3874,36201.40576
21,13.946948,0.007281,17653.061213,315.08209600000004,1088.7477480000002,17709.29900599999,88.592708,0.035012999999999996,3874,36336.787215
21,13.946948,0.007281,17653.061213,315.08209600000004,1088.7477480000002,17709.29900599999,88.592708,0.035609999999999996,3874,36336.788143
21,13.946948,0.007281,17653.061213,315.08209600000004,1088.7477480000002,17709.29900599999,88.592708,0.035609999999999996,3909,36336.788173
22,13.946948,0.007281,17788.429498,315.08209600000004,1088.7477480000002,17709.29900599999,88.592708,0.035609999999999996,3909,36472.156536
22,13.946948,0.007281,17788.429498,315.08209600000004,1088.7477480000002,17709.29900599999,94.306145,0.035609999999999996,3909,36477.870255
22,13.946948,0.007281,17788.429498,315.08209600000004,1088.7477480000002,17709.29900599999,94.306145,0.035609999999999996,3894,36477.87034
22,13.946948,0.007281,17862.730035,315.08209600000004,1088.7477480000002,17709.29900599999,94.306145,0.035609999999999996,3894,36552.171041
22,13.946948,0.007281,17862.730035,315.08209600000004,1088.7477480000002,17709.29900599999,94.306145,0.036166,3894,36552.171953
22,13.946948,0.007281,17862.730035,315.08209600000004,1088.7477480000002,17709.29900599999,94.306145,0.036166,3913,36552.171986
23,13.946948,0.007281,17937.329067,315.08209600000004,1088.7477480000002,17709.29900599999,94.306145,0.036166,3913,36626.771096
23,13.946948,0.007281,17937.329067,315.08209600000004,1088.7477480000002,17709.29900599999,97.05882700000001,0.036166,3913,36629.524078
23,13.946948,0.007281,17937.329067,315.08209600000004,1088.7477480000002,17709.29900599999,97.05882700000001,0.036166,3902,36629.524157
23,13.946948,0.007281,18012.534764,315.08209600000004,1088.7477480000002,17709.29900599999,97.05882700000001,0.036166,3902,36704.730056
23,13.946948,0.007281,18012.534764,315.08209600000004,1088.7477480000002,17709.29900599999,97.05882700000001,0.036711999999999995,3902,36704.73095
23,13.946948,0.007281,18012.534764,315.08209600000004,1088.7477480000002,17709.29900599999,97.05882700000001,0.036711999999999995,3921,36704.730982
24,13.946948,0.007281,18087.93849,315.08209600000004,1088.7477480000002,17709.29900599999,97.05882700000001,0.036711999999999995,3921,36780.134781
24,13.946948,0.007281,18087.93849,315.08209600000004,1088.7477480000002,17709.29900599999,99.79533400000001,0.036711999999999995,3921,36782.871607
24,13.946948,0.007281,18087.93849,315.08209600000004,1088.7477480000002,17709.29900599999,99.79533400000001,0.036711999999999995,3919,36782.871687
24,13.946948,0.007281,18163.250334,315.08209600000004,1088.7477480000002,17709.29900599999,99.79533400000001,0.036711999999999995,3919,36858.183745
24,13.946948,0.007281,18163.250334,315.08209600000004,1088.7477480000002,17709.29900599999,102.30057800000002,0.036711999999999995,3919,36860.689306
24,13.946948,0.007281,18163.250334,315.08209600000004,1088.7477480000002,17709.29900599999,102.30057800000002,0.037280999999999995,3919,36860.689978
24,13.946948,0.007281,18163.250334,315.08209600000004,1088.7477480000002,17709.29900599999,102.30057800000002,0.037280999999999995,3937,36860.690002
25,13.946948,0.007281,18238.382138,315.08209600000004,1088.7477480000002,17709.29900599999,102.30057800000002,0.037280999999999995,3937,36935.821895
25,13.946948,0.007281,18238.382138,315.08209600000004,1088.7477480000002,17709.29900599999,104.76944300000001,0.037280999999999995,3937,36938.291105
25,13.946948,0.007281,18238.382138,315.08209600000004,1088.7477480000002,17709.29900599999,104.76944300000001,0.03773599999999999,3937,36938.291677
25,13.946948,0.007281,18238.382138,315.08209600000004,1088.7477480000002,17709.29900599999,104.76944300000001,0.03773599999999999,3954,36938.291699
26,13.946948,0.007281,18314.332524,315.08209600000004,1088.7477480000002,17709.29900599999,104.76944300000001,0.03773599999999999,3954,37014.242168
26,13.946948,0.007281,18314.332524,315.08209600000004,1088.7477480000002,17709.29900599999,107.29913800000001,0.03773599999999999,3954,37016.772206
26,13.946948,0.007281,18314.332524,315.08209600000004,1088.7477480000002,17709.29900599999,107.29913800000001,0.03819999999999999,3954,37016.772778
26,13.946948,0.007281,18314.332524,315.08209600000004,1088.7477480000002,17709.29900599999,107.29913800000001,0.03819999999999999,3970,37016.772802
27,13.946948,0.007281,18390.582973,315.08209600000004,1088.7477480000002,17709.29900599999,107.29913800000001,0.03819999999999999,3970,37093.023337
27,13.946948,0.007281,18390.582973,315.08209600000004,1088.7477480000002,17709.29900599999,109.84304500000002,0.03819999999999999,3970,37095.567585
27,13.946948,0.007281,18390.582973,315.08209600000004,1088.7477480000002,17709.29900599999,109.84304500000002,0.038681999999999994,3970,37095.568168
27,13.946948,0.007281,18390.582973,315.08209600000004,1088.7477480000002,17709.29900599999,109.84304500000002,0.038681999999999994,3985,37095.568197
28,13.946948,0.007281,18466.800794,315.08209600000004,1088.7477480000002,17709.29900599999,109.84304500000002,0.038681999999999994,3985,37171.786107
28,13.946948,0.007281,18466.800794,315.08209600000004,1088.7477480000002,17709.29900599999,112.38975300000001,0.038681999999999994,3985,37174.333151
28,13.946948,0.007281,18466.800794,315.08209600000004,1088.7477480000002,17709.29900599999,112.38975300000001,0.03914599999999999,3985,37174.333717
28,13.946948,0.007281,18466.800794,315.08209600000004,1088.7477480000002,17709.29900599999,112.38975300000001,0.03914599999999999,3999,37174.33374
29,13.946948,0.007281,18543.541924999998,315.08209600000004,1088.7477480000002,17709.29900599999,112.38975300000001,0.03914599999999999,3999,37251.074962
29,13.946948,0.007281,18543.541924999998,315.08209600000004,1088.7477480000002,17709.29900599999,114.96676100000002,0.03914599999999999,3999,37253.652321
29,13.946948,0.007281,18543.541924999998,315.08209600000004,1088.7477480000002,17709.29900599999,114.96676100000002,0.039223999999999995,3999,37253.6525
29,13.946948,0.007281,18543.541924999998,315.08209600000004,1088.7477480000002,17709.29900599999,114.96676100000002,0.039223999999999995,4012,37253.652518
30,13.946948,0.007281,18620.545937,315.08209600000004,1088.7477480000002,17709.29900599999,114.96676100000002,0.039223999999999995,4012,37330.656619
30,13.946948,0.007281,18620.545937,315.08209600000004,1088.7477480000002,17709.29900599999,117.53225600000002,0.039223999999999995,4012,37333.222468
30,13.946948,0.007281,18620.545937,315.08209600000004,1088.7477480000002,17709.29900599999,117.53225600000002,0.039696999999999996,4012,37333.223037
30,13.946948,0.007281,18620.545937,315.08209600000004,1088.7477480000002,17709.29900599999,117.53225600000002,0.039696999999999996,4023,37333.22306
31,13.946948,0.007281,18697.427068999998,315.08209600000004,1088.7477480000002,17709.29900599999,117.53225600000002,0.039696999999999996,4023,37410.104278
31,13.946948,0.007281,18697.427068999998,315.08209600000004,1088.7477480000002,17709.29900599999,120.85030700000002,0.039696999999999996,4023,37413.422657
31,13.946948,0.007281,18697.427068999998,315.08209600000004,1088.7477480000002,17709.29900599999,120.85030700000002,0.040139999999999995,4023,37413.423216
31,13.946948,0.007281,18697.427068999998,315.08209600000004,1088.7477480000002,17709.29900599999,120.85030700000002,0.040139999999999995,4031,37413.423242
32,13.946948,0.007281,18774.281258,315.08209600000004,1088.7477480000002,17709.29900599999,120.85030700000002,0.040139999999999995,4031,37490.277517
32,13.946948,0.007281,18774.281258,315.08209600000004,1088.7477480000002,17709.29900599999,123.43535400000002,0.040139999999999995,4031,37492.862904
32,13.946948,0.007281,18774.281258,315.08209600000004,1088.7477480000002,17709.29900599999,123.43535400000002,0.04059599999999999,4031,37492.863456
32,13.946948,0.007281,18774.281258,315.08209600000004,1088.7477480000002,17709.29900599999,123.43535400000002,0.04059599999999999,4037,37492.863479
33,13.946948,0.007281,18851.507411,315.08209600000004,1088.7477480000002,17709.29900599999,123.43535400000002,0.04059599999999999,4037,37570.08972
33,13.946948,0.007281,18851.507411,315.08209600000004,1088.7477480000002,17709.29900599999,126.03573400000002,0.04059599999999999,4037,37572.690682
33,13.946948,0.007281,18851.507411,315.08209600000004,1088.7477480000002,17709.29900599999,126.03573400000002,0.04103999999999999,4037,37572.691231
33,13.946948,0.007281,18851.507411,315.08209600000004,1088.7477480000002,17709.29900599999,126.03573400000002,0.04103999999999999,4041,37572.691252
34,13.946948,0.007281,18928.600137999998,315.08209600000004,1088.7477480000002,17709.29900599999,126.03573400000002,0.04103999999999999,4041,37649.784065
34,13.946948,0.007281,18928.600137999998,315.08209600000004,1088.7477480000002,17709.29900599999,128.614754,0.04103999999999999,4041,37652.363627
34,13.946948,0.007281,18928.600137999998,315.08209600000004,1088.7477480000002,17709.29900599999,128.614754,0.04107999999999999,4041,37652.36377
34,13.946948,0.007281,18928.600137999998,315.08209600000004,1088.7477480000002,17709.29900599999,128.614754,0.04107999999999999,4043,37652.363789
35,13.946948,0.007281,19005.994055,315.08209600000004,1088.7477480000002,17709.29900599999,128.614754,0.04107999999999999,4043,37729.757792
35,13.946948,0.007281,19005.994055,315.08209600000004,1088.7477480000002,17709.29900599999,131.231375,0.04107999999999999,4043,37732.374762
35,13.946948,0.007281,19005.994055,315.08209600000004,1088.7477480000002,17709.29900599999,131.231375,0.041109999999999994,4043,37732.374933
