turn,parse_dot,top_sort,cmin,revoke_seed,crash_tog,crash_tog_exec,fixpoint_tog,new_tog,opened_tog,sum_cost
1,5.383442,0.0,0.0,0.0,0.0,0.0,0.0,0.0,0.0,10.736423
1,5.383442,0.001674,0.0,0.0,0.0,0.0,0.0,0.0,0.0,10.760124
1,5.383442,0.001674,5.894508,0.0,0.0,0.0,0.0,0.0,0.0,16.658102
1,5.383442,0.001674,5.894508,0.0,0.0,0.0,0.0,0.0,1779,16.658413
2,5.383442,0.001674,6.109243,0.0,0.0,0.0,0.0,0.0,1779,16.873233
2,5.383442,0.001674,6.109243,0.33744,0.0,0.0,0.0,0.0,1779,17.210787
2,5.383442,0.001674,6.109243,0.33744,0.0,1.732222,0.0,0.0,1779,18.947075
2,5.383442,0.001674,6.109243,0.33744,0.0,7.700551,0.0,0.0,1779,25.254652
2,5.383442,0.001674,6.109243,0.33744,0.0,15.236674,0.0,0.0,1779,32.791081
2,5.383442,0.001674,6.109243,0.33744,0.0,15.252174,0.0,0.0,1779,32.806664
2,5.383442,0.001674,6.109243,0.33744,0.0,15.265761,0.0,0.0,1779,32.820333
2,5.383442,0.001674,6.109243,0.33744,0.0,15.278540999999999,0.0,0.0,1779,32.833226
2,5.383442,0.001674,6.109243,0.33744,0.0,23.504906,0.0,0.0,1779,41.40129
2,5.383442,0.001674,6.109243,0.33744,0.0,33.137934,0.0,0.0,1779,51.034407
2,5.383442,0.001674,6.109243,0.33744,0.0,45.412581,0.0,0.0,1779,63.309169
2,5.383442,0.001674,6.109243,0.33744,0.0,63.171182,0.0,0.0,1779,81.067849
2,5.383442,0.001674,6.109243,0.33744,0.0,84.868673,0.0,0.0,1779,102.765422
2,5.383442,0.001674,6.109243,0.33744,0.0,96.226443,0.0,0.0,1779,114.123281
2,5.383442,0.001674,6.109243,0.33744,0.0,125.35454200000001,0.0,0.0,1779,143.251472
2,5.383442,0.001674,6.109243,0.33744,0.0,132.933931,0.0,0.0,1779,150.830949
2,5.383442,0.001674,6.109243,0.33744,0.0,140.514075,0.0,0.0,1779,158.411234
2,5.383442,0.001674,6.109243,0.33744,0.0,148.09374,0.0,0.0,1779,165.991039
2,5.383442,0.001674,6.109243,0.33744,0.0,155.674082,0.0,0.0,1779,173.571477
2,5.383442,0.001674,6.109243,0.33744,0.0,187.288179,0.0,0.0,1779,205.185699
2,5.383442,0.001674,6.109243,0.33744,0.0,194.869357,0.0,0.0,1779,212.767005
2,5.383442,0.001674,6.109243,0.33744,0.0,202.4496,0.0,0.0,1779,220.347382
2,5.383442,0.001674,6.109243,0.33744,0.0,210.029546,0.0,0.0,1779,227.927435
2,5.383442,0.001674,6.109243,0.33744,0.0,217.606634,0.0,0.0,1779,235.883618
2,5.383442,0.001674,6.109243,0.33744,0.0,248.70111100000003,0.0,0.0,1779,267.340714
2,5.383442,0.001674,6.109243,0.33744,0.0,256.27984000000004,0.0,0.0,1779,274.919531
2,5.383442,0.001674,6.109243,0.33744,0.0,288.079629,0.0,0.0,1779,306.719413
2,5.383442,0.001674,6.109243,0.33744,0.0,295.659057,0.0,0.0,1779,314.298928
2,5.383442,0.001674,6.109243,0.33744,0.0,303.239014,0.0,0.0,1779,321.878983
2,5.383442,0.001674,6.109243,0.33744,0.0,310.818191,0.0,0.0,1779,329.827092
2,5.383442,0.001674,6.109243,0.33744,0.0,318.395095,0.0,0.0,1779,337.779102
2,5.383442,0.001674,6.109243,0.33744,0.0,325.973228,0.0,0.0,1779,345.73125
2,5.383442,0.001674,6.109243,0.33744,0.0,333.549774,0.0,0.0,1779,353.695415
2,5.383442,0.001674,6.109243,0.33744,0.0,341.12876700000004,0.0,0.0,1779,361.651506
2,5.383442,0.001674,6.109243,0.33744,0.0,348.70780800000006,0.0,0.0,1779,369.615384
2,5.383442,0.001674,6.109243,0.33744,0.0,356.2885810000001,0.0,0.0,1779,377.570884
2,5.383442,0.001674,6.109243,0.33744,0.0,363.8679780000001,0.0,0.0,1779,385.539344
2,5.383442,0.001674,6.109243,0.33744,0.0,371.4461870000001,0.0,0.0,1779,393.511425
2,5.383442,0.001674,6.109243,0.33744,0.0,379.0241560000001,0.0,0.0,1779,401.467214
2,5.383442,0.001674,6.109243,0.33744,0.0,386.6000350000001,0.0,0.0,1779,409.419254
2,5.383442,0.001674,6.109243,0.33744,0.0,394.1779140000001,0.0,0.0,1779,417.371302
2,5.383442,0.001674,6.109243,0.33744,0.0,401.7536310000001,0.0,0.0,1779,425.331457
2,5.383442,0.001674,6.109243,0.33744,0.0,409.3309180000001,0.0,0.0,1779,433.283364
2,5.383442,0.001674,6.109243,0.33744,0.0,416.9080110000001,0.0,0.0,1779,441.235434
2,5.383442,0.001674,6.109243,0.33744,0.0,424.4881030000001,0.0,0.0,1779,449.223228
2,5.383442,0.001674,6.109243,0.33744,0.0,432.0650470000001,0.0,0.0,1779,457.215295
2,5.383442,0.001674,6.109243,0.33744,0.0,439.6415820000001,0.0,0.0,1779,465.243421
2,5.383442,0.001674,6.109243,0.33744,0.0,447.2174010000001,0.0,0.0,1779,473.203327
2,5.383442,0.001674,6.109243,0.33744,0.0,454.7974110000001,0.0,0.0,1779,481.207377
2,5.383442,0.001674,6.109243,0.33744,0.0,462.3750040000001,0.0,0.0,1779,489.211347
2,5.383442,0.001674,6.109243,0.33744,0.0,469.9541400000001,0.0,0.0,1779,497.211357
2,5.383442,0.001674,6.109243,0.33744,0.0,477.5336990000001,0.0,0.0,1779,505.207272
2,5.383442,0.001674,6.109243,0.33744,0.0,485.11184400000013,0.0,0.0,1779,513.203177
2,5.383442,0.001674,6.109243,0.33744,0.0,492.6892580000001,0.0,0.0,1779,521.183337
2,5.383442,0.001674,6.109243,0.33744,0.0,500.2652450000001,0.0,0.0,1779,529.195266
2,5.383442,0.001674,6.109243,0.33744,0.0,507.8437830000001,0.0,0.0,1779,537.191359
2,5.383442,0.001674,6.109243,0.33744,0.0,515.4238010000001,0.0,0.0,1779,545.203456
2,5.383442,0.001674,6.109243,0.33744,0.0,523.0025450000002,0.0,0.0,1779,553.215431
2,5.383442,0.001674,6.109243,0.33744,0.0,530.5794640000001,0.0,0.0,1779,561.26302
2,5.383442,0.001674,6.109243,0.33744,0.0,538.1593220000001,0.0,0.0,1779,569.330928
2,5.383442,0.001674,6.109243,0.33744,0.0,545.7356900000001,0.0,0.0,1779,577.391128
2,5.383442,0.001674,6.109243,0.33744,0.0,553.3151220000001,0.0,0.0,1779,585.45518
2,5.383442,0.001674,6.109243,0.33744,0.0,560.892676,0.0,0.0,1779,593.459246
2,5.383442,0.001674,6.109243,0.33744,0.0,568.470136,0.0,0.0,1779,601.515061
2,5.383442,0.001674,6.109243,0.33744,0.0,576.048863,0.0,0.0,1779,609.579072
2,5.383442,0.001674,6.109243,0.33744,0.0,583.6255639999999,0.0,0.0,1779,617.647376
2,5.383442,0.001674,6.109243,0.33744,0.0,591.204223,0.0,0.0,1779,625.703398
2,5.383442,0.001674,6.109243,0.33744,0.0,591.208447,0.0,0.0,1779,626.189118
2,5.383442,0.001674,6.109243,0.33744,0.0,598.784888,0.0,0.0,1779,634.239152
2,5.383442,0.001674,6.109243,0.33744,0.0,606.362647,0.0,0.0,1779,642.283246
2,5.383442,0.001674,6.109243,0.33744,0.0,613.939074,0.0,0.0,1779,650.338939
2,5.383442,0.001674,6.109243,0.33744,0.0,621.5154220000001,0.0,0.0,1779,658.379086
2,5.383442,0.001674,6.109243,0.33744,0.0,629.092702,0.0,0.0,1779,666.423033
2,5.383442,0.001674,6.109243,0.33744,0.0,636.6706710000001,0.0,0.0,1779,674.478872
2,5.383442,0.001674,6.109243,0.33744,0.0,644.2471140000001,0.0,0.0,1779,682.527213
2,5.383442,0.001674,6.109243,0.33744,0.0,651.8236540000001,0.0,0.0,1779,690.567212
2,5.383442,0.001674,6.109243,0.33744,0.0,659.4016850000002,0.0,0.0,1779,698.607092
2,5.383442,0.001674,6.109243,0.33744,0.0,666.9771440000002,0.0,0.0,1779,706.599208
2,5.383442,0.001674,6.109243,0.33744,0.0,674.5575810000001,0.0,0.0,1779,714.642966
2,5.383442,0.001674,6.109243,0.33744,0.0,682.1336140000002,0.0,0.0,1779,722.687206
2,5.383442,0.001674,6.109243,0.33744,0.0,689.7114070000002,0.0,0.0,1779,730.731268
2,5.383442,0.001674,6.109243,0.33744,0.0,697.2874470000003,0.0,0.0,1779,738.72333
2,5.383442,0.001674,6.109243,0.33744,0.0,704.8636450000002,0.0,0.0,1779,746.77888
2,5.383442,0.001674,6.109243,0.33744,0.0,712.4409910000003,0.0,0.0,1779,754.838821
2,5.383442,0.001674,6.109243,0.33744,0.0,720.0174450000003,0.0,0.0,1779,762.879174
2,5.383442,0.001674,6.109243,0.33744,0.0,727.5955360000003,0.0,0.0,1779,770.931025
2,5.383442,0.001674,6.109243,0.33744,0.0,735.1753340000002,0.0,0.0,1779,778.974349
2,5.383442,0.001674,6.109243,0.33744,0.0,742.7553440000003,0.0,0.0,1779,787.01921
2,5.383442,0.001674,6.109243,0.33744,0.0,750.3316110000003,0.0,0.0,1779,795.082925
2,5.383442,0.001674,6.109243,0.33744,0.0,757.9107340000003,0.0,0.0,1779,803.127106
2,5.383442,0.001674,6.109243,0.33744,0.0,765.4898330000003,0.0,0.0,1779,811.135217
2,5.383442,0.001674,6.109243,0.33744,0.0,773.0663570000003,0.0,0.0,1779,819.12723
2,5.383442,0.001674,6.109243,0.33744,0.0,780.6463760000003,0.0,0.0,1779,827.186968
2,5.383442,0.001674,6.109243,0.33744,0.0,788.2232550000002,0.0,0.0,1779,835.219373
2,5.383442,0.001674,6.109243,0.33744,0.0,795.7987350000002,0.0,0.0,1779,843.207263
2,5.383442,0.001674,6.109243,0.33744,0.0,803.3747350000002,0.0,0.0,1779,851.259079
2,5.383442,0.001674,6.109243,0.33744,0.0,810.9517690000002,0.0,0.0,1779,859.291368
2,5.383442,0.001674,6.109243,0.33744,0.0,818.5282310000002,0.0,0.0,1779,867.299289
2,5.383442,0.001674,6.109243,0.33744,0.0,826.1050090000002,0.0,0.0,1779,875.339009
2,5.383442,0.001674,6.109243,0.33744,0.0,833.6823090000003,0.0,0.0,1779,883.379124
2,5.383442,0.001674,6.109243,0.33744,0.0,833.6936740000002,0.0,0.0,1779,883.869798
2,5.383442,0.001674,6.109243,0.33744,0.0,833.7047220000002,0.0,0.0,1779,884.344445
2,5.383442,0.001674,6.109243,0.33744,0.0,864.9368590000001,0.0,0.0,1779,916.060046
2,5.383442,0.001674,6.109243,0.33744,0.0,872.5159190000002,0.0,0.0,1779,923.639227
2,5.383442,0.001674,6.109243,0.33744,0.0,880.0956330000001,0.0,0.0,1779,931.219073
2,5.383442,0.001674,6.109243,0.33744,0.0,887.6755830000002,0.0,0.0,1779,939.268618
2,5.383442,0.001674,6.109243,0.33744,0.0,895.2524440000002,0.0,0.0,1779,947.31526
2,5.383442,0.001674,6.109243,0.33744,0.0,902.8247130000002,0.0,0.0,1779,955.358934
2,5.383442,0.001674,6.109243,0.33744,0.0,910.4806860000002,0.0,0.0,1779,963.448683
2,5.383442,0.001674,6.109243,0.33744,0.0,918.5118440000002,0.0,0.0,1779,971.479968
2,5.383442,0.001674,6.109243,0.33744,0.0,926.5181120000002,0.0,0.0,1779,979.486357
2,5.383442,0.001674,6.109243,0.33744,0.0,935.3811870000002,0.0,0.0,1779,988.349548
2,5.383442,0.001674,6.109243,0.33744,0.0,944.9908490000001,0.0,0.0,1779,997.959332
2,5.383442,0.001674,6.109243,0.33744,0.0,956.8825090000001,0.0,0.0,1779,1009.851117
2,5.383442,0.001674,6.109243,0.33744,0.0,956.8852400000002,0.0,0.0,1779,1009.853981
2,5.383442,0.001674,6.109243,0.33744,0.0,971.1723490000002,0.0,0.0,1779,1024.141202
2,5.383442,0.001674,6.109243,0.33744,0.0,971.1758000000002,0.0,0.0,1779,1024.144784
2,5.383442,0.001674,6.109243,0.33744,0.0,971.1785600000002,0.0,0.0,1779,1024.147669
2,5.383442,0.001674,6.109243,0.33744,0.0,986.5304920000002,0.0,0.0,1779,1039.49971
2,5.383442,0.001674,6.109243,0.33744,0.0,986.5340970000002,0.0,0.0,1779,1039.503449
2,5.383442,0.001674,6.109243,0.33744,0.0,986.5375370000002,0.0,0.0,1779,1039.507007
2,5.383442,0.001674,6.109243,0.33744,0.0,1001.8529050000002,0.0,0.0,1779,1054.822486
2,5.383442,0.001674,6.109243,0.33744,0.0,1001.8555680000002,0.0,0.0,1779,1054.825271
2,5.383442,0.001674,6.109243,0.33744,0.0,1001.8580590000001,0.0,0.0,1779,1054.827877
2,5.383442,0.001674,6.109243,0.33744,0.0,1018.4726120000001,0.0,0.0,1779,1071.442534
2,5.383442,0.001674,6.109243,0.33744,0.0,1018.4747900000001,0.0,0.0,1779,1071.444793
2,5.383442,0.001674,6.109243,0.33744,0.0,1018.4770790000001,0.0,0.0,1779,1071.447167
2,5.383442,0.001674,6.109243,0.33744,0.0,1021.8114540000001,0.0,0.0,1779,1074.781661
2,5.383442,0.001674,6.109243,0.33744,0.0,1021.8134840000001,0.0,0.0,1779,1074.78377
2,5.383442,0.001674,6.109243,0.33744,0.0,1021.8158480000001,0.0,0.0,1779,1074.78622
2,5.383442,0.001674,6.109243,0.33744,0.0,1021.818203,0.0,0.0,1779,1074.788661
2,5.383442,0.001674,6.109243,0.33744,0.0,1025.119132,0.0,0.0,1779,1078.565944
2,5.383442,0.001674,6.109243,0.33744,0.0,1028.261614,0.0,0.0,1779,1081.708546
2,5.383442,0.001674,6.109243,0.33744,0.0,1031.388112,0.0,0.0,1779,1084.835162
2,5.383442,0.001674,6.109243,0.33744,0.0,1034.4058300000002,0.0,0.0,1779,1087.852991
2,5.383442,0.001674,6.109243,0.33744,0.0,1037.420401,0.0,0.0,1779,1090.867677
2,5.383442,0.001674,6.109243,0.33744,0.0,1040.339322,0.0,0.0,1779,1093.786681
2,5.383442,0.001674,6.109243,0.33744,0.0,1043.472111,0.0,0.0,1779,1096.9196
2,5.383442,0.001674,6.109243,0.33744,0.0,1046.6438210000001,0.0,0.0,1779,1100.091402
2,5.383442,0.001674,6.109243,0.33744,0.0,1049.918764,0.0,0.0,1779,1103.366459
2,5.383442,0.001674,6.109243,0.33744,0.0,1053.687225,0.0,0.0,1779,1107.135113
2,5.383442,0.001674,6.109243,0.33744,0.0,1058.2307569999998,0.0,0.0,1779,1111.678787
2,5.383442,0.001674,6.109243,0.33744,4.571868,1058.2307569999998,0.0,0.0,1779,1111.707123
2,5.383442,0.001674,6.109243,0.33744,4.571868,1058.2307569999998,0.0,0.0,1696,1111.707163
2,5.383442,0.001674,9.111355,0.33744,4.571868,1058.2307569999998,0.0,0.0,1696,1114.709304
2,5.383442,0.001674,9.111355,0.33744,4.571868,1058.2307569999998,0.0,0.0,1715,1115.70877
3,5.383442,0.001674,13.410345,0.33744,4.571868,1058.2307569999998,0.0,0.0,1715,1120.007986
3,5.383442,0.001674,13.410345,0.33744,4.571868,1058.2307569999998,1.759312,0.0,1715,1121.767453
3,5.383442,0.001674,13.410345,0.33744,4.571868,1058.2307569999998,1.759312,0.0,1711,1121.767546
3,5.383442,0.001674,10660.428302,0.33744,4.571868,1058.2307569999998,1.759312,0.0,1711,11768.78561
3,5.383442,0.001674,10660.428302,12.180528,4.571868,1058.2307569999998,1.759312,0.0,1711,11780.986316
3,5.383442,0.001674,10660.428302,12.180528,4.571868,1260.0855809999998,1.759312,0.0,1711,11982.847275
3,5.383442,0.001674,10660.428302,12.180528,4.571868,1271.2343419999997,1.759312,0.0,1711,11993.996167
3,5.383442,0.001674,10660.428302,12.180528,4.571868,1287.0707429999998,1.759312,0.0,1711,12009.832694
3,5.383442,0.001674,10660.428302,12.180528,4.571868,1306.7527219999997,1.759312,0.0,1711,12029.514795
3,5.383442,0.001674,10660.428302,12.180528,4.571868,1322.3360009999997,1.759312,0.0,1711,12045.098197
3,5.383442,0.001674,10660.428302,12.180528,4.571868,1346.7353959999996,1.759312,0.0,1711,12069.497746
3,5.383442,0.001674,10660.428302,12.180528,4.571868,1374.9025919999997,1.759312,0.0,1711,12097.665045
3,5.383442,0.001674,10660.428302,12.180528,4.571868,1383.6881759999997,1.759312,0.0,1711,12106.450753
3,5.383442,0.001674,10660.428302,12.180528,4.571868,1396.3295849999997,1.759312,0.0,1711,12119.092292
3,5.383442,0.001674,10660.428302,12.180528,4.571868,1401.4800649999997,1.759312,0.0,1711,12124.242915
3,5.383442,0.001674,10660.428302,12.180528,4.571868,1409.0473169999998,1.759312,0.0,1711,12131.810344
3,5.383442,0.001674,10660.428302,12.180528,4.571868,1416.6269859999998,1.759312,0.0,1711,12139.390232
3,5.383442,0.001674,10660.428302,12.180528,4.571868,1416.6314739999998,1.759312,0.0,1711,12139.395011
3,5.383442,0.001674,10660.428302,12.180528,4.571868,1424.706951,1.759312,0.0,1711,12147.470678
3,5.383442,0.001674,10660.428302,12.180528,4.571868,1432.2824879999998,1.759312,0.0,1711,12155.046331
3,5.383442,0.001674,10660.428302,12.180528,4.571868,1432.2869529999998,1.759312,0.0,1711,12155.051027
3,5.383442,0.001674,10660.428302,12.180528,4.571868,1432.2902109999998,1.759312,0.0,1711,12155.05444
3,5.383442,0.001674,10660.428302,12.180528,4.571868,1432.2934799999998,1.759312,0.0,1711,12155.057829
3,5.383442,0.001674,10660.428302,12.180528,4.571868,1440.0267299999998,1.759312,0.0,1711,12162.791185
3,5.383442,0.001674,10660.428302,12.180528,4.571868,1440.0295989999997,1.759312,0.0,1711,12162.794182
3,5.383442,0.001674,10660.428302,12.180528,4.571868,1440.0327289999998,1.759312,0.0,1711,12162.797436
3,5.383442,0.001674,10660.428302,12.180528,4.571868,1447.839963,1.759312,0.0,1711,12170.60477
3,5.383442,0.001674,10660.428302,12.180528,4.571868,1447.842747,1.759312,0.0,1711,12170.60767
3,5.383442,0.001674,10660.428302,12.180528,4.571868,1447.845752,1.759312,0.0,1711,12170.610789
3,5.383442,0.001674,10660.428302,12.180528,4.571868,1447.848467,1.759312,0.0,1711,12170.613606
3,5.383442,0.001674,10660.428302,12.180528,4.571868,1447.851392,1.759312,0.0,1711,12170.616639
3,5.383442,0.001674,10660.428302,12.180528,4.571868,1455.904683,1.759312,0.0,1711,12178.670031
3,5.383442,0.001674,10660.428302,12.180528,4.571868,1455.907526,1.759312,0.0,1711,12178.672994
3,5.383442,0.001674,10660.428302,12.180528,4.571868,1455.911647,1.759312,0.0,1711,12178.677228
3,5.383442,0.001674,10660.428302,12.180528,4.571868,1459.801704,1.759312,0.0,1711,12190.152298
3,5.383442,0.001674,10660.428302,12.180528,4.571868,1463.737185,1.759312,0.0,1711,12194.087894
3,5.383442,0.001674,10660.428302,12.180528,4.571868,1468.042809,1.759312,0.0,1711,12198.393605
3,5.383442,0.001674,10660.428302,12.180528,4.571868,1472.2417050000001,1.759312,0.0,1711,12202.59262
3,5.383442,0.001674,10660.428302,12.180528,4.571868,1476.5852840000002,1.759312,0.0,1711,12206.93632
3,5.383442,0.001674,10660.428302,12.180528,4.571868,1476.5880620000003,1.759312,0.0,1711,12206.93919
3,5.383442,0.001674,10660.428302,12.180528,4.571868,1476.5915300000004,1.759312,0.0,1711,12206.942782
3,5.383442,0.001674,10660.428302,12.180528,4.571868,1476.5949420000004,1.759312,0.0,1711,12206.946304
3,5.383442,0.001674,10660.428302,12.180528,4.571868,1476.5992220000005,1.759312,0.0,1711,12206.950686
3,5.383442,0.001674,10660.428302,12.180528,4.571868,1480.6284900000005,1.759312,0.0,1711,12210.980053
3,5.383442,0.001674,10660.428302,12.180528,4.571868,1480.6315040000004,1.759312,0.0,1711,12210.983151
3,5.383442,0.001674,10660.428302,12.180528,4.571868,1480.6348920000005,1.759312,0.0,1711,12210.986659
3,5.383442,0.001674,10660.428302,12.180528,4.571868,1484.8921790000004,1.759312,0.0,1711,12215.244044
3,5.383442,0.001674,10660.428302,12.180528,4.571868,1484.8969370000004,1.759312,0.0,1711,12215.748875
3,5.383442,0.001674,10660.428302,12.180528,4.571868,1484.8997450000004,1.759312,0.0,1711,12215.751774
3,5.383442,0.001674,10660.428302,12.180528,4.571868,1489.3894710000004,1.759312,0.0,1711,12227.824092
3,5.383442,0.001674,10660.428302,12.180528,4.571868,1493.7932910000004,1.759312,0.0,1711,12232.228031
3,5.383442,0.001674,10660.428302,12.180528,4.571868,1498.0216340000004,1.759312,0.0,1711,12236.456458
3,5.383442,0.001674,10660.428302,12.180528,4.571868,1502.2813060000003,1.759312,0.0,1711,12240.716258
3,5.383442,0.001674,10660.428302,12.180528,4.571868,1506.8351500000003,1.759312,0.0,1711,12245.270252
3,5.383442,0.001674,10660.428302,12.180528,4.571868,1514.4154750000002,1.759312,0.0,1711,12253.560532
3,5.383442,0.001674,10660.428302,12.180528,4.571868,1521.9956120000002,1.759312,0.0,1711,12261.14081
3,5.383442,0.001674,10660.428302,12.180528,4.571868,1525.9791380000001,1.759312,0.0,1711,12265.124477
3,5.383442,0.001674,10660.428302,12.180528,4.571868,1533.5621420000002,1.759312,0.0,1711,12273.636628
3,5.383442,0.001674,10660.428302,12.180528,4.571868,1541.1459100000002,1.759312,0.0,1711,12281.220543
3,5.383442,0.001674,10660.428302,12.180528,4.571868,1545.1884870000001,1.759312,0.0,1711,12285.263249
3,5.383442,0.001674,10660.428302,12.180528,4.571868,1552.770236,1.759312,0.0,1711,12293.3326
3,5.383442,0.001674,10660.428302,12.180528,4.571868,1560.349989,1.759312,0.0,1711,12300.912487
3,5.383442,0.001674,10660.428302,12.180528,4.571868,1564.5829350000001,1.759312,0.0,1711,12305.145573
3,5.383442,0.001674,10660.428302,12.180528,4.571868,1572.1644270000002,1.759312,0.0,1711,12312.936631
3,5.383442,0.001674,10660.428302,12.180528,4.571868,1579.744196,1.759312,0.0,1711,12320.51654
3,5.383442,0.001674,10660.428302,12.180528,4.571868,1587.327324,1.759312,0.0,1711,12328.099806
3,5.383442,0.001674,10660.428302,12.180528,4.571868,1591.4424230000002,1.759312,0.0,1711,12339.802035
3,5.383442,0.001674,10660.428302,12.180528,4.571868,1595.6376040000002,1.759312,0.0,1711,12343.997333
3,5.383442,0.001674,10660.428302,12.180528,4.571868,1599.4865800000002,1.759312,0.0,1711,12347.846429
3,5.383442,0.001674,10660.428302,12.180528,4.571868,1603.3780520000003,1.759312,0.0,1711,12351.738014
3,5.383442,0.001674,10660.428302,12.180528,4.571868,1607.2726290000003,1.759312,0.0,1711,12355.632677
3,5.383442,0.001674,10660.428302,12.180528,4.571868,1611.3276990000002,1.759312,0.0,1711,12359.966097
3,5.383442,0.001674,10660.428302,12.180528,4.571868,1615.453594,1.759312,0.0,1711,12364.092124
3,5.383442,0.001674,10660.428302,12.180528,4.571868,1623.031401,1.759312,0.0,1711,12371.670083
3,5.383442,0.001674,10660.428302,12.180528,4.571868,1630.612282,1.759312,0.0,1711,12379.251144
3,5.383442,0.001674,10660.428302,12.180528,4.571868,1638.1911790000001,1.759312,0.0,1711,12386.830207
3,5.383442,0.001674,10660.428302,12.180528,4.571868,1638.195852,1.759312,0.0,1711,12386.835034
3,5.383442,0.001674,10660.428302,12.180528,4.571868,1638.199216,1.759312,0.0,1711,12386.83851
3,5.383442,0.001674,10660.428302,12.180528,4.571868,1642.209379,1.759312,0.0,1711,12390.848792
3,5.383442,0.001674,10660.428302,12.180528,4.571868,1642.212307,1.759312,0.0,1711,12390.851841
3,5.383442,0.001674,10660.428302,12.180528,4.571868,1642.215403,1.759312,0.0,1711,12390.855045
3,5.383442,0.001674,10660.428302,12.180528,4.571868,1642.218664,1.759312,0.0,1711,12390.858404
3,5.383442,0.001674,10660.428302,12.180528,4.571868,1646.580518,1.759312,0.0,1711,12395.220362
3,5.383442,0.001674,10660.428302,12.180528,4.571868,1646.583239,1.759312,0.0,1711,12395.223172
3,5.383442,0.001674,10660.428302,12.180528,4.571868,1646.586151,1.759312,0.0,1711,12395.226168
3,5.383442,0.001674,10660.428302,12.180528,4.571868,1646.5914129999999,1.759312,0.0,1711,12402.811493
3,5.383442,0.001674,10660.428302,12.180528,4.571868,1650.7642819999999,1.759312,0.0,1711,12414.572858
3,5.383442,0.001674,10660.428302,12.180528,4.571868,1655.0459839999999,1.759312,0.0,1711,12418.854681
3,5.383442,0.001674,10660.428302,12.180528,4.571868,1655.0504649999998,1.759312,0.0,1711,12419.187185
3,5.383442,0.001674,10660.428302,12.180528,4.571868,1659.321681,1.759312,0.0,1711,12423.458521
3,5.383442,0.001674,10660.428302,12.180528,4.571868,1659.32503,1.759312,0.0,1711,12423.461991
3,5.383442,0.001674,10660.428302,12.180528,4.571868,1659.328153,1.759312,0.0,1711,12423.465216
3,5.383442,0.001674,10660.428302,12.180528,4.571868,1659.332179,1.759312,0.0,1711,12423.46937
3,5.383442,0.001674,10660.428302,12.180528,4.571868,1663.625912,1.759312,0.0,1711,12435.352127
3,5.383442,0.001674,10660.428302,12.180528,4.571868,1667.630571,1.759312,0.0,1711,12439.356899
3,5.383442,0.001674,10660.428302,12.180528,4.571868,1675.207809,1.759312,0.0,1711,12446.934259
3,5.383442,0.001674,10660.428302,12.180528,4.571868,1682.787633,1.759312,0.0,1711,12454.514221
3,5.383442,0.001674,10660.428302,12.180528,4.571868,1690.3685429999998,1.759312,0.0,1711,12462.095234
3,5.383442,0.001674,10660.428302,12.180528,4.571868,1694.6039519999997,1.759312,0.0,1711,12473.961832
3,5.383442,0.001674,10660.428302,12.180528,4.571868,1698.8454419999998,1.759312,0.0,1711,12478.20344
3,5.383442,0.001674,10660.428302,12.180528,4.571868,1698.848699,1.759312,0.0,1711,12478.206815
3,5.383442,0.001674,10660.428302,12.180528,4.571868,1698.8518769999998,1.759312,0.0,1711,12478.210091
3,5.383442,0.001674,10660.428302,12.180528,4.571868,1703.364811,1.759312,0.0,1711,12482.723125
3,5.383442,0.001674,10660.428302,12.180528,4.571868,1703.3691669999998,1.759312,0.0,1711,12483.11802
3,5.383442,0.001674,10660.428302,12.180528,4.571868,1703.372058,1.759312,0.0,1711,12483.121019
3,5.383442,0.001674,10660.428302,12.180528,4.571868,1707.694049,1.759312,0.0,1711,12495.03005
3,5.383442,0.001674,10660.428302,12.180528,4.571868,1712.126861,1.759312,0.0,1711,12499.462944
3,5.383442,0.001674,10660.428302,12.180528,4.571868,1716.67804,1.759312,0.0,1711,12504.014245
3,5.383442,0.001674,10660.428302,12.180528,4.571868,1721.267311,1.759312,0.0,1711,12509.137332
3,5.383442,0.001674,10660.428302,12.180528,4.571868,1725.6687940000002,1.759312,0.0,1711,12513.538936
3,5.383442,0.001674,10660.428302,12.180528,4.571868,1729.6472360000002,1.759312,0.0,1711,12517.858476
3,5.383442,0.001674,10660.428302,12.180528,4.571868,1733.5909750000003,1.759312,0.0,1711,12521.802355
3,5.383442,0.001674,10660.428302,12.180528,4.571868,1733.5937450000004,1.759312,0.0,1711,12521.805227
3,5.383442,0.001674,10660.428302,12.180528,4.571868,1733.5967210000003,1.759312,0.0,1711,12521.808299
3,5.383442,0.001674,10660.428302,12.180528,4.571868,1738.3703720000003,1.759312,0.0,1711,12526.582032
3,5.383442,0.001674,10660.428302,12.180528,4.571868,1738.3746760000004,1.759312,0.0,1711,12526.586479
3,5.383442,0.001674,10660.428302,12.180528,4.571868,1738.3782480000004,1.759312,0.0,1711,12526.590196
3,5.383442,0.001674,10660.428302,12.180528,4.571868,1742.5624260000004,1.759312,0.0,1711,12530.774493
3,5.383442,0.001674,10660.428302,12.180528,4.571868,1742.5649730000005,1.759312,0.0,1711,12530.777134
3,5.383442,0.001674,10660.428302,12.180528,4.571868,1742.5675330000004,1.759312,0.0,1711,12530.779777
3,5.383442,0.001674,10660.428302,12.180528,4.571868,1742.5709210000005,1.759312,0.0,1711,12530.78327
3,5.383442,0.001674,10660.428302,12.180528,4.571868,1747.1073320000005,1.759312,0.0,1711,12535.319778
3,5.383442,0.001674,10660.428302,12.180528,4.571868,1747.1100360000005,1.759312,0.0,1711,12535.32257
3,5.383442,0.001674,10660.428302,12.180528,4.571868,1747.1127830000005,1.759312,0.0,1711,12535.325409
3,5.383442,0.001674,10660.428302,12.180528,4.571868,1747.1153960000006,1.759312,0.0,1711,12535.328097
3,5.383442,0.001674,10660.428302,12.180528,4.571868,1747.1181100000006,1.759312,0.0,1711,12535.330882
3,5.383442,0.001674,10660.428302,12.180528,4.571868,1751.5121020000006,1.759312,0.0,1711,12547.308145
3,5.383442,0.001674,10660.428302,12.180528,4.571868,1755.9464400000006,1.759312,0.0,1711,12551.74257
3,5.383442,0.001674,10660.428302,12.180528,4.571868,1755.9499420000006,1.759312,0.0,1711,12551.746201
3,5.383442,0.001674,10660.428302,12.180528,4.571868,1755.9533840000006,1.759312,0.0,1711,12551.74975
3,5.383442,0.001674,10660.428302,12.180528,4.571868,1755.9569420000007,1.759312,0.0,1711,12551.753419
3,5.383442,0.001674,10660.428302,12.180528,4.571868,1760.4265950000008,1.759312,0.0,1711,12563.812011
3,5.383442,0.001674,10660.428302,12.180528,4.571868,1764.9180410000008,1.759312,0.0,1711,12568.303574
3,5.383442,0.001674,10660.428302,12.180528,4.571868,1769.4465310000007,1.759312,0.0,1711,12572.832185
3,5.383442,0.001674,10660.428302,12.180528,4.571868,1773.9530000000007,1.759312,0.0,1711,12577.338781
3,5.383442,0.001674,10660.428302,12.180528,4.571868,1778.1826830000007,1.759312,0.0,1711,12581.568587
3,5.383442,0.001674,10660.428302,12.180528,4.571868,1782.6898070000007,1.759312,0.0,1711,12586.075843
3,5.383442,0.001674,10660.428302,12.180528,4.571868,1787.4537230000008,1.759312,0.0,1711,12590.839898
3,5.383442,0.001674,10660.428302,12.180528,4.571868,1792.4352990000007,1.759312,0.0,1711,12595.821627
3,5.383442,0.001674,10660.428302,12.180528,4.571868,1792.4854550000007,1.759312,0.0,1711,12595.871901
3,5.383442,0.001674,10660.428302,12.180528,4.571868,1792.5353700000007,1.759312,0.0,1711,12595.921977
3,5.383442,0.001674,10660.428302,12.180528,4.571868,1797.4855570000007,1.759312,0.0,1711,12600.87237
3,5.383442,0.001674,10660.428302,12.180528,4.571868,1797.5398510000007,1.759312,0.0,1711,12601.360687
3,5.383442,0.001674,10660.428302,12.180528,4.571868,1797.5934910000008,1.759312,0.0,1711,12601.414525
3,5.383442,0.001674,10660.428302,12.180528,4.571868,1797.6472130000009,1.759312,0.0,1711,12601.468494
3,5.383442,0.001674,10660.428302,12.180528,4.571868,1802.3432810000008,1.759312,0.0,1711,12606.164728
3,5.383442,0.001674,10660.428302,12.180528,4.571868,1802.3917120000008,1.759312,0.0,1711,12606.213251
3,5.383442,0.001674,10660.428302,12.180528,4.571868,1802.4457890000008,1.759312,0.0,1711,12606.267495
3,5.383442,0.001674,10660.428302,12.180528,4.571868,1802.5001440000008,1.759312,0.0,1711,12606.322022
3,5.383442,0.001674,10660.428302,12.180528,4.571868,1807.3162580000007,1.759312,0.0,1711,12611.138297
3,5.383442,0.001674,10660.428302,12.180528,4.571868,1807.3651380000008,1.759312,0.0,1711,12611.187267
3,5.383442,0.001674,10660.428302,12.180528,4.571868,1807.4144760000008,1.759312,0.0,1711,12611.236698
3,5.383442,0.001674,10660.428302,12.180528,4.571868,1807.4641400000007,1.759312,0.0,1711,12611.286461
3,5.383442,0.001674,10660.428302,12.180528,4.571868,1807.5135750000006,1.759312,0.0,1711,12611.336001
3,5.383442,0.001674,10660.428302,12.180528,4.571868,1812.5145420000006,1.759312,0.0,1711,12623.919241
3,5.383442,0.001674,10660.428302,12.180528,4.571868,1817.5063910000006,1.759312,0.0,1711,12628.911212
3,5.383442,0.001674,10660.428302,12.180528,4.571868,1822.5225970000006,1.759312,0.0,1711,12633.927541
3,5.383442,0.001674,10660.428302,12.180528,4.571868,1827.3978200000006,1.759312,0.0,1711,12638.802888
3,5.383442,0.001674,10660.428302,12.180528,4.571868,1832.3042670000007,1.759312,0.0,1711,12643.709461
3,5.383442,0.001674,10660.428302,12.180528,4.571868,1837.3784360000006,1.759312,0.0,1711,12648.783762
3,5.383442,0.001674,10660.428302,12.180528,4.571868,1837.4049770000006,1.759312,0.0,1711,12648.810443
3,5.383442,0.001674,10660.428302,12.180528,4.571868,1837.4319510000007,1.759312,0.0,1711,12648.837584
3,5.383442,0.001674,10660.428302,12.180528,4.571868,1842.4760920000008,1.759312,0.0,1711,12653.881824
3,5.383442,0.001674,10660.428302,12.180528,4.571868,1842.5157670000008,1.759312,0.0,1711,12653.921633
3,5.383442,0.001674,10660.428302,12.180528,4.571868,1842.5431740000008,1.759312,0.0,1711,12653.949204
3,5.383442,0.001674,10660.428302,12.180528,4.571868,1842.5707650000008,1.759312,0.0,1711,12653.976949
3,5.383442,0.001674,10660.428302,12.180528,4.571868,1847.5184020000008,1.759312,0.0,1711,12658.924724
3,5.383442,0.001674,10660.428302,12.180528,4.571868,1847.5428160000008,1.759312,0.0,1711,12658.949229
3,5.383442,0.001674,10660.428302,12.180528,4.571868,1847.5696060000007,1.759312,0.0,1711,12658.976183
3,5.383442,0.001674,10660.428302,12.180528,4.571868,1847.5956580000006,1.759312,0.0,1711,12659.002381
3,5.383442,0.001674,10660.428302,12.180528,4.571868,1852.6711880000007,1.759312,0.0,1711,12664.078059
3,5.383442,0.001674,10660.428302,12.180528,4.571868,1852.6971370000008,1.759312,0.0,1711,12664.104136
3,5.383442,0.001674,10660.428302,12.180528,4.571868,1852.7231120000008,1.759312,0.0,1711,12664.130228
3,5.383442,0.001674,10660.428302,12.180528,4.571868,1857.7221320000008,1.759312,0.0,1711,12676.717287
3,5.383442,0.001674,10660.428302,12.180528,4.571868,1863.122621000001,1.759312,0.0,1711,12682.117896
3,5.383442,0.001674,10660.428302,12.180528,4.571868,1868.1659690000008,1.759312,0.0,1711,12687.161363
3,5.383442,0.001674,10660.428302,12.180528,4.571868,1868.1707760000008,1.759312,0.0,1711,12687.166295
3,5.383442,0.001674,10660.428302,12.180528,4.571868,1868.1756370000007,1.759312,0.0,1711,12687.171264
3,5.383442,0.001674,10660.428302,12.180528,4.571868,1868.1809390000008,1.759312,0.0,1711,12687.176669
3,5.383442,0.001674,10660.428302,12.180528,4.571868,1868.1862720000008,1.759312,0.0,1711,12687.182109
3,5.383442,0.001674,10660.428302,12.180528,4.571868,1873.3634110000007,1.759312,0.0,1711,12699.943516
3,5.383442,0.001674,10660.428302,12.180528,4.571868,1879.0670190000008,1.759312,0.0,1711,12705.647242
3,5.383442,0.001674,10660.428302,12.180528,4.571868,1884.0640050000009,1.759312,0.0,1711,12710.644314
3,5.383442,0.001674,10660.428302,12.180528,4.571868,1889.0219000000009,1.759312,0.0,1711,12715.8712
3,5.383442,0.001674,10660.428302,12.180528,4.571868,1893.684076000001,1.759312,0.0,1711,12721.551543
3,5.383442,0.001674,10660.428302,12.180528,4.571868,1893.689031000001,1.759312,0.0,1711,12721.556639
3,5.383442,0.001674,10660.428302,12.180528,4.571868,1893.692986000001,1.759312,0.0,1711,12721.560724
3,5.383442,0.001674,10660.428302,12.180528,4.571868,1893.6968100000008,1.759312,0.0,1711,12721.564664
3,5.383442,0.001674,10660.428302,12.180528,4.571868,1893.7006880000008,1.759312,0.0,1711,12721.568652
3,5.383442,0.001674,10660.428302,12.180528,4.571868,1898.9881670000009,1.759312,0.0,1711,12726.856238
3,5.383442,0.001674,10660.428302,12.180528,4.571868,1898.991371000001,1.759312,0.0,1711,12726.859531
3,5.383442,0.001674,10660.428302,12.180528,4.571868,1898.995162000001,1.759312,0.0,1711,12726.863446
3,5.383442,0.001674,10660.428302,12.180528,4.571868,1903.691213000001,1.759312,0.0,1711,12731.559597
3,5.383442,0.001674,10660.428302,12.180528,4.571868,1903.695143000001,1.759312,0.0,1711,12731.563646
3,5.383442,0.001674,10660.428302,12.180528,4.571868,1903.698907000001,1.759312,0.0,1711,12731.567518
3,5.383442,0.001674,10660.428302,12.180528,4.571868,1908.7308370000012,1.759312,0.0,1711,12744.182206
3,5.383442,0.001674,10660.428302,12.180528,4.571868,1914.0116120000012,1.759312,0.0,1711,12749.463101
3,5.383442,0.001674,10660.428302,12.180528,4.571868,1919.5643210000012,1.759312,0.0,1711,12755.015931
3,5.383442,0.001674,10660.428302,12.180528,4.571868,1924.7535490000012,1.759312,0.0,1711,12760.20528
3,5.383442,0.001674,10660.428302,12.180528,4.571868,1929.8411790000011,1.759312,0.0,1711,12765.293003
3,5.383442,0.001674,10660.428302,12.180528,4.571868,1929.8441390000012,1.759312,0.0,1711,12765.296061
3,5.383442,0.001674,10660.428302,12.180528,4.571868,1935.1692670000011,1.759312,0.0,1711,12770.621278
3,5.383442,0.001674,10660.428302,12.180528,4.571868,1935.1733790000012,1.759312,0.0,1711,12770.625518
3,5.383442,0.001674,10660.428302,12.180528,4.571868,1935.1771970000011,1.759312,0.0,1711,12770.629481
3,5.383442,0.001674,10660.428302,12.180528,4.571868,1935.180991000001,1.759312,0.0,1711,12770.633386
3,5.383442,0.001674,10660.428302,12.180528,4.571868,1935.184885000001,1.759312,0.0,1711,12770.637391
3,5.383442,0.001674,10660.428302,12.180528,4.571868,1940.5040520000011,1.759312,0.0,1711,12775.956655
3,5.383442,0.001674,10660.428302,12.180528,4.571868,1940.5078440000011,1.759312,0.0,1711,12775.960567
3,5.383442,0.001674,10660.428302,12.180528,4.571868,1940.5113240000012,1.759312,0.0,1711,12775.964154
3,5.383442,0.001674,10660.428302,12.180528,4.571868,1940.5151660000013,1.759312,0.0,1711,12775.968101
3,5.383442,0.001674,10660.428302,12.180528,4.571868,1945.5523850000013,1.759312,0.0,1711,12788.591501
3,5.383442,0.001674,10660.428302,12.180528,4.571868,1950.2755900000013,1.759312,0.0,1711,12793.314829
3,5.383442,0.001674,10660.428302,12.180528,4.571868,1955.3924250000014,1.759312,0.0,1711,12798.431782
3,5.383442,0.001674,10660.428302,12.180528,4.571868,1960.5473900000013,1.759312,0.0,1711,12803.586864
3,5.383442,0.001674,10660.428302,12.180528,4.571868,1965.7778680000013,1.759312,0.0,1711,12808.817469
3,5.383442,0.001674,10660.428302,12.180528,4.571868,1970.8233510000014,1.759312,0.0,1711,12813.863045
3,5.383442,0.001674,10660.428302,12.180528,4.571868,1976.0235600000015,1.759312,0.0,1711,12819.063396
3,5.383442,0.001674,10660.428302,12.180528,9.77232,1976.0235600000015,1.759312,0.0,1711,12819.063639
3,5.383442,0.001674,10660.428302,12.180528,9.77232,1976.0235600000015,1.759312,0.0,1696,12819.063675
3,5.383442,0.001674,10672.195063000001,12.180528,9.77232,1976.0235600000015,1.759312,0.0,1696,12830.830466
3,5.383442,0.001674,10672.195063000001,12.180528,9.77232,1976.0235600000015,2.250314,0.0,1696,12831.321714
3,5.383442,0.001674,10672.195063000001,12.180528,9.77232,1976.0235600000015,2.250314,0.0,1685,12831.321828
3,5.383442,0.001674,10698.436361000002,12.180528,9.77232,1976.0235600000015,2.250314,0.0,1685,12857.563293
3,5.383442,0.001674,10698.436361000002,14.288730000000001,9.77232,1976.0235600000015,2.250314,0.0,1685,12859.671634
3,5.383442,0.001674,10698.436361000002,14.288730000000001,9.77232,1986.8608630000015,2.250314,0.0,1685,12870.516904
3,5.383442,0.001674,10698.436361000002,14.288730000000001,9.77232,1996.4796960000015,2.250314,0.0,1685,12880.135862
3,5.383442,0.001674,10698.436361000002,14.288730000000001,9.77232,2008.7599710000015,2.250314,0.0,1685,12892.416259
3,5.383442,0.001674,10698.436361000002,14.288730000000001,9.77232,2027.7731640000015,2.250314,0.0,1685,12911.429578
3,5.383442,0.001674,10698.436361000002,14.288730000000001,9.77232,2043.5208800000016,2.250314,0.0,1685,12927.177416
3,5.383442,0.001674,10698.436361000002,14.288730000000001,9.77232,2068.105697000002,2.250314,0.0,1685,12951.762385
3,5.383442,0.001674,10698.436361000002,14.288730000000001,9.77232,2096.231795000002,2.250314,0.0,1685,12979.88861
3,5.383442,0.001674,10698.436361000002,14.288730000000001,9.77232,2105.423349000002,2.250314,0.0,1685,12989.080286
3,5.383442,0.001674,10698.436361000002,14.288730000000001,9.77232,2118.740138000002,2.250314,0.0,1685,13002.397215
3,5.383442,0.001674,10698.436361000002,14.288730000000001,9.77232,2123.846000000002,2.250314,0.0,1685,13007.503225
3,5.383442,0.001674,10698.436361000002,14.288730000000001,9.77232,2131.075341000002,2.250314,0.0,1685,13014.732744
3,5.383442,0.001674,10698.436361000002,14.288730000000001,9.77232,2131.079078000002,2.250314,0.0,1685,13014.736706
3,5.383442,0.001674,10698.436361000002,14.288730000000001,9.77232,2131.084660000002,2.250314,0.0,1685,13014.742517
3,5.383442,0.001674,10698.436361000002,14.288730000000001,9.77232,2139.812966000002,2.250314,0.0,1685,13023.47101
3,5.383442,0.001674,10698.436361000002,14.288730000000001,9.77232,2139.8168560000017,2.250314,0.0,1685,13023.47508
3,5.383442,0.001674,10698.436361000002,14.288730000000001,9.77232,2139.8223540000017,2.250314,0.0,1685,13023.480767
3,5.383442,0.001674,10698.436361000002,14.288730000000001,9.77232,2139.827601000002,2.250314,0.0,1685,13023.48617
3,5.383442,0.001674,10698.436361000002,14.288730000000001,9.77232,2148.1201930000016,2.250314,0.0,1685,13031.778854
3,5.383442,0.001674,10698.436361000002,14.288730000000001,9.77232,2148.1247130000015,2.250314,0.0,1685,13031.783463
3,5.383442,0.001674,10698.436361000002,14.288730000000001,9.77232,2148.1291630000014,2.250314,0.0,1685,13031.787997
3,5.383442,0.001674,10698.436361000002,14.288730000000001,9.77232,2148.1334480000014,2.250314,0.0,1685,13031.792349
3,5.383442,0.001674,10698.436361000002,14.288730000000001,9.77232,2148.1384530000014,2.250314,0.0,1685,13031.797412
3,5.383442,0.001674,10698.436361000002,14.288730000000001,9.77232,2148.1434590000013,2.250314,0.0,1685,13031.802497
3,5.383442,0.001674,10698.436361000002,14.288730000000001,9.77232,2148.1484280000013,2.250314,0.0,1685,13031.807542
3,5.383442,0.001674,10698.436361000002,14.288730000000001,9.77232,2156.5143490000014,2.250314,0.0,1685,13040.173533
3,5.383442,0.001674,10698.436361000002,14.288730000000001,9.77232,2156.5200570000015,2.250314,0.0,1685,13040.179362
3,5.383442,0.001674,10698.436361000002,14.288730000000001,9.77232,2156.5257850000016,2.250314,0.0,1685,13040.185208
3,5.383442,0.001674,10698.436361000002,14.288730000000001,9.77232,2165.3979980000017,2.250314,0.0,1685,13051.165385
3,5.383442,0.001674,10698.436361000002,14.288730000000001,9.77232,2173.9914200000017,2.250314,0.0,1685,13059.758934
3,5.383442,0.001674,10698.436361000002,14.288730000000001,9.77232,2182.5185370000017,2.250314,0.0,1685,13068.286168
3,5.383442,0.001674,10698.436361000002,14.288730000000001,9.77232,2182.523960000002,2.250314,0.0,1685,13068.291715
3,5.383442,0.001674,10698.436361000002,14.288730000000001,9.77232,2191.115835000002,2.250314,0.0,1685,13076.883724
3,5.383442,0.001674,10698.436361000002,14.288730000000001,9.77232,2191.121140000002,2.250314,0.0,1685,13076.88915
3,5.383442,0.001674,10698.436361000002,14.288730000000001,9.77232,2191.126133000002,2.250314,0.0,1685,13076.894258
3,5.383442,0.001674,10698.436361000002,14.288730000000001,9.77232,2191.131293000002,2.250314,0.0,1685,13076.899524
3,5.383442,0.001674,10698.436361000002,14.288730000000001,9.77232,2199.443356000002,2.250314,0.0,1685,13085.211696
3,5.383442,0.001674,10698.436361000002,14.288730000000001,9.77232,2199.448444000002,2.250314,0.0,1685,13085.216905
3,5.383442,0.001674,10698.436361000002,14.288730000000001,9.77232,2199.4533250000018,2.250314,0.0,1685,13085.221901
3,5.383442,0.001674,10698.436361000002,14.288730000000001,9.77232,2208.262983000002,2.250314,0.0,1685,13096.052375
3,5.383442,0.001674,10698.436361000002,14.288730000000001,9.77232,2217.617526000002,2.250314,0.0,1685,13105.407049
3,5.383442,0.001674,10698.436361000002,14.288730000000001,9.77232,2227.1104800000016,2.250314,0.0,1685,13114.90013
3,5.383442,0.001674,10698.436361000002,14.288730000000001,9.77232,2236.357364000002,2.250314,0.0,1685,13124.147144
3,5.383442,0.001674,10698.436361000002,14.288730000000001,9.77232,2246.1132080000016,2.250314,0.0,1685,13133.90308
3,5.383442,0.001674,10698.436361000002,14.288730000000001,9.77232,2246.1278810000017,2.250314,0.0,1685,13133.917881
3,5.383442,0.001674,10698.436361000002,14.288730000000001,9.77232,2255.9737440000017,2.250314,0.0,1685,13143.763893
3,5.383442,0.001674,10698.436361000002,14.288730000000001,9.77232,2255.988280000002,2.250314,0.0,1685,13143.778559
3,5.383442,0.001674,10698.436361000002,14.288730000000001,9.77232,2256.002962000002,2.250314,0.0,1685,13143.79337
3,5.383442,0.001674,10698.436361000002,14.288730000000001,9.77232,2263.579678000002,2.250314,0.0,1685,13151.370202
3,5.383442,0.001674,10698.436361000002,14.288730000000001,9.77232,2273.263743000002,2.250314,0.0,1685,13161.054406
3,5.383442,0.001674,10698.436361000002,14.288730000000001,9.77232,2273.2782610000017,2.250314,0.0,1685,13161.06905
3,5.383442,0.001674,10698.436361000002,14.288730000000001,9.77232,2280.8553850000017,2.250314,0.0,1685,13168.646285
3,5.383442,0.001674,10698.436361000002,14.288730000000001,9.77232,2288.4351220000017,2.250314,0.0,1685,13176.226165
3,5.383442,0.001674,10698.436361000002,14.288730000000001,9.77232,2297.581764000002,2.250314,0.0,1685,13185.372943
3,5.383442,0.001674,10698.436361000002,14.288730000000001,9.77232,2297.5898070000017,2.250314,0.0,1685,13185.381102
3,5.383442,0.001674,10698.436361000002,14.288730000000001,9.77232,2297.597381000002,2.250314,0.0,1685,13185.388786
3,5.383442,0.001674,10698.436361000002,14.288730000000001,9.77232,2306.5879240000017,2.250314,0.0,1685,13196.347066
3,5.383442,0.001674,10698.436361000002,14.288730000000001,9.77232,2315.819473000002,2.250314,0.0,1685,13205.578735
3,5.383442,0.001674,10698.436361000002,14.288730000000001,9.77232,2324.7612630000017,2.250314,0.0,1685,13214.520644
3,5.383442,0.001674,10698.436361000002,14.288730000000001,9.77232,2334.169468000002,2.250314,0.0,1685,13223.928974
3,5.383442,0.001674,10698.436361000002,14.288730000000001,9.77232,2343.993468000002,2.250314,0.0,1685,13233.753099
3,5.383442,0.001674,10698.436361000002,14.288730000000001,9.77232,2353.486366000002,2.250314,0.0,1685,13243.246128
3,5.383442,0.001674,10698.436361000002,14.288730000000001,9.77232,2353.492964000002,2.250314,0.0,1685,13243.252816
3,5.383442,0.001674,10698.436361000002,14.288730000000001,9.77232,2363.426844000002,2.250314,0.0,1685,13253.186786
3,5.383442,0.001674,10698.436361000002,14.288730000000001,9.77232,2363.432353000002,2.250314,0.0,1685,13253.192429
3,5.383442,0.001674,10698.436361000002,14.288730000000001,9.77232,2363.440092000002,2.250314,0.0,1685,13253.200297
3,5.383442,0.001674,10698.436361000002,14.288730000000001,9.77232,2373.630771000002,2.250314,0.0,1685,13263.391087
3,5.383442,0.001674,10698.436361000002,14.288730000000001,9.77232,2373.634573000002,2.250314,0.0,1685,13263.395026
3,5.383442,0.001674,10698.436361000002,14.288730000000001,9.77232,2373.6420730000023,2.250314,0.0,1685,13263.402652
3,5.383442,0.001674,10698.436361000002,14.288730000000001,9.77232,2373.654859000002,2.250314,0.0,1685,13263.415553
3,5.383442,0.001674,10698.436361000002,14.288730000000001,9.77232,2373.667638000002,2.250314,0.0,1685,13263.428449
3,5.383442,0.001674,10698.436361000002,14.288730000000001,9.77232,2373.675180000002,2.250314,0.0,1685,13263.436103
3,5.383442,0.001674,10698.436361000002,14.288730000000001,9.77232,2384.351614000002,2.250314,0.0,1685,13274.112645
3,5.383442,0.001674,10698.436361000002,14.288730000000001,9.77232,2384.358117000002,2.250314,0.0,1685,13274.119232
3,5.383442,0.001674,10698.436361000002,14.288730000000001,9.77232,2384.365002000002,2.250314,0.0,1685,13274.126236
3,5.383442,0.001674,10698.436361000002,14.288730000000001,9.77232,2394.599302000002,2.250314,0.0,1685,13286.39519
3,5.383442,0.001674,10698.436361000002,14.288730000000001,9.77232,2394.6082140000017,2.250314,0.0,1685,13286.404229
3,5.383442,0.001674,10698.436361000002,14.288730000000001,9.77232,2404.550095000002,2.250314,0.0,1685,13296.346221
3,5.383442,0.001674,10698.436361000002,14.288730000000001,9.77232,2404.559029000002,2.250314,0.0,1685,13296.355274
3,5.383442,0.001674,10698.436361000002,14.288730000000001,9.77232,2404.568035000002,2.250314,0.0,1685,13296.364387
3,5.383442,0.001674,10698.436361000002,14.288730000000001,9.77232,2414.741791000002,2.250314,0.0,1685,13308.601984
3,5.383442,0.001674,10698.436361000002,14.288730000000001,9.77232,2425.396578000002,2.250314,0.0,1685,13319.256891
3,5.383442,0.001674,10698.436361000002,14.288730000000001,9.77232,2435.873362000002,2.250314,0.0,1685,13329.733792
3,5.383442,0.001674,10698.436361000002,14.288730000000001,9.77232,2435.876341000002,2.250314,0.0,1685,13329.736889
3,5.383442,0.001674,10698.436361000002,14.288730000000001,9.77232,2446.508389000002,2.250314,0.0,1685,13340.369049
3,5.383442,0.001674,10698.436361000002,14.288730000000001,9.77232,2446.5119240000017,2.250314,0.0,1685,13340.3727
3,5.383442,0.001674,10698.436361000002,14.288730000000001,9.77232,2446.515480000002,2.250314,0.0,1685,13340.376362
3,5.383442,0.001674,10698.436361000002,14.288730000000001,9.77232,2446.5191200000017,2.250314,0.0,1685,13340.380097
3,5.383442,0.001674,10698.436361000002,14.288730000000001,9.77232,2456.932201000002,2.250314,0.0,1685,13350.79328
3,5.383442,0.001674,10698.436361000002,14.288730000000001,9.77232,2456.935781000002,2.250314,0.0,1685,13350.796978
3,5.383442,0.001674,10698.436361000002,14.288730000000001,9.77232,2456.939252000002,2.250314,0.0,1685,13350.800552
3,5.383442,0.001674,10698.436361000002,14.288730000000001,9.77232,2456.945995000002,2.250314,0.0,1685,13352.860623
3,5.383442,0.001674,10698.436361000002,14.288730000000001,9.77232,2458.0828840000017,2.250314,0.0,1685,13356.162387
3,5.383442,0.001674,10698.436361000002,14.288730000000001,9.77232,2458.091026000002,2.250314,0.0,1685,13358.112678
3,5.383442,0.001674,10698.436361000002,14.288730000000001,9.77232,2468.183884000002,2.250314,0.0,1685,13370.196124
3,5.383442,0.001674,10698.436361000002,14.288730000000001,9.77232,2478.301002000002,2.250314,0.0,1685,13380.31336
3,5.383442,0.001674,10698.436361000002,14.288730000000001,9.77232,2488.1954010000018,2.250314,0.0,1685,13390.207877
3,5.383442,0.001674,10698.436361000002,14.288730000000001,9.77232,2498.2766620000016,2.250314,0.0,1685,13400.28926
3,5.383442,0.001674,10698.436361000002,14.288730000000001,9.77232,2498.2840390000015,2.250314,0.0,1685,13400.296762
3,5.383442,0.001674,10698.436361000002,14.288730000000001,9.77232,2498.2915080000016,2.250314,0.0,1685,13400.30435
3,5.383442,0.001674,10698.436361000002,14.288730000000001,9.77232,2498.2992290000016,2.250314,0.0,1685,13400.312188
3,5.383442,0.001674,10698.436361000002,14.288730000000001,9.77232,2498.3068020000014,2.250314,0.0,1685,13400.319879
3,5.383442,0.001674,10698.436361000002,14.288730000000001,9.77232,2498.3143940000014,2.250314,0.0,1685,13400.327587
3,5.383442,0.001674,10698.436361000002,14.288730000000001,9.77232,2508.6537500000013,2.250314,0.0,1685,13412.62907
3,5.383442,0.001674,10698.436361000002,14.288730000000001,9.77232,2518.8835470000013,2.250314,0.0,1685,13422.858987
3,5.383442,0.001674,10698.436361000002,14.288730000000001,9.77232,2529.568849000001,2.250314,0.0,1685,13433.544408
3,5.383442,0.001674,10698.436361000002,14.288730000000001,9.77232,2529.576037000001,2.250314,0.0,1685,13433.551724
3,5.383442,0.001674,10698.436361000002,14.288730000000001,9.77232,2539.9252680000013,2.250314,0.0,1685,13443.901049
3,5.383442,0.001674,10698.436361000002,14.288730000000001,9.77232,2539.9330660000014,2.250314,0.0,1685,13443.908973
3,5.383442,0.001674,10698.436361000002,14.288730000000001,9.77232,2539.9402840000016,2.250314,0.0,1685,13443.916318
3,5.383442,0.001674,10698.436361000002,14.288730000000001,9.77232,2539.9470590000014,2.250314,0.0,1685,13443.923176
3,5.383442,0.001674,10698.436361000002,14.288730000000001,9.77232,2550.7424630000014,2.250314,0.0,1685,13454.718644
3,5.383442,0.001674,10698.436361000002,14.288730000000001,9.77232,2550.7501400000015,2.250314,0.0,1685,13454.726445
3,5.383442,0.001674,10698.436361000002,14.288730000000001,9.77232,2550.7578160000016,2.250314,0.0,1685,13454.734238
3,5.383442,0.001674,10698.436361000002,14.288730000000001,9.77232,2561.4237370000014,2.250314,0.0,1685,13467.419867
3,5.383442,0.001674,10698.436361000002,14.288730000000001,9.77232,2571.8341160000014,2.250314,0.0,1685,13477.830333
3,5.383442,0.001674,10698.436361000002,14.288730000000001,9.77232,2582.807250000001,2.250314,0.0,1685,13488.803584
3,5.383442,0.001674,10698.436361000002,14.288730000000001,9.77232,2593.3868420000013,2.250314,0.0,1685,13499.383301
3,5.383442,0.001674,10698.436361000002,14.288730000000001,9.77232,2593.3930170000012,2.250314,0.0,1685,13499.389606
3,5.383442,0.001674,10698.436361000002,14.288730000000001,9.77232,2604.3072850000012,2.250314,0.0,1685,13510.30399
3,5.383442,0.001674,10698.436361000002,14.288730000000001,9.77232,2604.3130790000014,2.250314,0.0,1685,13510.309883
3,5.383442,0.001674,10698.436361000002,14.288730000000001,9.77232,2604.3185730000014,2.250314,0.0,1685,13510.315463
3,5.383442,0.001674,10698.436361000002,14.288730000000001,9.77232,2604.3245170000014,2.250314,0.0,1685,13510.321524
3,5.383442,0.001674,10698.436361000002,14.288730000000001,9.77232,2604.3303660000015,2.250314,0.0,1685,13510.327486
3,5.383442,0.001674,10698.436361000002,14.288730000000001,9.77232,2615.4456450000016,2.250314,0.0,1685,13521.442866
3,5.383442,0.001674,10698.436361000002,14.288730000000001,9.77232,2615.4516080000017,2.250314,0.0,1685,13521.448946
3,5.383442,0.001674,10698.436361000002,14.288730000000001,9.77232,2615.457778000002,2.250314,0.0,1685,13521.455229
3,5.383442,0.001674,10698.436361000002,14.288730000000001,9.77232,2626.539812000002,2.250314,0.0,1685,13534.603202
3,5.383442,0.001674,10698.436361000002,14.288730000000001,9.77232,2637.339849000002,2.250314,0.0,1685,13545.403348
3,5.383442,0.001674,10698.436361000002,14.288730000000001,9.77232,2648.2431330000018,2.250314,0.0,1685,13556.306759
3,5.383442,0.001674,10698.436361000002,14.288730000000001,9.77232,2659.4515930000016,2.250314,0.0,1685,13567.515343
3,5.383442,0.001674,10698.436361000002,14.288730000000001,9.77232,2659.458447000002,2.250314,0.0,1685,13567.522323
3,5.383442,0.001674,10698.436361000002,14.288730000000001,9.77232,2670.703292000002,2.250314,0.0,1685,13578.767286
3,5.383442,0.001674,10698.436361000002,14.288730000000001,9.77232,2670.711010000002,2.250314,0.0,1685,13578.775129
3,5.383442,0.001674,10698.436361000002,14.288730000000001,9.77232,2670.7225550000016,2.250314,0.0,1685,13578.786792
3,5.383442,0.001674,10698.436361000002,14.288730000000001,9.77232,2670.7341820000015,2.250314,0.0,1685,13578.798528
3,5.383442,0.001674,10698.436361000002,14.288730000000001,9.77232,2670.7439560000016,2.250314,0.0,1685,13578.808413
3,5.383442,0.001674,10698.436361000002,14.288730000000001,9.77232,2670.7512380000016,2.250314,0.0,1685,13578.815811
3,5.383442,0.001674,10698.436361000002,14.288730000000001,9.77232,2682.016208000002,2.250314,0.0,1685,13592.216697
3,5.383442,0.001674,10698.436361000002,14.288730000000001,9.77232,2692.777106000002,2.250314,0.0,1685,13602.977717
3,5.383442,0.001674,10698.436361000002,14.288730000000001,9.77232,2703.693409000002,2.250314,0.0,1685,13613.894151
3,5.383442,0.001674,10698.436361000002,14.288730000000001,9.77232,2714.460610000002,2.250314,0.0,1685,13624.661446
3,5.383442,0.001674,10698.436361000002,14.288730000000001,9.77232,2714.4670640000018,2.250314,0.0,1685,13624.66803
3,5.383442,0.001674,10698.436361000002,14.288730000000001,9.77232,2714.473433000002,2.250314,0.0,1685,13624.674523
3,5.383442,0.001674,10698.436361000002,14.288730000000001,9.77232,2714.479844000002,2.250314,0.0,1685,13624.681047
3,5.383442,0.001674,10698.436361000002,14.288730000000001,9.77232,2725.7701890000017,2.250314,0.0,1685,13635.971505
3,5.383442,0.001674,10698.436361000002,14.288730000000001,9.77232,2725.7766040000015,2.250314,0.0,1685,13635.978053
3,5.383442,0.001674,10698.436361000002,14.288730000000001,9.77232,2725.7866820000013,2.250314,0.0,1685,13635.988253
3,5.383442,0.001674,10698.436361000002,14.288730000000001,9.77232,2737.1389550000013,2.250314,0.0,1685,13647.340638
3,5.383442,0.001674,10698.436361000002,14.288730000000001,9.77232,2737.1458300000013,2.250314,0.0,1685,13647.347639
3,5.383442,0.001674,10698.436361000002,14.288730000000001,9.77232,2737.1563590000014,2.250314,0.0,1685,13647.358292
3,5.383442,0.001674,10698.436361000002,14.288730000000001,9.77232,2748.792388000001,2.250314,0.0,1685,13661.10445
3,5.383442,0.001674,10698.436361000002,14.288730000000001,9.77232,2759.871000000001,2.250314,0.0,1685,13672.183181
3,5.383442,0.001674,10698.436361000002,14.288730000000001,9.77232,2771.215876000001,2.250314,0.0,1685,13683.528182
3,5.383442,0.001674,10698.436361000002,14.288730000000001,9.77232,2783.003853000001,2.250314,0.0,1685,13695.316285
3,5.383442,0.001674,10698.436361000002,14.288730000000001,9.77232,2783.010752000001,2.250314,0.0,1685,13695.323315
3,5.383442,0.001674,10698.436361000002,14.288730000000001,9.77232,2794.888095000001,2.250314,0.0,1685,13707.200784
3,5.383442,0.001674,10698.436361000002,14.288730000000001,9.77232,2794.894415000001,2.250314,0.0,1685,13707.20723
3,5.383442,0.001674,10698.436361000002,14.288730000000001,9.77232,2794.901431000001,2.250314,0.0,1685,13707.214376
3,5.383442,0.001674,10698.436361000002,14.288730000000001,9.77232,2794.909468000001,2.250314,0.0,1685,13707.222522
3,5.383442,0.001674,10698.436361000002,14.288730000000001,9.77232,2794.9175280000013,2.250314,0.0,1685,13707.230688
3,5.383442,0.001674,10698.436361000002,14.288730000000001,9.77232,2805.9777190000013,2.250314,0.0,1685,13718.290988
3,5.383442,0.001674,10698.436361000002,14.288730000000001,9.77232,2805.986106000001,2.250314,0.0,1685,13718.299505
3,5.383442,0.001674,10698.436361000002,14.288730000000001,9.77232,2805.994222000001,2.250314,0.0,1685,13718.30774
3,5.383442,0.001674,10698.436361000002,14.288730000000001,9.77232,2817.203542000001,2.250314,0.0,1685,13731.548655
3,5.383442,0.001674,10698.436361000002,14.288730000000001,9.77232,2828.576493000001,2.250314,0.0,1685,13742.92173
3,5.383442,0.001674,10698.436361000002,14.288730000000001,9.77232,2828.583543000001,2.250314,0.0,1685,13742.928936
3,5.383442,0.001674,10698.436361000002,14.288730000000001,9.77232,2828.590521000001,2.250314,0.0,1685,13742.936034
3,5.383442,0.001674,10698.436361000002,14.288730000000001,9.77232,2828.597444000001,2.250314,0.0,1685,13742.943064
3,5.383442,0.001674,10698.436361000002,14.288730000000001,9.77232,2840.511301000001,2.250314,0.0,1685,13757.071368
3,5.383442,0.001674,10698.436361000002,14.288730000000001,9.77232,2851.949027000001,2.250314,0.0,1685,13768.509182
3,5.383442,0.001674,10698.436361000002,14.288730000000001,9.77232,2851.955386000001,2.250314,0.0,1685,13768.515659
3,5.383442,0.001674,10698.436361000002,14.288730000000001,9.77232,2851.961723000001,2.250314,0.0,1685,13768.522106
3,5.383442,0.001674,10698.436361000002,14.288730000000001,9.77232,2863.259939000001,2.250314,0.0,1685,13779.82042
3,5.383442,0.001674,10698.436361000002,14.288730000000001,9.77232,2863.270042000001,2.250314,0.0,1685,13779.830648
3,5.383442,0.001674,10698.436361000002,14.288730000000001,9.77232,2863.280893000001,2.250314,0.0,1685,13779.84163
3,5.383442,0.001674,10698.436361000002,14.288730000000001,9.77232,2875.130244000001,2.250314,0.0,1685,13793.940354
3,5.383442,0.001674,10698.436361000002,14.288730000000001,9.77232,2886.386670000001,2.250314,0.0,1685,13805.196903
3,5.383442,0.001674,10698.436361000002,14.288730000000001,9.77232,2897.4712490000006,2.250314,0.0,1685,13816.281591
3,5.383442,0.001674,10698.436361000002,14.288730000000001,9.77232,2909.484759000001,2.250314,0.0,1685,13828.295227
3,5.383442,0.001674,10698.436361000002,14.288730000000001,9.77232,2909.491360000001,2.250314,0.0,1685,13828.301965
3,5.383442,0.001674,10698.436361000002,14.288730000000001,9.77232,2909.4975910000007,2.250314,0.0,1685,13828.308315
3,5.383442,0.001674,10698.436361000002,14.288730000000001,9.77232,2909.504152000001,2.250314,0.0,1685,13828.314981
3,5.383442,0.001674,10698.436361000002,14.288730000000001,9.77232,2909.510827000001,2.250314,0.0,1685,13828.321753
3,5.383442,0.001674,10698.436361000002,14.288730000000001,9.77232,2909.517329000001,2.250314,0.0,1685,13828.328356
3,5.383442,0.001674,10698.436361000002,14.288730000000001,9.77232,2921.312114000001,2.250314,0.0,1685,13842.203494
3,5.383442,0.001674,10698.436361000002,14.288730000000001,9.77232,2933.1842600000014,2.250314,0.0,1685,13854.075763
3,5.383442,0.001674,10698.436361000002,14.288730000000001,9.77232,2933.1905270000016,2.250314,0.0,1685,13854.08215
3,5.383442,0.001674,10698.436361000002,14.288730000000001,9.77232,2944.4817200000016,2.250314,0.0,1685,13865.373457
3,5.383442,0.001674,10698.436361000002,14.288730000000001,9.77232,2944.4880750000016,2.250314,0.0,1685,13865.379938
3,5.383442,0.001674,10698.436361000002,14.288730000000001,9.77232,2944.4942920000017,2.250314,0.0,1685,13865.386277
3,5.383442,0.001674,10698.436361000002,14.288730000000001,9.77232,2955.816800000002,2.250314,0.0,1685,13876.708902
3,5.383442,0.001674,10698.436361000002,14.288730000000001,9.77232,2955.8232190000017,2.250314,0.0,1685,13876.715443
3,5.383442,0.001674,10698.436361000002,14.288730000000001,9.77232,2955.8297070000017,2.250314,0.0,1685,13876.722041
3,5.383442,0.001674,10698.436361000002,14.288730000000001,9.77232,2967.364959000002,2.250314,0.0,1685,13890.282943
3,5.383442,0.001674,10698.436361000002,14.288730000000001,9.77232,2979.1698680000018,2.250314,0.0,1685,13902.087978
3,5.383442,0.001674,10698.436361000002,14.288730000000001,9.77232,2990.806368000002,2.250314,0.0,1685,13913.724597
3,5.383442,0.001674,10698.436361000002,14.288730000000001,9.77232,2990.8143870000017,2.250314,0.0,1685,13913.73274
3,5.383442,0.001674,10698.436361000002,14.288730000000001,9.77232,3002.4026230000018,2.250314,0.0,1685,13925.3211
3,5.383442,0.001674,10698.436361000002,14.288730000000001,9.77232,3002.4146340000016,2.250314,0.0,1685,13925.333237
3,5.383442,0.001674,10698.436361000002,14.288730000000001,9.77232,3002.4262920000015,2.250314,0.0,1685,13925.345015
3,5.383442,0.001674,10698.436361000002,14.288730000000001,9.77232,3002.4348500000015,2.250314,0.0,1685,13925.353679
3,5.383442,0.001674,10698.436361000002,14.288730000000001,9.77232,3013.6305240000015,2.250314,0.0,1685,13936.549457
3,5.383442,0.001674,10698.436361000002,14.288730000000001,9.77232,3013.6378950000017,2.250314,0.0,1685,13936.556917
3,5.383442,0.001674,10698.436361000002,14.288730000000001,9.77232,3013.6454310000017,2.250314,0.0,1685,13936.564535
3,5.383442,0.001674,10698.436361000002,14.288730000000001,9.77232,3025.5179660000017,2.250314,0.0,1685,13950.407851
3,5.383442,0.001674,10698.436361000002,14.288730000000001,9.77232,3037.0617150000016,2.250314,0.0,1685,13961.951718
3,5.383442,0.001674,10698.436361000002,14.288730000000001,9.77232,3048.7715670000016,2.250314,0.0,1685,13973.66169
3,5.383442,0.001674,10698.436361000002,14.288730000000001,9.77232,3048.8524660000016,2.250314,0.0,1685,13973.742728
3,5.383442,0.001674,10698.436361000002,14.288730000000001,9.77232,3048.928003000002,2.250314,0.0,1685,13973.818423
3,5.383442,0.001674,10698.436361000002,14.288730000000001,9.77232,3060.892631000002,2.250314,0.0,1685,13985.783209
3,5.383442,0.001674,10698.436361000002,14.288730000000001,9.77232,3060.965754000002,2.250314,0.0,1685,13985.856452
3,5.383442,0.001674,10698.436361000002,14.288730000000001,9.77232,3061.039051000002,2.250314,0.0,1685,13985.929898
3,5.383442,0.001674,10698.436361000002,14.288730000000001,9.77232,3072.977319000002,2.250314,0.0,1685,13997.868325
3,5.383442,0.001674,10698.436361000002,14.288730000000001,9.77232,3073.048803000002,2.250314,0.0,1685,13997.939933
3,5.383442,0.001674,10698.436361000002,14.288730000000001,9.77232,3073.121431000002,2.250314,0.0,1685,13998.012709
3,5.383442,0.001674,10698.436361000002,14.288730000000001,9.77232,3085.0835030000017,2.250314,0.0,1685,14012.031753
3,5.383442,0.001674,10698.436361000002,14.288730000000001,9.77232,3097.5927980000015,2.250314,0.0,1685,14024.541173
3,5.383442,0.001674,10698.436361000002,14.288730000000001,9.77232,3109.6018720000015,2.250314,0.0,1685,14036.550332
3,5.383442,0.001674,10698.436361000002,14.288730000000001,9.77232,3109.6112220000014,2.250314,0.0,1685,14036.559806
3,5.383442,0.001674,10698.436361000002,14.288730000000001,9.77232,3109.6198760000016,2.250314,0.0,1685,14036.568584
3,5.383442,0.001674,10698.436361000002,14.288730000000001,9.77232,3109.6290820000017,2.250314,0.0,1685,14036.577915
3,5.383442,0.001674,10698.436361000002,14.288730000000001,9.77232,3109.6382580000018,2.250314,0.0,1685,14036.587203
3,5.383442,0.001674,10698.436361000002,14.288730000000001,9.77232,3122.2089990000018,2.250314,0.0,1685,14051.256127
3,5.383442,0.001674,10698.436361000002,14.288730000000001,9.77232,3134.409133000002,2.250314,0.0,1685,14063.456385
3,5.383442,0.001674,10698.436361000002,14.288730000000001,9.77232,3146.614378000002,2.250314,0.0,1685,14075.661746
3,5.383442,0.001674,10698.436361000002,14.288730000000001,9.77232,3158.043036000002,2.250314,0.0,1685,14087.090547
3,5.383442,0.001674,10698.436361000002,14.288730000000001,9.77232,3158.0508910000017,2.250314,0.0,1685,14087.098713
3,5.383442,0.001674,10698.436361000002,14.288730000000001,9.77232,3158.0588110000017,2.250314,0.0,1685,14087.106773
3,5.383442,0.001674,10698.436361000002,14.288730000000001,9.77232,3169.7717730000018,2.250314,0.0,1685,14098.819872
3,5.383442,0.001674,10698.436361000002,14.288730000000001,9.77232,3169.7799880000016,2.250314,0.0,1685,14098.828218
3,5.383442,0.001674,10698.436361000002,14.288730000000001,9.77232,3169.7876930000016,2.250314,0.0,1685,14098.836044
3,5.383442,0.001674,10698.436361000002,14.288730000000001,9.77232,3169.7955900000015,2.250314,0.0,1685,14098.844059
3,5.383442,0.001674,10698.436361000002,14.288730000000001,9.77232,3181.6062820000016,2.250314,0.0,1685,14110.654867
3,5.383442,0.001674,10698.436361000002,14.288730000000001,9.77232,3181.6135690000015,2.250314,0.0,1685,14110.662275
3,5.383442,0.001674,10698.436361000002,14.288730000000001,9.77232,3181.6207970000014,2.250314,0.0,1685,14110.669623
3,5.383442,0.001674,10698.436361000002,14.288730000000001,9.77232,3195.3718340000014,2.250314,0.0,1685,14126.795347
3,5.383442,0.001674,10698.436361000002,14.288730000000001,9.77232,3208.407625000001,2.250314,0.0,1685,14139.831265
3,5.383442,0.001674,10698.436361000002,14.288730000000001,9.77232,3220.3159560000013,2.250314,0.0,1685,14151.739724
3,5.383442,0.001674,10698.436361000002,14.288730000000001,9.77232,3232.3077770000014,2.250314,0.0,1685,14163.731662
3,5.383442,0.001674,10698.436361000002,14.288730000000001,9.77232,3244.211227000001,2.250314,0.0,1685,14175.635238
3,5.383442,0.001674,10698.436361000002,14.288730000000001,9.77232,3256.595528000001,2.250314,0.0,1685,14188.019665
3,5.383442,0.001674,10698.436361000002,14.288730000000001,9.77232,3269.419808000001,2.250314,0.0,1685,14200.844081
3,5.383442,0.001674,10698.436361000002,14.288730000000001,9.77232,3269.442030000001,2.250314,0.0,1685,14200.866457
3,5.383442,0.001674,10698.436361000002,14.288730000000001,9.77232,3282.5735360000012,2.250314,0.0,1685,14213.998159
3,5.383442,0.001674,10698.436361000002,14.288730000000001,9.77232,3282.5971790000012,2.250314,0.0,1685,14214.021948
3,5.383442,0.001674,10698.436361000002,14.288730000000001,9.77232,3282.621590000001,2.250314,0.0,1685,14214.046542
3,5.383442,0.001674,10698.436361000002,14.288730000000001,9.77232,3282.670771000001,2.250314,0.0,1685,14214.095879
3,5.383442,0.001674,10698.436361000002,14.288730000000001,9.77232,3296.734432000001,2.250314,0.0,1685,14228.159708
3,5.383442,0.001674,10698.436361000002,14.288730000000001,9.77232,3296.739019000001,2.250314,0.0,1685,14228.164432
3,5.383442,0.001674,10698.436361000002,14.288730000000001,9.77232,3296.786832000001,2.250314,0.0,1685,14228.212368
3,5.383442,0.001674,10698.436361000002,14.288730000000001,9.77232,3310.332878000001,2.250314,0.0,1685,14241.758576
3,5.383442,0.001674,10698.436361000002,14.288730000000001,9.77232,3310.337599000001,2.250314,0.0,1685,14241.763426
3,5.383442,0.001674,10698.436361000002,14.288730000000001,9.77232,3310.385151000001,2.250314,0.0,1685,14241.811102
3,5.383442,0.001674,10698.436361000002,14.288730000000001,9.77232,3324.0642660000008,2.250314,0.0,1685,14255.49037
3,5.383442,0.001674,10698.436361000002,14.288730000000001,9.77232,3324.0689120000006,2.250314,0.0,1685,14255.495142
3,5.383442,0.001674,10698.436361000002,14.288730000000001,9.77232,3324.1414100000006,2.250314,0.0,1685,14255.567754
3,5.383442,0.001674,10698.436361000002,14.288730000000001,9.77232,3336.9747010000006,2.250314,0.0,1685,14268.401192
3,5.383442,0.001674,10698.436361000002,14.288730000000001,9.77232,3336.9787310000006,2.250314,0.0,1685,14268.405311
3,5.383442,0.001674,10698.436361000002,14.288730000000001,9.77232,3337.0272180000006,2.250314,0.0,1685,14268.453922
3,5.383442,0.001674,10698.436361000002,14.288730000000001,9.77232,3349.7897800000005,2.250314,0.0,1685,14281.216587
3,5.383442,0.001674,10698.436361000002,14.288730000000001,9.77232,3349.7951150000004,2.250314,0.0,1685,14281.222045
3,5.383442,0.001674,10698.436361000002,14.288730000000001,9.77232,3349.842438,2.250314,0.0,1685,14281.269481
3,5.383442,0.001674,10698.436361000002,14.288730000000001,9.77232,3349.846986,2.250314,0.0,1685,14283.416117
3,5.383442,0.001674,10698.436361000002,14.288730000000001,9.77232,3363.562481,2.250314,0.0,1685,14299.209707
3,5.383442,0.001674,10698.436361000002,14.288730000000001,9.77232,3377.368867,2.250314,0.0,1685,14313.016224
3,5.383442,0.001674,10698.436361000002,14.288730000000001,9.77232,3391.80481,2.250314,0.0,1685,14327.452294
3,5.383442,0.001674,10698.436361000002,14.288730000000001,9.77232,3391.812644,2.250314,0.0,1685,14327.460249
3,5.383442,0.001674,10698.436361000002,14.288730000000001,9.77232,3405.6589010000002,2.250314,0.0,1685,14341.306625
3,5.383442,0.001674,10698.436361000002,14.288730000000001,9.77232,3405.667127,2.250314,0.0,1685,14341.314976
3,5.383442,0.001674,10698.436361000002,14.288730000000001,9.77232,3405.67518,2.250314,0.0,1685,14341.32315
3,5.383442,0.001674,10698.436361000002,14.288730000000001,9.77232,3420.074967,2.250314,0.0,1685,14355.723042
3,5.383442,0.001674,10698.436361000002,14.288730000000001,9.77232,3420.082945,2.250314,0.0,1685,14355.731137
3,5.383442,0.001674,10698.436361000002,14.288730000000001,9.77232,3420.090816,2.250314,0.0,1685,14355.739116
3,5.383442,0.001674,10698.436361000002,14.288730000000001,9.77232,3420.0987649999997,2.250314,0.0,1685,14355.747172
3,5.383442,0.001674,10698.436361000002,14.288730000000001,9.77232,3434.2790779999996,2.250314,0.0,1685,14372.080351
3,5.383442,0.001674,10698.436361000002,14.288730000000001,9.77232,3447.9892129999994,2.250314,0.0,1685,14385.790613
3,5.383442,0.001674,10698.436361000002,14.288730000000001,9.77232,3461.1213119999993,2.250314,0.0,1685,14398.922805
3,5.383442,0.001674,10698.436361000002,14.288730000000001,9.77232,3474.2879079999993,2.250314,0.0,1685,14412.089522
3,5.383442,0.001674,10698.436361000002,14.288730000000001,9.77232,3474.3092999999994,2.250314,0.0,1685,14412.111002
3,5.383442,0.001674,10698.436361000002,14.288730000000001,9.77232,3474.3316529999993,2.250314,0.0,1685,14412.133449
3,5.383442,0.001674,10698.436361000002,14.288730000000001,9.77232,3474.3538639999992,2.250314,0.0,1685,14412.155741
3,5.383442,0.001674,10698.436361000002,14.288730000000001,9.77232,3474.377053999999,2.250314,0.0,1685,14412.179046
3,5.383442,0.001674,10698.436361000002,14.288730000000001,9.77232,3487.708122999999,2.250314,0.0,1685,14425.510227
3,5.383442,0.001674,10698.436361000002,14.288730000000001,9.77232,3487.732147999999,2.250314,0.0,1685,14425.534338
3,5.383442,0.001674,10698.436361000002,14.288730000000001,9.77232,3487.764766999999,2.250314,0.0,1685,14425.567083
3,5.383442,0.001674,10698.436361000002,14.288730000000001,9.77232,3501.431262999999,2.250314,0.0,1685,14441.206542
3,5.383442,0.001674,10698.436361000002,14.288730000000001,9.77232,3515.5086699999993,2.250314,0.0,1685,14455.28407
3,5.383442,0.001674,10698.436361000002,14.288730000000001,9.77232,3529.7842479999995,2.250314,0.0,1685,14469.559772
3,5.383442,0.001674,10698.436361000002,14.288730000000001,9.77232,3529.7975109999993,2.250314,0.0,1685,14469.573165
3,5.383442,0.001674,10698.436361000002,14.288730000000001,9.77232,3529.8105319999995,2.250314,0.0,1685,14469.586309
3,5.383442,0.001674,10698.436361000002,14.288730000000001,9.77232,3543.9630069999994,2.250314,0.0,1685,14483.73889
3,5.383442,0.001674,10698.436361000002,14.288730000000001,9.77232,3543.9703359999994,2.250314,0.0,1685,14483.746342
3,5.383442,0.001674,10698.436361000002,14.288730000000001,9.77232,3543.9776179999994,2.250314,0.0,1685,14483.753737
3,5.383442,0.001674,10698.436361000002,14.288730000000001,9.77232,3558.2960289999996,2.250314,0.0,1685,14498.072266
3,5.383442,0.001674,10698.436361000002,14.288730000000001,9.77232,3558.3033359999995,2.250314,0.0,1685,14498.07969
3,5.383442,0.001674,10698.436361000002,14.288730000000001,9.77232,3558.3104819999994,2.250314,0.0,1685,14498.086945
3,5.383442,0.001674,10698.436361000002,14.288730000000001,9.77232,3572.983074999999,2.250314,0.0,1685,14514.884423
3,5.383442,0.001674,10698.436361000002,14.288730000000001,9.77232,3587.480648999999,2.250314,0.0,1685,14529.382119
3,5.383442,0.001674,10698.436361000002,14.288730000000001,9.77232,3602.0631479999993,2.250314,0.0,1685,14543.964751
3,5.383442,0.001674,10698.436361000002,14.288730000000001,9.77232,3602.070986999999,2.250314,0.0,1685,14543.972712
3,5.383442,0.001674,10698.436361000002,14.288730000000001,9.77232,3615.692159999999,2.250314,0.0,1685,14557.594001
3,5.383442,0.001674,10698.436361000002,14.288730000000001,9.77232,3615.699630999999,2.250314,0.0,1685,14557.6016
3,5.383442,0.001674,10698.436361000002,14.288730000000001,9.77232,3615.714363999999,2.250314,0.0,1685,14557.616444
3,5.383442,0.001674,10698.436361000002,14.288730000000001,9.77232,3630.214691999999,2.250314,0.0,1685,14572.116881
3,5.383442,0.001674,10698.436361000002,14.288730000000001,9.77232,3630.221525999999,2.250314,0.0,1685,14572.123837
3,5.383442,0.001674,10698.436361000002,14.288730000000001,9.77232,3630.229070999999,2.250314,0.0,1685,14572.131484
3,5.383442,0.001674,10698.436361000002,14.288730000000001,9.77232,3644.2284029999987,2.250314,0.0,1685,14586.130911
3,5.383442,0.001674,10698.436361000002,14.288730000000001,9.77232,3644.2349689999987,2.250314,0.0,1685,14586.137564
3,5.383442,0.001674,10698.436361000002,14.288730000000001,9.77232,3644.242088999999,2.250314,0.0,1685,14586.144762
3,5.383442,0.001674,10698.436361000002,14.288730000000001,9.77232,3644.2492749999988,2.250314,0.0,1685,14588.053087
3,5.383442,0.001674,10698.436361000002,14.288730000000001,9.77232,3659.3238589999987,2.250314,0.0,1685,14605.147758
3,5.383442,0.001674,10698.436361000002,14.288730000000001,9.77232,3673.4367339999985,2.250314,0.0,1685,14619.260753
3,5.383442,0.001674,10698.436361000002,14.288730000000001,9.77232,3687.4211099999984,2.250314,0.0,1685,14633.245218
3,5.383442,0.001674,10698.436361000002,14.288730000000001,9.77232,3688.0152199999984,2.250314,0.0,1685,14633.83945
3,5.383442,0.001674,10698.436361000002,14.288730000000001,9.77232,3702.1122659999983,2.250314,0.0,1685,14647.936616
3,5.383442,0.001674,10698.436361000002,14.288730000000001,9.77232,3702.662815999998,2.250314,0.0,1685,14648.487288
3,5.383442,0.001674,10698.436361000002,14.288730000000001,9.77232,3703.242940999998,2.250314,0.0,1685,14649.067567
3,5.383442,0.001674,10698.436361000002,14.288730000000001,9.77232,3703.8103699999983,2.250314,0.0,1685,14649.635109
3,5.383442,0.001674,10698.436361000002,14.288730000000001,9.77232,3703.8153909999983,2.250314,0.0,1685,14649.640233
3,5.383442,0.001674,10698.436361000002,14.288730000000001,9.77232,3717.5316239999984,2.250314,0.0,1685,14665.354577
3,5.383442,0.001674,10698.436361000002,14.288730000000001,9.77232,3731.6342009999985,2.250314,0.0,1685,14679.457241
3,5.383442,0.001674,10698.436361000002,14.288730000000001,9.77232,3746.5749599999986,2.250314,0.0,1685,14694.398086
3,5.383442,0.001674,10698.436361000002,14.288730000000001,9.77232,3761.5977799999987,2.250314,0.0,1685,14709.421034
3,5.383442,0.001674,10698.436361000002,14.288730000000001,9.77232,3776.3184009999986,2.250314,0.0,1685,14724.141784
3,5.383442,0.001674,10698.436361000002,14.288730000000001,9.77232,3776.3531469999984,2.250314,0.0,1685,14724.176672
3,5.383442,0.001674,10698.436361000002,14.288730000000001,9.77232,3790.4157629999986,2.250314,0.0,1685,14738.239496
3,5.383442,0.001674,10698.436361000002,14.288730000000001,9.77232,3790.4499729999984,2.250314,0.0,1685,14738.273841
3,5.383442,0.001674,10698.436361000002,14.288730000000001,9.77232,3790.5000869999985,2.250314,0.0,1685,14738.324127
3,5.383442,0.001674,10698.436361000002,14.288730000000001,9.77232,3790.5353069999987,2.250314,0.0,1685,14738.359497
3,5.383442,0.001674,10698.436361000002,14.288730000000001,9.77232,3805.240730999999,2.250314,0.0,1685,14753.065064
3,5.383442,0.001674,10698.436361000002,14.288730000000001,9.77232,3805.283464999999,2.250314,0.0,1685,14753.107922
3,5.383442,0.001674,10698.436361000002,14.288730000000001,9.77232,3805.3203089999993,2.250314,0.0,1685,14753.14492
3,5.383442,0.001674,10698.436361000002,14.288730000000001,9.77232,3805.3895539999994,2.250314,0.0,1685,14753.214287
3,5.383442,0.001674,10698.436361000002,14.288730000000001,9.77232,3805.4272649999994,2.250314,0.0,1685,14753.252161
3,5.383442,0.001674,10698.436361000002,14.288730000000001,9.77232,3820.1248319999995,2.250314,0.0,1685,14770.106053
3,5.383442,0.001674,10698.436361000002,14.288730000000001,9.77232,3835.0117469999996,2.250314,0.0,1685,14784.993097
3,5.383442,0.001674,10698.436361000002,14.288730000000001,9.77232,3849.6505899999997,2.250314,0.0,1685,14799.632081
3,5.383442,0.001674,10698.436361000002,14.288730000000001,9.77232,3865.188964,2.250314,0.0,1685,14815.170586
3,5.383442,0.001674,10698.436361000002,14.288730000000001,9.77232,3880.183193,2.250314,0.0,1685,14830.16494
3,5.383442,0.001674,10698.436361000002,14.288730000000001,9.77232,3880.1949329999998,2.250314,0.0,1685,14830.176807
3,5.383442,0.001674,10698.436361000002,14.288730000000001,9.77232,3896.2262029999997,2.250314,0.0,1685,14846.208234
3,5.383442,0.001674,10698.436361000002,14.288730000000001,9.77232,3896.2334319999995,2.250314,0.0,1685,14846.215596
3,5.383442,0.001674,10698.436361000002,14.288730000000001,9.77232,3896.2445859999993,2.250314,0.0,1685,14846.226875
3,5.383442,0.001674,10698.436361000002,14.288730000000001,9.77232,3896.2543139999993,2.250314,0.0,1685,14846.236721
3,5.383442,0.001674,10698.436361000002,14.288730000000001,9.77232,3896.2613489999994,2.250314,0.0,1685,14846.243873
3,5.383442,0.001674,10698.436361000002,14.288730000000001,9.77232,3911.4428239999993,2.250314,0.0,1685,14861.425455
3,5.383442,0.001674,10698.436361000002,14.288730000000001,9.77232,3911.451550999999,2.250314,0.0,1685,14861.434307
3,5.383442,0.001674,10698.436361000002,14.288730000000001,9.77232,3911.4591719999994,2.250314,0.0,1685,14861.442044
3,5.383442,0.001674,10698.436361000002,14.288730000000001,9.77232,3927.1156239999996,2.250314,0.0,1685,14877.098607
3,5.383442,0.001674,10698.436361000002,14.288730000000001,9.77232,3927.1228729999993,2.250314,0.0,1685,14877.105976
3,5.383442,0.001674,10698.436361000002,14.288730000000001,9.77232,3927.1299659999995,2.250314,0.0,1685,14877.113176
3,5.383442,0.001674,10698.436361000002,14.288730000000001,9.77232,3942.2160909999993,2.250314,0.0,1685,14894.523215
3,5.383442,0.001674,10698.436361000002,14.288730000000001,9.77232,3942.223663999999,2.250314,0.0,1685,14894.53091
3,5.383442,0.001674,10698.436361000002,14.288730000000001,9.77232,3942.231037999999,2.250314,0.0,1685,14894.538397
3,5.383442,0.001674,10698.436361000002,14.288730000000001,9.77232,3957.057657999999,2.250314,0.0,1685,14911.382678
3,5.383442,0.001674,10698.436361000002,14.288730000000001,9.77232,3957.0659899999987,2.250314,0.0,1685,14911.391131
3,5.383442,0.001674,10698.436361000002,14.288730000000001,9.77232,3973.0146079999986,2.250314,0.0,1685,14927.339869
3,5.383442,0.001674,10698.436361000002,14.288730000000001,9.77232,3973.0234509999987,2.250314,0.0,1685,14927.348835
3,5.383442,0.001674,10698.436361000002,14.288730000000001,9.77232,3973.032116999999,2.250314,0.0,1685,14927.357614
3,5.383442,0.001674,10698.436361000002,14.288730000000001,9.77232,3973.042210999999,2.250314,0.0,1685,14929.599646
3,5.383442,0.001674,10698.436361000002,14.288730000000001,9.77232,3988.509477999999,2.250314,0.0,1685,14947.276533
3,5.383442,0.001674,10698.436361000002,14.288730000000001,9.77232,4004.3698019999993,2.250314,0.0,1685,14963.136985
3,5.383442,0.001674,10698.436361000002,14.288730000000001,9.77232,4004.3928959999994,2.250314,0.0,1685,14963.160209
3,5.383442,0.001674,10698.436361000002,14.288730000000001,9.77232,4019.651764999999,2.250314,0.0,1685,14978.419237
3,5.383442,0.001674,10698.436361000002,14.288730000000001,9.77232,4019.674094999999,2.250314,0.0,1685,14978.441692
3,5.383442,0.001674,10698.436361000002,14.288730000000001,9.77232,4019.696774999999,2.250314,0.0,1685,14978.464499
3,5.383442,0.001674,10698.436361000002,14.288730000000001,9.77232,4019.719779999999,2.250314,0.0,1685,14978.487645
3,5.383442,0.001674,10698.436361000002,14.288730000000001,9.77232,4034.839748999999,2.250314,0.0,1685,14995.803205
3,5.383442,0.001674,10698.436361000002,14.288730000000001,9.77232,4051.1826079999987,2.250314,0.0,1685,15012.146182
3,5.383442,0.001674,10698.436361000002,14.288730000000001,9.77232,4066.672334999999,2.250314,0.0,1685,15027.636039
3,5.383442,0.001674,10698.436361000002,14.288730000000001,9.77232,4082.876393999999,2.250314,0.0,1685,15043.840229
3,5.383442,0.001674,10698.436361000002,14.288730000000001,9.77232,4082.923371999999,2.250314,0.0,1685,15043.887331
3,5.383442,0.001674,10698.436361000002,14.288730000000001,9.77232,4098.869751999999,2.250314,0.0,1685,15059.833858
3,5.383442,0.001674,10698.436361000002,14.288730000000001,9.77232,4098.917259999998,2.250314,0.0,1685,15059.88146
3,5.383442,0.001674,10698.436361000002,14.288730000000001,9.77232,4098.988211999998,2.250314,0.0,1685,15059.95258
3,5.383442,0.001674,10698.436361000002,14.288730000000001,9.77232,4114.508960999999,2.250314,0.0,1685,15075.473484
3,5.383442,0.001674,10698.436361000002,14.288730000000001,9.77232,4114.555741999999,2.250314,0.0,1685,15075.520386
3,5.383442,0.001674,10698.436361000002,14.288730000000001,9.77232,4114.603452999999,2.250314,0.0,1685,15075.568243
3,5.383442,0.001674,10698.436361000002,14.288730000000001,9.77232,4129.545078999999,2.250314,0.0,1685,15090.510024
3,5.383442,0.001674,10698.436361000002,14.288730000000001,9.77232,4129.591702999998,2.250314,0.0,1685,15090.556771
3,5.383442,0.001674,10698.436361000002,14.288730000000001,9.77232,4129.646650999998,2.250314,0.0,1685,15090.611875
3,5.383442,0.001674,10698.436361000002,14.288730000000001,9.77232,4144.765191999998,2.250314,0.0,1685,15105.730563
3,5.383442,0.001674,10698.436361000002,14.288730000000001,9.77232,4144.812856999998,2.250314,0.0,1685,15105.778348
3,5.383442,0.001674,10698.436361000002,14.288730000000001,9.77232,4144.861488999998,2.250314,0.0,1685,15105.827125
3,5.383442,0.001674,10698.436361000002,14.288730000000001,9.77232,4144.8714519999985,2.250314,0.0,1685,15107.978766
3,5.383442,0.001674,10698.436361000002,14.288730000000001,9.77232,4160.299946999999,2.250314,0.0,1685,15125.44793
3,5.383442,0.001674,10698.436361000002,14.288730000000001,9.77232,4175.713963999999,2.250314,0.0,1685,15140.862067
3,5.383442,0.001674,10698.436361000002,14.288730000000001,9.77232,4190.778296999999,2.250314,0.0,1685,15155.926523
3,5.383442,0.001674,10698.436361000002,14.288730000000001,9.77232,4190.788327999999,2.250314,0.0,1685,15155.936683
3,5.383442,0.001674,10698.436361000002,14.288730000000001,9.77232,4205.768859999998,2.250314,0.0,1685,15170.917336
3,5.383442,0.001674,10698.436361000002,14.288730000000001,9.77232,4205.777550999998,2.250314,0.0,1685,15170.926147
3,5.383442,0.001674,10698.436361000002,14.288730000000001,9.77232,4205.787195999998,2.250314,0.0,1685,15170.935891
3,5.383442,0.001674,10698.436361000002,14.288730000000001,9.77232,4221.293296999998,2.250314,0.0,1685,15186.442114
3,5.383442,0.001674,10698.436361000002,14.288730000000001,9.77232,4221.302982999999,2.250314,0.0,1685,15186.451924
3,5.383442,0.001674,10698.436361000002,14.288730000000001,9.77232,4221.318291999999,2.250314,0.0,1685,15186.467356
3,5.383442,0.001674,10698.436361000002,14.288730000000001,9.77232,4221.328238999999,2.250314,0.0,1685,15186.477432
3,5.383442,0.001674,10698.436361000002,14.288730000000001,9.77232,4236.664579999999,2.250314,0.0,1685,15203.854067
3,5.383442,0.001674,10698.436361000002,14.288730000000001,9.77232,4251.913964999999,2.250314,0.0,1685,15219.103569
3,5.383442,0.001674,10698.436361000002,14.288730000000001,9.77232,4267.394943999999,2.250314,0.0,1685,15234.584635
3,5.383442,0.001674,10698.436361000002,14.288730000000001,9.77232,4283.023687999998,2.250314,0.0,1685,15250.213497
3,5.383442,0.001674,10698.436361000002,14.288730000000001,9.77232,4299.009316999998,2.250314,0.0,1685,15266.199252
3,5.383442,0.001674,10698.436361000002,14.288730000000001,9.77232,4299.018010999998,2.250314,0.0,1685,15266.208088
3,5.383442,0.001674,10698.436361000002,14.288730000000001,9.77232,4299.0267239999985,2.250314,0.0,1685,15266.216934
3,5.383442,0.001674,10698.436361000002,14.288730000000001,9.77232,4314.389738999998,2.250314,0.0,1685,15281.580049
3,5.383442,0.001674,10698.436361000002,14.288730000000001,9.77232,4314.398845999998,2.250314,0.0,1685,15281.589301
3,5.383442,0.001674,10698.436361000002,14.288730000000001,9.77232,4314.407896999998,2.250314,0.0,1685,15281.598501
3,5.383442,0.001674,10698.436361000002,14.288730000000001,9.77232,4314.416289999998,2.250314,0.0,1685,15281.607008
3,5.383442,0.001674,10698.436361000002,14.288730000000001,9.77232,4314.424766999999,2.250314,0.0,1685,15281.615596
3,5.383442,0.001674,10698.436361000002,14.288730000000001,9.77232,4331.392396999999,2.250314,0.0,1685,15298.583336
3,5.383442,0.001674,10698.436361000002,14.288730000000001,9.77232,4331.407025999999,2.250314,0.0,1685,15298.927303
3,5.383442,0.001674,10698.436361000002,14.288730000000001,9.77232,4331.4158929999985,2.250314,0.0,1685,15298.936303
3,5.383442,0.001674,10698.436361000002,14.288730000000001,9.77232,4348.043384999998,2.250314,0.0,1685,15317.911214
3,5.383442,0.001674,10698.436361000002,14.288730000000001,9.77232,4355.622271999998,2.250314,0.0,1685,15325.490222
3,5.383442,0.001674,10698.436361000002,14.288730000000001,9.77232,4363.202035999998,2.250314,0.0,1685,15333.070116
3,5.383442,0.001674,10698.436361000002,14.288730000000001,9.77232,4378.772308999998,2.250314,0.0,1685,15350.674494
3,5.383442,0.001674,10698.436361000002,14.288730000000001,9.77232,4393.709265999998,2.250314,0.0,1685,15365.611534
3,5.383442,0.001674,10698.436361000002,14.288730000000001,9.77232,4409.534462999998,2.250314,0.0,1685,15381.43686
3,5.383442,0.001674,10698.436361000002,14.288730000000001,9.77232,4425.025637999998,2.250314,0.0,1685,15396.928158
3,5.383442,0.001674,10698.436361000002,14.288730000000001,9.77232,4425.0333759999985,2.250314,0.0,1685,15396.936023
3,5.383442,0.001674,10698.436361000002,14.288730000000001,9.77232,4425.0411939999985,2.250314,0.0,1685,15396.943968
3,5.383442,0.001674,10698.436361000002,14.288730000000001,9.77232,4440.507015999999,2.250314,0.0,1685,15412.409902
3,5.383442,0.001674,10698.436361000002,14.288730000000001,9.77232,4440.514868999999,2.250314,0.0,1685,15412.417877
3,5.383442,0.001674,10698.436361000002,14.288730000000001,9.77232,4440.522723999999,2.250314,0.0,1685,15412.425851
3,5.383442,0.001674,10698.436361000002,14.288730000000001,9.77232,4458.450340999999,2.250314,0.0,1685,15430.353575
3,5.383442,0.001674,10698.436361000002,14.288730000000001,9.77232,4458.464570999999,2.250314,0.0,1685,15430.367924
3,5.383442,0.001674,10698.436361000002,14.288730000000001,9.77232,4458.4734389999985,2.250314,0.0,1685,15430.376905
3,5.383442,0.001674,10698.436361000002,14.288730000000001,9.77232,4458.481860999998,2.250314,0.0,1685,15430.385446
3,5.383442,0.001674,10698.436361000002,14.288730000000001,9.77232,4474.479490999998,2.250314,0.0,1685,15448.684475
3,5.383442,0.001674,10698.436361000002,14.288730000000001,9.77232,4489.868864999999,2.250314,0.0,1685,15464.073971
3,5.383442,0.001674,10698.436361000002,14.288730000000001,9.77232,4505.917582999999,2.250314,0.0,1685,15480.122786
3,5.383442,0.001674,10698.436361000002,14.288730000000001,9.77232,4505.9229479999985,2.250314,0.0,1685,15480.128279
3,5.383442,0.001674,10698.436361000002,14.288730000000001,9.77232,4522.723783999999,2.250314,0.0,1685,15496.929232
3,5.383442,0.001674,10698.436361000002,14.288730000000001,9.77232,4530.301302999999,2.250314,0.0,1685,15504.506873
3,5.383442,0.001674,10698.436361000002,14.288730000000001,9.77232,4530.308641999999,2.250314,0.0,1685,15504.514354
3,5.383442,0.001674,10698.436361000002,14.288730000000001,9.77232,4546.545404999999,2.250314,0.0,1685,15520.751238
3,5.383442,0.001674,10698.436361000002,14.288730000000001,9.77232,4554.124310999999,2.250314,0.0,1685,15528.330266
3,5.383442,0.001674,10698.436361000002,14.288730000000001,9.77232,4554.409782999998,2.250314,0.0,1685,15528.615879
3,5.383442,0.001674,10698.436361000002,14.288730000000001,9.77232,4570.262040999998,2.250314,0.0,1685,15544.46829
3,5.383442,0.001674,10698.436361000002,14.288730000000001,9.77232,4577.839828999998,2.250314,0.0,1685,15552.046169
3,5.383442,0.001674,10698.436361000002,14.288730000000001,9.77232,4577.845720999998,2.250314,0.0,1685,15552.052158
3,5.383442,0.001674,10698.436361000002,14.288730000000001,9.77232,4585.425560999998,2.250314,0.0,1685,15561.790346
3,5.383442,0.001674,10698.436361000002,14.288730000000001,9.77232,4601.261954999998,2.250314,0.0,1685,15579.755496
3,5.383442,0.001674,10698.436361000002,14.288730000000001,9.77232,4617.443691999998,2.250314,0.0,1685,15595.937322
3,5.383442,0.001674,10698.436361000002,14.288730000000001,9.77232,4633.054429999998,2.250314,0.0,1685,15611.54818
3,5.383442,0.001674,10698.436361000002,14.288730000000001,9.77232,4648.820942999998,2.250314,0.0,1685,15627.314816
3,5.383442,0.001674,10698.436361000002,14.288730000000001,9.77232,4648.829688999998,2.250314,0.0,1685,15627.323688
3,5.383442,0.001674,10698.436361000002,14.288730000000001,9.77232,4648.840215999999,2.250314,0.0,1685,15627.334344
3,5.383442,0.001674,10698.436361000002,14.288730000000001,9.77232,4664.846505999999,2.250314,0.0,1685,15643.340752
3,5.383442,0.001674,10698.436361000002,14.288730000000001,9.77232,4664.854778999999,2.250314,0.0,1685,15643.349153
3,5.383442,0.001674,10698.436361000002,14.288730000000001,9.77232,4664.863098999999,2.250314,0.0,1685,15643.357597
3,5.383442,0.001674,10698.436361000002,14.288730000000001,9.77232,4681.023735999999,2.250314,0.0,1685,15659.51837
3,5.383442,0.001674,10698.436361000002,14.288730000000001,9.77232,4681.032064999999,2.250314,0.0,1685,15659.526821
3,5.383442,0.001674,10698.436361000002,14.288730000000001,9.77232,4681.039588999999,2.250314,0.0,1685,15659.534434
3,5.383442,0.001674,10698.436361000002,14.288730000000001,9.77232,4681.049630999999,2.250314,0.0,1685,15659.544637
3,5.383442,0.001674,10698.436361000002,14.288730000000001,9.77232,4681.058264999999,2.250314,0.0,1685,15661.587225
3,5.383442,0.001674,10698.436361000002,14.288730000000001,9.77232,4697.713355999998,2.250314,0.0,1685,15680.456297
3,5.383442,0.001674,10698.436361000002,14.288730000000001,9.77232,4713.700107999998,2.250314,0.0,1685,15696.44317
3,5.383442,0.001674,10698.436361000002,14.288730000000001,9.77232,4729.708931999998,2.250314,0.0,1685,15712.452112
3,5.383442,0.001674,10698.436361000002,14.288730000000001,9.77232,4744.613592999997,2.250314,0.0,1685,15727.3569
3,5.383442,0.001674,10698.436361000002,14.288730000000001,9.77232,4744.622417999997,2.250314,0.0,1685,15727.36585
3,5.383442,0.001674,10698.436361000002,14.288730000000001,9.77232,4760.4494019999975,2.250314,0.0,1685,15743.192968
3,5.383442,0.001674,10698.436361000002,14.288730000000001,9.77232,4760.458856999998,2.250314,0.0,1685,15743.202548
3,5.383442,0.001674,10698.436361000002,14.288730000000001,9.77232,4760.468039999998,2.250314,0.0,1685,15743.211854
3,5.383442,0.001674,10698.436361000002,14.288730000000001,9.77232,4760.477390999998,2.250314,0.0,1685,15743.221317
3,5.383442,0.001674,10698.436361000002,14.288730000000001,9.77232,4777.917556999998,2.250314,0.0,1685,15760.661586
3,5.383442,0.001674,10698.436361000002,14.288730000000001,9.77232,4777.932475999998,2.250314,0.0,1685,15760.676628
3,5.383442,0.001674,10698.436361000002,14.288730000000001,9.77232,4777.9476239999985,2.250314,0.0,1685,15760.691886
3,5.383442,0.001674,10698.436361000002,14.288730000000001,9.77232,4777.956718999999,2.250314,0.0,1685,15760.701089
3,5.383442,0.001674,10698.436361000002,14.288730000000001,9.77232,4794.098061999999,2.250314,0.0,1685,15778.902694
3,5.383442,0.001674,10698.436361000002,14.288730000000001,9.77232,4809.789137999999,2.250314,0.0,1685,15794.59389
3,5.383442,0.001674,10698.436361000002,14.288730000000001,9.77232,4809.798793999999,2.250314,0.0,1685,15794.603662
3,5.383442,0.001674,10698.436361000002,14.288730000000001,9.77232,4809.80837,2.250314,0.0,1685,15794.613351
3,5.383442,0.001674,10698.436361000002,14.288730000000001,9.77232,4809.81791,2.250314,0.0,1685,15794.622996
3,5.383442,0.001674,10698.436361000002,14.288730000000001,9.77232,4809.828235999999,2.250314,0.0,1685,15796.819186
3,5.383442,0.001674,10698.436361000002,14.288730000000001,9.77232,4825.976965999999,2.250314,0.0,1685,15815.037555
3,5.383442,0.001674,10698.436361000002,14.288730000000001,9.77232,4842.847309999999,2.250314,0.0,1685,15831.907994
3,5.383442,0.001674,10698.436361000002,14.288730000000001,9.77232,4859.285927999999,2.250314,0.0,1685,15848.346738
3,5.383442,0.001674,10698.436361000002,14.288730000000001,9.77232,4876.111470999999,2.250314,0.0,1685,15865.172401
3,5.383442,0.001674,10698.436361000002,14.288730000000001,26.598141000000002,4876.111470999999,2.250314,0.0,1685,15865.172679
3,5.383442,0.001674,10698.436361000002,14.288730000000001,26.598141000000002,4876.111470999999,2.250314,0.0,1635,15865.172715
3,5.383442,0.001674,10717.243093000001,14.288730000000001,26.598141000000002,4876.111470999999,2.250314,0.0,1635,15883.979478
3,5.383442,0.001674,10717.243093000001,14.288730000000001,26.598141000000002,4876.111470999999,2.250314,0.0,1641,15883.979778
4,5.383442,0.001674,10729.83753,14.288730000000001,26.598141000000002,4876.111470999999,2.250314,0.0,1641,15896.574368
4,5.383442,0.001674,10729.83753,15.905447,26.598141000000002,4876.111470999999,2.250314,0.0,1641,15898.191252
4,5.383442,0.001674,10729.83753,15.905447,26.598141000000002,4884.069046999999,2.250314,0.0,1641,15906.157105
4,5.383442,0.001674,10729.83753,15.905447,26.598141000000002,4896.537180999999,2.250314,0.0,1641,15918.62536
4,5.383442,0.001674,10729.83753,15.905447,26.598141000000002,4910.334894999999,2.250314,0.0,1641,15932.423326
4,5.383442,0.001674,10729.83753,15.905447,26.598141000000002,4930.982446999999,2.250314,0.0,1641,15953.071012
4,5.383442,0.001674,10729.83753,15.905447,26.598141000000002,4946.557419999999,2.250314,0.0,1641,15968.646116
4,5.383442,0.001674,10729.83753,15.905447,26.598141000000002,4971.850202,2.250314,0.0,1641,15993.93905
4,5.383442,0.001674,10729.83753,15.905447,26.598141000000002,5000.297796,2.250314,0.0,1641,16022.386737
4,5.383442,0.001674,10729.83753,15.905447,26.598141000000002,5009.323844,2.250314,0.0,1641,16031.412913
4,5.383442,0.001674,10729.83753,15.905447,26.598141000000002,5021.944839,2.250314,0.0,1641,16044.034044
4,5.383442,0.001674,10729.83753,15.905447,26.598141000000002,5027.142345,2.250314,0.0,1641,16049.231654
4,5.383442,0.001674,10729.83753,15.905447,26.598141000000002,5034.223952,2.250314,0.0,1641,16056.31342
4,5.383442,0.001674,10729.83753,15.905447,26.598141000000002,5034.2311500000005,2.250314,0.0,1641,16056.320851
4,5.383442,0.001674,10729.83753,15.905447,26.598141000000002,5043.624204000001,2.250314,0.0,1641,16065.714145
4,5.383442,0.001674,10729.83753,15.905447,26.598141000000002,5043.632644,2.250314,0.0,1641,16065.722817
4,5.383442,0.001674,10729.83753,15.905447,26.598141000000002,5043.64007,2.250314,0.0,1641,16065.730474
4,5.383442,0.001674,10729.83753,15.905447,26.598141000000002,5054.547299000001,2.250314,0.0,1641,16076.637867
4,5.383442,0.001674,10729.83753,15.905447,26.598141000000002,5054.554951000001,2.250314,0.0,1641,16076.645788
4,5.383442,0.001674,10729.83753,15.905447,26.598141000000002,5054.562575000001,2.250314,0.0,1641,16076.653616
4,5.383442,0.001674,10729.83753,15.905447,26.598141000000002,5065.449780000001,2.250314,0.0,1641,16087.540968
4,5.383442,0.001674,10729.83753,15.905447,26.598141000000002,5065.457779000001,2.250314,0.0,1641,16087.549127
4,5.383442,0.001674,10729.83753,15.905447,26.598141000000002,5065.465547000002,2.250314,0.0,1641,16087.557074
4,5.383442,0.001674,10729.83753,15.905447,26.598141000000002,5065.478013000002,2.250314,0.0,1641,16087.56968
4,5.383442,0.001674,10729.83753,15.905447,26.598141000000002,5076.750823000002,2.250314,0.0,1641,16098.842606
4,5.383442,0.001674,10729.83753,15.905447,26.598141000000002,5076.758383000002,2.250314,0.0,1641,16098.850304
4,5.383442,0.001674,10729.83753,15.905447,26.598141000000002,5076.770610000002,2.250314,0.0,1641,16098.862668
4,5.383442,0.001674,10729.83753,15.905447,26.598141000000002,5076.777928000002,2.250314,0.0,1641,16098.870113
4,5.383442,0.001674,10729.83753,15.905447,26.598141000000002,5087.762040000002,2.250314,0.0,1641,16109.854343
4,5.383442,0.001674,10729.83753,15.905447,26.598141000000002,5087.769411000002,2.250314,0.0,1641,16109.861837
4,5.383442,0.001674,10729.83753,15.905447,26.598141000000002,5087.776870000002,2.250314,0.0,1641,16109.869408
4,5.383442,0.001674,10729.83753,15.905447,26.598141000000002,5099.262981000003,2.250314,0.0,1641,16121.35562
4,5.383442,0.001674,10729.83753,15.905447,26.598141000000002,5099.274752000003,2.250314,0.0,1641,16121.367512
4,5.383442,0.001674,10729.83753,15.905447,26.598141000000002,5099.284074000003,2.250314,0.0,1641,16121.376942
4,5.383442,0.001674,10729.83753,15.905447,26.598141000000002,5099.291378000003,2.250314,0.0,1641,16121.384358
4,5.383442,0.001674,10729.83753,15.905447,26.598141000000002,5110.518692000002,2.250314,0.0,1641,16133.963061
4,5.383442,0.001674,10729.83753,15.905447,26.598141000000002,5121.373539000002,2.250314,0.0,1641,16144.818024
4,5.383442,0.001674,10729.83753,15.905447,26.598141000000002,5132.237575000002,2.250314,0.0,1641,16155.682178
4,5.383442,0.001674,10729.83753,15.905447,26.598141000000002,5143.292815000002,2.250314,0.0,1641,16166.737537
4,5.383442,0.001674,10729.83753,15.905447,26.598141000000002,5155.174745000001,2.250314,0.0,1641,16178.619589
4,5.383442,0.001674,10729.83753,15.905447,26.598141000000002,5166.816112000001,2.250314,0.0,1641,16190.261093
4,5.383442,0.001674,10729.83753,15.905447,26.598141000000002,5179.720712000001,2.250314,0.0,1641,16203.165792
4,5.383442,0.001674,10729.83753,15.905447,26.598141000000002,5192.386744000001,2.250314,0.0,1641,16215.831981
4,5.383442,0.001674,10729.83753,15.905447,26.598141000000002,5207.7766120000015,2.250314,0.0,1641,16231.222042
4,5.383442,0.001674,10729.83753,15.905447,26.598141000000002,5223.917078000001,2.250314,0.0,1641,16247.362662
4,5.383442,0.001674,10729.83753,15.905447,42.73885,5223.917078000001,2.250314,0.0,1641,16247.362905
4,5.383442,0.001674,10729.83753,15.905447,42.73885,5223.917078000001,2.250314,0.0,1640,16247.36294
4,5.383442,0.001674,10749.763524,15.905447,42.73885,5223.917078000001,2.250314,0.0,1640,16267.288963
4,5.383442,0.001674,10749.763524,15.905447,42.73885,5223.917078000001,2.250314,0.005965,1640,16267.295266
4,5.383442,0.001674,10749.763524,15.905447,42.73885,5223.917078000001,2.250314,0.005965,1996,16267.295333
5,5.383442,0.001674,10751.043168,15.905447,42.73885,5223.917078000001,2.250314,0.005965,1996,16268.575125
5,5.383442,0.001674,10751.043168,16.457324,42.73885,5223.917078000001,2.250314,0.005965,1996,16269.127461
5,5.383442,0.001674,10751.043168,16.457324,42.73885,5232.308338000002,2.250314,0.005965,1996,16277.526922
5,5.383442,0.001674,10751.043168,16.457324,42.73885,5242.186357000001,2.250314,0.005965,1996,16287.405063
5,5.383442,0.001674,10751.043168,16.457324,42.73885,5255.805842000002,2.250314,0.005965,1996,16301.024661
5,5.383442,0.001674,10751.043168,16.457324,42.73885,5275.722105000002,2.250314,0.005965,1996,16320.941052
5,5.383442,0.001674,10751.043168,16.457324,42.73885,5294.458760000001,2.250314,0.005965,1996,16339.677835
5,5.383442,0.001674,10751.043168,16.457324,42.73885,5319.058952000001,2.250314,0.005965,1996,16364.278171
5,5.383442,0.001674,10751.043168,16.457324,42.73885,5346.974392000001,2.250314,0.005965,1996,16392.193736
5,5.383442,0.001674,10751.043168,16.457324,42.73885,5356.610802000001,2.250314,0.005965,1996,16401.830278
5,5.383442,0.001674,10751.043168,16.457324,42.73885,5369.941520000001,2.250314,0.005965,1996,16415.161133
5,5.383442,0.001674,10751.043168,16.457324,42.73885,5375.307602000001,2.250314,0.005965,1996,16420.527363
5,5.383442,0.001674,10751.043168,16.457324,42.73885,5382.324385000001,2.250314,0.005965,1996,16427.544308
5,5.383442,0.001674,10751.043168,16.457324,42.73885,5393.776966,2.250314,0.005965,1996,16438.99711
5,5.383442,0.001674,10751.043168,16.457324,42.73885,5393.781336,2.250314,0.005965,1996,16439.001767
5,5.383442,0.001674,10751.043168,16.457324,42.73885,5393.789963,2.250314,0.005965,1996,16439.010724
5,5.383442,0.001674,10751.043168,16.457324,42.73885,5408.5305960000005,2.250314,0.005965,1996,16453.75161
5,5.383442,0.001674,10751.043168,16.457324,42.73885,5408.534111000001,2.250314,0.005965,1996,16453.755278
5,5.383442,0.001674,10751.043168,16.457324,42.73885,5408.542473,2.250314,0.005965,1996,16453.763894
5,5.383442,0.001674,10751.043168,16.457324,42.73885,5408.550396000001,2.250314,0.005965,1996,16453.771988
5,5.383442,0.001674,10751.043168,16.457324,42.73885,5408.558792000001,2.250314,0.005965,1996,16453.780542
5,5.383442,0.001674,10751.043168,16.457324,42.73885,5408.566561000001,2.250314,0.005965,1996,16453.788445
5,5.383442,0.001674,10751.043168,16.457324,42.73885,5408.574203,2.250314,0.005965,1996,16453.796208
5,5.383442,0.001674,10751.043168,16.457324,42.73885,5408.5817560000005,2.250314,0.005965,1996,16453.803886
5,5.383442,0.001674,10751.043168,16.457324,42.73885,5408.589003,2.250314,0.005965,1996,16453.811218
5,5.383442,0.001674,10751.043168,16.457324,42.73885,5408.596568,2.250314,0.005965,1996,16453.818895
5,5.383442,0.001674,10751.043168,16.457324,42.73885,5424.114552,2.250314,0.005965,1996,16469.336986
5,5.383442,0.001674,10751.043168,16.457324,42.73885,5424.125703,2.250314,0.005965,1996,16469.348259
5,5.383442,0.001674,10751.043168,16.457324,42.73885,5424.135166,2.250314,0.005965,1996,16469.357856
5,5.383442,0.001674,10751.043168,16.457324,42.73885,5438.994384,2.250314,0.005965,1996,16484.797794
5,5.383442,0.001674,10751.043168,16.457324,42.73885,5453.026997999999,2.250314,0.005965,1996,16498.830529
5,5.383442,0.001674,10751.043168,16.457324,42.73885,5467.932263999999,2.250314,0.005965,1996,16513.735918
5,5.383442,0.001674,10751.043168,16.457324,42.73885,5482.108165999999,2.250314,0.005965,1996,16527.911939
5,5.383442,0.001674,10751.043168,16.457324,42.73885,5497.478952999999,2.250314,0.005965,1996,16543.282853
5,5.383442,0.001674,10751.043168,16.457324,42.73885,5512.6413539999985,2.250314,0.005965,1996,16558.445391
5,5.383442,0.001674,10751.043168,16.457324,42.73885,5528.6936879999985,2.250314,0.005965,1996,16574.497825
5,5.383442,0.001674,10751.043168,16.457324,42.73885,5544.312149999999,2.250314,0.005965,1996,16590.116394
5,5.383442,0.001674,10751.043168,16.457324,42.73885,5544.315814999999,2.250314,0.005965,1996,16590.12027
5,5.383442,0.001674,10751.043168,16.457324,42.73885,5549.251542999999,2.250314,0.005965,1996,16595.056132
5,5.383442,0.001674,10751.043168,16.457324,42.73885,5549.254679999999,2.250314,0.005965,1996,16595.059375
5,5.383442,0.001674,10751.043168,16.457324,42.73885,5549.257699999999,2.250314,0.005965,1996,16595.062507
5,5.383442,0.001674,10751.043168,16.457324,42.73885,5554.578458999999,2.250314,0.005965,1996,16600.38335
5,5.383442,0.001674,10751.043168,16.457324,42.73885,5554.582573999999,2.250314,0.005965,1996,16600.387624
5,5.383442,0.001674,10751.043168,16.457324,42.73885,5554.586602999999,2.250314,0.005965,1996,16600.391797
5,5.383442,0.001674,10751.043168,16.457324,42.73885,5554.590626999999,2.250314,0.005965,1996,16600.395941
5,5.383442,0.001674,10751.043168,16.457324,42.73885,5560.088133999999,2.250314,0.005965,1996,16605.893562
5,5.383442,0.001674,10751.043168,16.457324,42.73885,5560.092342999998,2.250314,0.005965,1996,16605.897907
5,5.383442,0.001674,10751.043168,16.457324,42.73885,5560.096312999998,2.250314,0.005965,1996,16605.902003
5,5.383442,0.001674,10751.043168,16.457324,42.73885,5565.3292489999985,2.250314,0.005965,1996,16611.135047
5,5.383442,0.001674,10751.043168,16.457324,42.73885,5565.333276999999,2.250314,0.005965,1996,16611.139194
5,5.383442,0.001674,10751.043168,16.457324,42.73885,5565.337304999999,2.250314,0.005965,1996,16611.143332
5,5.383442,0.001674,10751.043168,16.457324,42.73885,5570.621649999999,2.250314,0.005965,1996,16616.427773
5,5.383442,0.001674,10751.043168,16.457324,42.73885,5570.625802,2.250314,0.005965,1996,16616.432047
5,5.383442,0.001674,10751.043168,16.457324,42.73885,5570.630929,2.250314,0.005965,1996,16616.437281
5,5.383442,0.001674,10751.043168,16.457324,42.73885,5570.635157,2.250314,0.005965,1996,16616.441615
5,5.383442,0.001674,10751.043168,16.457324,42.73885,5576.084153,2.250314,0.005965,1996,16621.890713
5,5.383442,0.001674,10751.043168,16.457324,42.73885,5576.088207,2.250314,0.005965,1996,16621.894887
5,5.383442,0.001674,10751.043168,16.457324,42.73885,5576.091984,2.250314,0.005965,1996,16621.898772
5,5.383442,0.001674,10751.043168,16.457324,42.73885,5581.260206999999,2.250314,0.005965,1996,16627.566819
5,5.383442,0.001674,10751.043168,16.457324,42.73885,5586.490049999999,2.250314,0.005965,1996,16632.796771
5,5.383442,0.001674,10751.043168,16.457324,42.73885,5591.552618,2.250314,0.005965,1996,16637.859463
5,5.383442,0.001674,10751.043168,16.457324,42.73885,5596.69813,2.250314,0.005965,1996,16643.390093
5,5.383442,0.001674,10751.043168,16.457324,42.73885,5601.914892,2.250314,0.005965,1996,16648.606984
5,5.383442,0.001674,10751.043168,16.457324,42.73885,5607.111695,2.250314,0.005965,1996,16653.80392
5,5.383442,0.001674,10751.043168,16.457324,42.73885,5612.463371,2.250314,0.005965,1996,16659.155735
5,5.383442,0.001674,10751.043168,16.457324,42.73885,5618.079267,2.250314,0.005965,1996,16664.771774
5,5.383442,0.001674,10751.043168,16.457324,48.35499,5618.079267,2.250314,0.005965,1996,16664.772018
5,5.383442,0.001674,10751.043168,16.457324,48.35499,5618.079267,2.250314,0.005965,1994,16664.772055
5,5.383442,0.001674,10754.134233,16.457324,48.35499,5618.079267,2.250314,0.005965,1994,16667.86315
5,5.383442,0.001674,10754.134233,16.457324,48.35499,5618.079267,2.250314,0.005965,1997,16667.863442
6,5.383442,0.001674,10758.895549,16.457324,48.35499,5618.079267,2.250314,0.005965,1997,16672.624911
6,5.383442,0.001674,10758.895549,16.457324,48.35499,5618.079267,4.389638,0.005965,1997,16674.764459
6,5.383442,0.001674,10758.895549,16.457324,48.35499,5618.079267,4.389638,0.005965,1993,16674.764567
6,5.383442,0.001674,20700.381361,16.457324,48.35499,5618.079267,4.389638,0.005965,1993,26616.250542
6,5.383442,0.001674,20700.381361,24.043514000000002,48.35499,5618.079267,4.389638,0.005965,1993,26624.474244
6,5.383442,0.001674,20700.381361,24.043514000000002,48.35499,5637.139574,4.389638,0.005965,1993,26643.540595
6,5.383442,0.001674,20700.381361,24.043514000000002,48.35499,5648.622901,4.389638,0.005965,1993,26655.024044
6,5.383442,0.001674,20700.381361,24.043514000000002,48.35499,5661.420367,4.389638,0.005965,1993,26667.821598
6,5.383442,0.001674,20700.381361,24.043514000000002,48.35499,5682.953111,4.389638,0.005965,1993,26689.354465
6,5.383442,0.001674,20700.381361,24.043514000000002,48.35499,5703.611057,4.389638,0.005965,1993,26710.012533
6,5.383442,0.001674,20700.381361,24.043514000000002,48.35499,5730.442458,4.389638,0.005965,1993,26736.844071
6,5.383442,0.001674,20700.381361,24.043514000000002,48.35499,5757.664008000001,4.389638,0.005965,1993,26764.065718
6,5.383442,0.001674,20700.381361,24.043514000000002,48.35499,5766.741948000001,4.389638,0.005965,1993,26773.143811
6,5.383442,0.001674,20700.381361,24.043514000000002,48.35499,5779.853725000001,4.389638,0.005965,1993,26786.255724
6,5.383442,0.001674,20700.381361,24.043514000000002,48.35499,5784.954257000001,4.389638,0.005965,1993,26791.356397
6,5.383442,0.001674,20700.381361,24.043514000000002,48.35499,5792.294723000001,4.389638,0.005965,1993,26798.696979
6,5.383442,0.001674,20700.381361,24.043514000000002,48.35499,5804.134948000001,4.389638,0.005965,1993,26810.537421
6,5.383442,0.001674,20700.381361,24.043514000000002,48.35499,5811.711617000001,4.389638,0.005965,1993,26818.114279
6,5.383442,0.001674,20700.381361,24.043514000000002,48.35499,5827.676521000001,4.389638,0.005965,1993,26834.079583
6,5.383442,0.001674,20700.381361,24.043514000000002,48.35499,5835.257094000001,4.389638,0.005965,1993,26841.660395
6,5.383442,0.001674,20700.381361,24.043514000000002,48.35499,5842.8385720000015,4.389638,0.005965,1993,26849.242176
6,5.383442,0.001674,20700.381361,24.043514000000002,48.35499,5850.418423000002,4.389638,0.005965,1993,26856.8223
6,5.383442,0.001674,20700.381361,24.043514000000002,48.35499,5857.999805000002,4.389638,0.005965,1993,26864.403889
6,5.383442,0.001674,20700.381361,24.043514000000002,48.35499,5874.588010000002,4.389638,0.005965,1993,26880.992294
6,5.383442,0.001674,20700.381361,24.043514000000002,48.35499,5882.168324000002,4.389638,0.005965,1993,26888.572778
6,5.383442,0.001674,20700.381361,24.043514000000002,48.35499,5889.749714000002,4.389638,0.005965,1993,26896.154361
6,5.383442,0.001674,20700.381361,24.043514000000002,48.35499,5897.331382000002,4.389638,0.005965,1993,26903.736201
6,5.383442,0.001674,20700.381361,24.043514000000002,48.35499,5904.912841000002,4.389638,0.005965,1993,26911.317815
6,5.383442,0.001674,20700.381361,24.043514000000002,48.35499,5912.493174000002,4.389638,0.005965,1993,26918.898303
6,5.383442,0.001674,20700.381361,24.043514000000002,48.35499,5928.283424000002,4.389638,0.005965,1993,26934.688704
6,5.383442,0.001674,20700.381361,24.043514000000002,48.35499,5935.860821000002,4.389638,0.005965,1993,26942.266222
6,5.383442,0.001674,20700.381361,24.043514000000002,48.35499,5943.440675000002,4.389638,0.005965,1993,26949.846211
6,5.383442,0.001674,20700.381361,24.043514000000002,48.35499,5959.797053000002,4.389638,0.005965,1993,26966.202727
6,5.383442,0.001674,20700.381361,24.043514000000002,48.35499,5967.376427000002,4.389638,0.005965,1993,26973.782195
6,5.383442,0.001674,20700.381361,24.043514000000002,48.35499,5974.957972000002,4.389638,0.005965,1993,26981.363888
6,5.383442,0.001674,20700.381361,24.043514000000002,48.35499,5990.719687000002,4.389638,0.005965,1993,26997.125741
6,5.383442,0.001674,20700.381361,24.043514000000002,48.35499,5998.296117000002,4.389638,0.005965,1993,27004.702313
6,5.383442,0.001674,20700.381361,24.043514000000002,48.35499,6005.875845000001,4.389638,0.005965,1993,27012.282185
6,5.383442,0.001674,20700.381361,24.043514000000002,48.35499,6022.087403000001,4.389638,0.005965,1993,27036.077731
6,5.383442,0.001674,20700.381361,24.043514000000002,48.35499,6037.808589000001,4.389638,0.005965,1993,27051.799055
6,5.383442,0.001674,20700.381361,24.043514000000002,48.35499,6054.4410400000015,4.389638,0.005965,1993,27068.431628
6,5.383442,0.001674,20700.381361,24.043514000000002,48.35499,6071.137608000002,4.389638,0.005965,1993,27085.128324
6,5.383442,0.001674,20700.381361,24.043514000000002,48.35499,6087.567742000002,4.389638,0.005965,1993,27101.558587
6,5.383442,0.001674,20700.381361,24.043514000000002,48.35499,6104.350235000002,4.389638,0.005965,1993,27118.341207
6,5.383442,0.001674,20700.381361,24.043514000000002,48.35499,6121.565538000002,4.389638,0.005965,1993,27135.556661
6,5.383442,0.001674,20700.381361,24.043514000000002,48.35499,6139.599139000002,4.389638,0.005965,1993,27153.59042
6,5.383442,0.001674,20700.381361,24.043514000000002,48.35499,6158.903038000002,4.389638,0.005965,1993,27172.894468
6,5.383442,0.001674,20700.381361,24.043514000000002,67.659134,6158.903038000002,4.389638,0.005965,1993,27172.894713
6,5.383442,0.001674,20700.381361,24.043514000000002,67.659134,6158.903038000002,4.389638,0.005965,1992,27172.894752
6,5.383442,0.001674,20723.284967,24.043514000000002,67.659134,6158.903038000002,4.389638,0.005965,1992,27195.798389
6,5.383442,0.001674,20723.284967,24.043514000000002,67.659134,6158.903038000002,4.389638,0.009617,1992,27195.802365
6,5.383442,0.001674,20723.284967,24.043514000000002,67.659134,6158.903038000002,4.389638,0.009617,2091,27195.802416
7,5.383442,0.001674,20743.53538,24.043514000000002,67.659134,6158.903038000002,4.389638,0.009617,2091,27216.052978
7,5.383442,0.001674,20743.53538,24.043514000000002,67.659134,6158.903038000002,4.389638,0.011315,2091,27216.054969
7,5.383442,0.001674,20743.53538,24.043514000000002,67.659134,6158.903038000002,4.389638,0.011315,2119,27216.055014
8,5.383442,0.001674,20763.532329,24.043514000000002,67.659134,6158.903038000002,4.389638,0.011315,2119,27236.052101
8,5.383442,0.001674,20763.532329,24.043514000000002,67.659134,6158.903038000002,4.389638,0.012798,2119,27236.053859
8,5.383442,0.001674,20763.532329,24.043514000000002,67.659134,6158.903038000002,4.389638,0.012798,2130,27236.053904
9,5.383442,0.001674,20782.271016000002,24.043514000000002,67.659134,6158.903038000002,4.389638,0.012798,2130,27254.792724
9,5.383442,0.001674,20782.271016000002,24.043514000000002,67.659134,6158.903038000002,4.389638,0.014212,2130,27254.794441
