turn,parse_dot,top_sort,cmin,revoke_seed,crash_tog,crash_tog_exec,fixpoint_tog,new_tog,opened_tog,sum_cost
1,14.087081,0.0,0.0,0.0,0.0,0.0,0.0,0.0,0.0,30.133503
1,14.087081,0.007507,0.0,0.0,0.0,0.0,0.0,0.0,0.0,30.28428
1,14.087081,0.007507,1.308397,0.0,0.0,0.0,0.0,0.0,0.0,31.59708
1,14.087081,0.007507,1.308397,0.0,0.0,0.0,0.0,0.0,512,31.59759
2,14.087081,0.007507,1.5817510000000001,0.0,0.0,0.0,0.0,0.0,512,31.871104
2,14.087081,0.007507,1.5817510000000001,0.347903,0.0,0.0,0.0,0.0,512,32.219146
2,14.087081,0.007507,1.5817510000000001,0.347903,0.0,3.23654,0.0,0.0,512,35.461814
2,14.087081,0.007507,1.5817510000000001,0.347903,0.0,6.485214,0.0,0.0,512,38.710591
2,14.087081,0.007507,1.5817510000000001,0.347903,0.0,10.010496,0.0,0.0,512,42.235988
2,14.087081,0.007507,1.5817510000000001,0.347903,0.0,20.699061,0.0,0.0,512,52.924634
2,14.087081,0.007507,1.5817510000000001,0.347903,0.0,41.96704,0.0,0.0,512,74.192728
2,14.087081,0.007507,1.5817510000000001,0.347903,0.0,46.162212,0.0,0.0,512,78.388044
2,14.087081,0.007507,1.5817510000000001,0.347903,0.0,66.184789,0.0,0.0,512,98.410733
2,14.087081,0.007507,1.5817510000000001,0.347903,0.0,87.91524,0.0,0.0,512,120.141336
2,14.087081,0.007507,1.5817510000000001,0.347903,0.0,108.808616,0.0,0.0,512,141.034863
2,14.087081,0.007507,1.5817510000000001,0.347903,0.0,130.23259000000002,0.0,0.0,512,162.458977
2,14.087081,0.007507,1.5817510000000001,0.347903,0.0,150.904311,0.0,0.0,512,183.130838
2,14.087081,0.007507,1.5817510000000001,0.347903,0.0,155.434946,0.0,0.0,512,188.014761
2,14.087081,0.007507,1.5817510000000001,0.347903,0.0,169.062629,0.0,0.0,512,201.642564
2,14.087081,0.007507,1.5817510000000001,0.347903,0.0,190.421901,0.0,0.0,512,223.001962
2,14.087081,0.007507,1.5817510000000001,0.347903,0.0,212.96671899999998,0.0,0.0,512,245.546923
2,14.087081,0.007507,1.5817510000000001,0.347903,0.0,233.738455,0.0,0.0,512,266.318797
2,14.087081,0.007507,1.5817510000000001,0.347903,0.0,238.08747899999997,0.0,0.0,512,271.033535
2,14.087081,0.007507,1.5817510000000001,0.347903,0.0,245.59962199999998,0.0,0.0,512,278.545757
2,14.087081,0.007507,1.5817510000000001,0.347903,0.0,250.05771299999998,0.0,0.0,512,283.003925
2,14.087081,0.007507,1.5817510000000001,0.347903,0.0,254.81554999999997,0.0,0.0,512,287.761874
2,14.087081,0.007507,1.5817510000000001,0.347903,0.0,271.01458499999995,0.0,0.0,512,303.961144
2,14.087081,0.007507,1.5817510000000001,0.347903,0.0,276.41136599999993,0.0,0.0,512,309.358037
2,14.087081,0.007507,1.5817510000000001,0.347903,0.0,280.6266119999999,0.0,0.0,512,313.573439
2,14.087081,0.007507,1.5817510000000001,0.347903,0.0,294.6839299999999,0.0,0.0,512,327.630851
2,14.087081,0.007507,1.5817510000000001,0.347903,0.0,294.6918619999999,0.0,0.0,512,327.638905
2,14.087081,0.007507,1.5817510000000001,0.347903,0.0,298.0192559999999,0.0,0.0,512,330.966491
2,14.087081,0.007507,1.5817510000000001,0.347903,0.0,298.0230699999999,0.0,0.0,512,330.970469
2,14.087081,0.007507,1.5817510000000001,0.347903,0.0,298.0265759999999,0.0,0.0,512,330.974116
2,14.087081,0.007507,1.5817510000000001,0.347903,0.0,298.0301189999999,0.0,0.0,512,330.977788
2,14.087081,0.007507,1.5817510000000001,0.347903,0.0,301.3174879999999,0.0,0.0,512,334.265267
2,14.087081,0.007507,1.5817510000000001,0.347903,0.0,301.3209419999999,0.0,0.0,512,334.268854
2,14.087081,0.007507,1.5817510000000001,0.347903,0.0,301.3247809999999,0.0,0.0,512,334.272811
2,14.087081,0.007507,1.5817510000000001,0.347903,0.0,304.5953599999999,0.0,0.0,512,337.543494
2,14.087081,0.007507,1.5817510000000001,0.347903,0.0,304.5988589999999,0.0,0.0,512,337.547114
2,14.087081,0.007507,1.5817510000000001,0.347903,0.0,304.6022759999999,0.0,0.0,512,337.550644
2,14.087081,0.007507,1.5817510000000001,0.347903,0.0,307.8910469999999,0.0,0.0,512,340.839518
2,14.087081,0.007507,1.5817510000000001,0.347903,0.0,307.8960179999999,0.0,0.0,512,340.844621
2,14.087081,0.007507,1.5817510000000001,0.347903,0.0,307.8994819999999,0.0,0.0,512,340.848217
2,14.087081,0.007507,1.5817510000000001,0.347903,0.0,311.1499129999999,0.0,0.0,512,344.098756
2,14.087081,0.007507,1.5817510000000001,0.347903,0.0,311.1530889999999,0.0,0.0,512,344.102058
2,14.087081,0.007507,1.5817510000000001,0.347903,0.0,311.1566559999999,0.0,0.0,512,344.105746
2,14.087081,0.007507,1.5817510000000001,0.347903,0.0,311.15983999999986,0.0,0.0,512,344.109035
2,14.087081,0.007507,1.5817510000000001,0.347903,0.0,314.4333619999999,0.0,0.0,512,347.382658
2,14.087081,0.007507,1.5817510000000001,0.347903,0.0,314.4366409999999,0.0,0.0,512,347.386056
2,14.087081,0.007507,1.5817510000000001,0.347903,0.0,314.4400319999999,0.0,0.0,512,347.389563
2,14.087081,0.007507,1.5817510000000001,0.347903,0.0,317.7303789999999,0.0,0.0,512,351.027217
2,14.087081,0.007507,1.5817510000000001,0.347903,0.0,321.0053809999999,0.0,0.0,512,354.302347
2,14.087081,0.007507,1.5817510000000001,0.347903,0.0,324.2850479999999,0.0,0.0,512,357.582097
2,14.087081,0.007507,1.5817510000000001,0.347903,0.0,327.5568079999999,0.0,0.0,512,360.853984
2,14.087081,0.007507,1.5817510000000001,0.347903,0.0,330.8568479999999,0.0,0.0,512,364.154146
2,14.087081,0.007507,1.5817510000000001,0.347903,0.0,334.1922219999999,0.0,0.0,512,367.489607
2,14.087081,0.007507,1.5817510000000001,0.347903,3.335584,334.1922219999999,0.0,0.0,512,367.489817
2,14.087081,0.007507,1.5817510000000001,0.347903,3.335584,334.1922219999999,0.0,0.0,509,367.489857
2,14.087081,0.007507,2.5988610000000003,0.347903,3.335584,334.1922219999999,0.0,0.0,509,368.507001
2,14.087081,0.007507,2.5988610000000003,0.347903,3.335584,334.1922219999999,0.0,0.0,542,368.507505
3,14.087081,0.007507,3.6347180000000003,0.347903,3.335584,334.1922219999999,0.0,0.0,542,369.543527
3,14.087081,0.007507,3.6347180000000003,0.347903,3.335584,334.1922219999999,0.328901,0.0,542,369.872659
3,14.087081,0.007507,3.6347180000000003,0.347903,3.335584,334.1922219999999,0.328901,0.0,510,369.872732
3,14.087081,0.007507,4.090199,0.347903,3.335584,334.1922219999999,0.328901,0.0,510,370.328321
3,14.087081,0.007507,4.090199,0.707317,3.335584,334.1922219999999,0.328901,0.0,510,370.687847
3,14.087081,0.007507,4.090199,0.707317,3.335584,337.3837659999999,0.328901,0.0,510,373.885432
3,14.087081,0.007507,4.090199,0.707317,3.335584,346.5183639999999,0.328901,0.0,510,383.02014
3,14.087081,0.007507,4.090199,0.707317,3.335584,350.1953259999999,0.328901,0.0,510,386.697214
3,14.087081,0.007507,4.090199,0.707317,3.335584,354.21049299999993,0.328901,0.0,510,390.71249
3,14.087081,0.007507,4.090199,0.707317,3.335584,358.7351999999999,0.328901,0.0,510,395.237312
3,14.087081,0.007507,4.090199,0.707317,3.335584,364.3786899999999,0.328901,0.0,510,400.880921
3,14.087081,0.007507,4.090199,0.707317,3.335584,368.53591799999987,0.328901,0.0,510,405.038273
3,14.087081,0.007507,4.090199,0.707317,3.335584,371.81994699999984,0.328901,0.0,510,408.322395
3,14.087081,0.007507,4.090199,0.707317,3.335584,371.82348699999983,0.328901,0.0,510,408.326097
3,14.087081,0.007507,4.090199,0.707317,3.335584,371.8268659999998,0.328901,0.0,510,408.329646
3,14.087081,0.007507,4.090199,0.707317,3.335584,371.8301319999998,0.328901,0.0,510,408.333044
3,14.087081,0.007507,4.090199,0.707317,3.335584,375.2359599999998,0.328901,0.0,510,411.738982
3,14.087081,0.007507,4.090199,0.707317,3.335584,375.2392939999998,0.328901,0.0,510,411.742437
3,14.087081,0.007507,4.090199,0.707317,3.335584,375.2426519999998,0.328901,0.0,510,411.745911
3,14.087081,0.007507,4.090199,0.707317,3.335584,378.6552559999998,0.328901,0.0,510,415.158624
3,14.087081,0.007507,4.090199,0.707317,3.335584,378.6587229999998,0.328901,0.0,510,415.162207
3,14.087081,0.007507,4.090199,0.707317,3.335584,378.66188399999976,0.328901,0.0,510,415.165478
3,14.087081,0.007507,4.090199,0.707317,3.335584,391.8442669999998,0.328901,0.0,510,428.347957
3,14.087081,0.007507,4.090199,0.707317,3.335584,391.84787899999975,0.328901,0.0,510,428.351685
3,14.087081,0.007507,4.090199,0.707317,3.335584,391.85529199999974,0.328901,0.0,510,428.359186
3,14.087081,0.007507,4.090199,0.707317,3.335584,399.5879869999997,0.328901,0.0,510,436.092015
3,14.087081,0.007507,4.090199,0.707317,3.335584,399.59106399999973,0.328901,0.0,510,436.095211
3,14.087081,0.007507,4.090199,0.707317,3.335584,399.59439199999974,0.328901,0.0,510,436.09866
3,14.087081,0.007507,4.090199,0.707317,3.335584,405.71504999999974,0.328901,0.0,510,442.21942
3,14.087081,0.007507,4.090199,0.707317,3.335584,405.7182789999997,0.328901,0.0,510,442.222763
3,14.087081,0.007507,4.090199,0.707317,3.335584,405.7215989999997,0.328901,0.0,510,442.22619
3,14.087081,0.007507,4.090199,0.707317,3.335584,410.0910369999997,0.328901,0.0,510,446.595703
3,14.087081,0.007507,4.090199,0.707317,3.335584,410.11144599999966,0.328901,0.0,510,446.616245
3,14.087081,0.007507,4.090199,0.707317,3.335584,410.1276469999997,0.328901,0.0,510,446.63258
3,14.087081,0.007507,4.090199,0.707317,3.335584,430.0499069999997,0.328901,0.0,510,468.322128
3,14.087081,0.007507,4.090199,0.707317,3.335584,440.4441719999997,0.328901,0.0,510,478.716515
3,14.087081,0.007507,4.090199,0.707317,3.335584,447.5163079999997,0.328901,0.0,510,485.788767
3,14.087081,0.007507,4.090199,0.707317,3.335584,452.9728689999997,0.328901,0.0,510,491.245454
3,14.087081,0.007507,4.090199,0.707317,3.335584,458.7944889999997,0.328901,0.0,510,497.067193
3,14.087081,0.007507,4.090199,0.707317,3.335584,465.3404029999997,0.328901,0.0,510,503.613232
3,14.087081,0.007507,4.090199,0.707317,3.335584,485.1453579999997,0.328901,0.0,510,523.418324
3,14.087081,0.007507,4.090199,0.707317,3.335584,490.6148039999997,0.328901,0.0,510,528.887901
3,14.087081,0.007507,4.090199,0.707317,8.805236,490.6148039999997,0.328901,0.0,510,528.888107
3,14.087081,0.007507,4.090199,0.707317,8.805236,490.6148039999997,0.328901,0.0,509,528.888142
3,14.087081,0.007507,8.317823,0.707317,8.805236,490.6148039999997,0.328901,0.0,509,533.115795
3,14.087081,0.007507,8.317823,0.707317,8.805236,490.6148039999997,0.328901,0.00551,509,533.121586
3,14.087081,0.007507,8.317823,0.707317,8.805236,490.6148039999997,0.328901,0.00551,1924,533.121659
4,14.087081,0.007507,10.200552,0.707317,8.805236,490.6148039999997,0.328901,0.00551,1924,535.004557
4,14.087081,0.007507,10.200552,0.707317,8.805236,490.6148039999997,0.328901,0.00551,1925,535.004787
5,14.087081,0.007507,12.062184,0.707317,8.805236,490.6148039999997,0.328901,0.00551,1925,536.866574
5,14.087081,0.007507,12.062184,0.707317,8.805236,490.6148039999997,1.0729090000000001,0.00551,1925,537.610758
5,14.087081,0.007507,12.062184,0.707317,8.805236,490.6148039999997,1.0729090000000001,0.00551,1923,537.61084
5,14.087081,0.007507,14.300153,0.707317,8.805236,490.6148039999997,1.0729090000000001,0.00551,1923,539.848915
5,14.087081,0.007507,14.300153,0.707317,8.805236,490.6148039999997,1.6023550000000002,0.00551,1923,540.378494
5,14.087081,0.007507,14.300153,0.707317,8.805236,490.6148039999997,1.6023550000000002,0.00551,1922,540.378558
5,14.087081,0.007507,16.54039,0.707317,8.805236,490.6148039999997,1.6023550000000002,0.00551,1922,542.618875
5,14.087081,0.007507,16.54039,0.707317,8.805236,490.6148039999997,2.8073880000000004,0.00551,1922,543.824048
5,14.087081,0.007507,16.54039,0.707317,8.805236,490.6148039999997,2.8073880000000004,0.00551,1920,543.824154
5,14.087081,0.007507,22.008568999999998,0.707317,8.805236,490.6148039999997,2.8073880000000004,0.00551,1920,549.292495
5,14.087081,0.007507,22.008568999999998,0.707317,8.805236,490.6148039999997,2.8073880000000004,0.00551,1923,549.292728
6,14.087081,0.007507,46.138133999999994,0.707317,8.805236,490.6148039999997,2.8073880000000004,0.00551,1923,573.422437
6,14.087081,0.007507,46.138133999999994,0.707317,8.805236,490.6148039999997,2.8776930000000003,0.00551,1923,573.493003
6,14.087081,0.007507,46.138133999999994,0.707317,8.805236,490.6148039999997,2.8776930000000003,0.00551,1889,573.493117
6,14.087081,0.007507,53.76359099999999,0.707317,8.805236,490.6148039999997,2.8776930000000003,0.00551,1889,581.118748
6,14.087081,0.007507,53.76359099999999,0.707317,8.805236,490.6148039999997,6.340518,0.00551,1889,584.581714
6,14.087081,0.007507,53.76359099999999,0.707317,8.805236,490.6148039999997,6.340518,0.00551,1875,584.581774
6,14.087081,0.007507,88.761389,0.707317,8.805236,490.6148039999997,6.340518,0.00551,1875,619.579654
6,14.087081,0.007507,88.761389,3.193073,8.805236,490.6148039999997,6.340518,0.00551,1875,622.065543
6,14.087081,0.007507,88.761389,3.193073,8.805236,495.9650359999997,6.340518,0.00551,1875,627.422601
6,14.087081,0.007507,88.761389,3.193073,8.805236,500.7601739999997,6.340518,0.00551,1875,632.217854
6,14.087081,0.007507,88.761389,3.193073,8.805236,536.2058029999997,6.340518,0.00551,1875,667.6636
6,14.087081,0.007507,88.761389,3.193073,8.805236,537.7356949999997,6.340518,0.00551,1875,669.193604
6,14.087081,0.007507,88.761389,3.193073,8.805236,537.7394719999998,6.340518,0.00551,1875,669.197514
6,14.087081,0.007507,88.761389,3.193073,8.805236,545.2830579999998,6.340518,0.00551,1875,676.741212
6,14.087081,0.007507,88.761389,3.193073,8.805236,545.2867939999998,6.340518,0.00551,1875,676.74506
6,14.087081,0.007507,88.761389,3.193073,8.805236,545.2904999999997,6.340518,0.00551,1875,676.748875
6,14.087081,0.007507,88.761389,3.193073,8.805236,545.2942679999998,6.340518,0.00551,1875,676.752741
6,14.087081,0.007507,88.761389,3.193073,8.805236,564.4302049999998,6.340518,0.00551,1875,697.258361
6,14.087081,0.007507,88.761389,3.193073,8.805236,581.0007409999997,6.340518,0.00551,1875,713.829196
6,14.087081,0.007507,88.761389,3.193073,8.805236,586.4391469999997,6.340518,0.00551,1875,719.267725
6,14.087081,0.007507,88.761389,3.193073,8.805236,594.5645839999997,6.340518,0.00551,1875,727.393279
6,14.087081,0.007507,88.761389,3.193073,8.805236,600.9870879999997,6.340518,0.00551,1875,733.815864
6,14.087081,0.007507,88.761389,3.193073,8.805236,635.3165349999997,6.340518,0.00551,1875,768.145437
6,14.087081,0.007507,88.761389,3.193073,8.805236,636.8977669999997,6.340518,0.00551,1875,769.726816
6,14.087081,0.007507,88.761389,3.193073,8.805236,636.9069219999997,6.340518,0.00551,1875,769.736133
6,14.087081,0.007507,88.761389,3.193073,8.805236,646.7602459999997,6.340518,0.00551,1875,779.589585
6,14.087081,0.007507,88.761389,3.193073,8.805236,646.7719199999997,6.340518,0.00551,1875,779.601398
6,14.087081,0.007507,88.761389,3.193073,8.805236,646.7851949999997,6.340518,0.00551,1875,779.614811
6,14.087081,0.007507,88.761389,3.193073,8.805236,690.8214909999997,6.340518,0.00551,1875,823.651217
6,14.087081,0.007507,88.761389,3.193073,8.805236,690.8260139999996,6.340518,0.00551,1875,823.655857
6,14.087081,0.007507,88.761389,3.193073,8.805236,690.8304109999997,6.340518,0.00551,1875,823.660361
6,14.087081,0.007507,88.761389,3.193073,8.805236,690.8494409999997,6.340518,0.00551,1875,823.679488
6,14.087081,0.007507,88.761389,3.193073,8.805236,690.8540099999997,6.340518,0.00551,1875,823.684159
6,14.087081,0.007507,88.761389,3.193073,8.805236,722.5506019999997,6.340518,0.00551,1875,855.380843
6,14.087081,0.007507,88.761389,3.193073,8.805236,722.5550299999996,6.340518,0.00551,1875,855.385377
6,14.087081,0.007507,88.761389,3.193073,8.805236,722.5594129999996,6.340518,0.00551,1875,855.389866
6,14.087081,0.007507,88.761389,3.193073,8.805236,736.7286039999996,6.340518,0.00551,1875,870.504893
6,14.087081,0.007507,88.761389,3.193073,8.805236,764.7280979999996,6.340518,0.00551,1875,898.504509
6,14.087081,0.007507,88.761389,3.193073,8.805236,801.7154169999995,6.340518,0.00551,1875,935.491955
6,14.087081,0.007507,88.761389,3.193073,8.805236,810.9045449999995,6.340518,0.00551,1875,944.681206
6,14.087081,0.007507,88.761389,3.193073,8.805236,840.0074479999995,6.340518,0.00551,1875,973.78423
6,14.087081,0.007507,88.761389,3.193073,8.805236,854.4305529999995,6.340518,0.00551,1875,988.207465
6,14.087081,0.007507,88.761389,3.193073,8.805236,885.6484129999994,6.340518,0.00551,1875,1019.42546
6,14.087081,0.007507,88.761389,3.193073,8.805236,919.2911439999995,6.340518,0.00551,1875,1053.068346
6,14.087081,0.007507,88.761389,3.193073,8.805236,919.3180039999995,6.340518,0.00551,1875,1053.095373
6,14.087081,0.007507,88.761389,3.193073,8.805236,919.3341379999995,6.340518,0.00551,1875,1053.111695
6,14.087081,0.007507,88.761389,3.193073,8.805236,946.6000549999994,6.340518,0.00551,1875,1080.377755
6,14.087081,0.007507,88.761389,3.193073,8.805236,946.6062199999994,6.340518,0.00551,1875,1080.384085
6,14.087081,0.007507,88.761389,3.193073,8.805236,946.6141839999995,6.340518,0.00551,1875,1080.39219
6,14.087081,0.007507,88.761389,3.193073,8.805236,964.6230419999995,6.340518,0.00551,1875,1098.401242
6,14.087081,0.007507,88.761389,3.193073,8.805236,964.6275189999994,6.340518,0.00551,1875,1098.405856
6,14.087081,0.007507,88.761389,3.193073,8.805236,964.6322759999995,6.340518,0.00551,1875,1098.410746
6,14.087081,0.007507,88.761389,3.193073,8.805236,964.6370679999994,6.340518,0.00551,1875,1098.415652
6,14.087081,0.007507,88.761389,3.193073,8.805236,964.6414629999995,6.340518,0.00551,1875,1098.420151
6,14.087081,0.007507,88.761389,3.193073,8.805236,964.6461079999995,6.340518,0.00551,1875,1098.424896
6,14.087081,0.007507,88.761389,3.193073,8.805236,964.6509389999994,6.340518,0.00551,1875,1098.429828
6,14.087081,0.007507,88.761389,3.193073,8.805236,984.4321279999995,6.340518,0.00551,1875,1118.2111
6,14.087081,0.007507,88.761389,3.193073,8.805236,984.4383739999995,6.340518,0.00551,1875,1118.217468
6,14.087081,0.007507,88.761389,3.193073,8.805236,984.4427999999995,6.340518,0.00551,1875,1118.222007
6,14.087081,0.007507,88.761389,3.193073,8.805236,1014.7229769999994,6.340518,0.00551,1875,1149.675848
6,14.087081,0.007507,88.761389,3.193073,8.805236,1039.4605899999995,6.340518,0.00551,1875,1174.413586
6,14.087081,0.007507,88.761389,3.193073,8.805236,1071.5228789999994,6.340518,0.00551,1875,1206.476002
6,14.087081,0.007507,88.761389,3.193073,8.805236,1096.2112159999995,6.340518,0.00551,1875,1231.164461
6,14.087081,0.007507,88.761389,3.193073,8.805236,1110.4442799999995,6.340518,0.00551,1875,1245.397649
6,14.087081,0.007507,88.761389,3.193073,8.805236,1139.9312769999995,6.340518,0.00551,1875,1274.884782
6,14.087081,0.007507,88.761389,3.193073,8.805236,1161.3606239999995,6.340518,0.00551,1875,1296.314275
6,14.087081,0.007507,88.761389,3.193073,8.805236,1195.2866339999994,6.340518,0.00551,1875,1330.240382
6,14.087081,0.007507,88.761389,3.193073,8.805236,1216.1928939999993,6.340518,0.00551,1875,1351.146883
6,14.087081,0.007507,88.761389,3.193073,8.805236,1254.7348019999993,6.340518,0.00551,1875,1389.689029
6,14.087081,0.007507,88.761389,3.193073,8.805236,1254.7443259999993,6.340518,0.00551,1875,1389.698757
6,14.087081,0.007507,88.761389,3.193073,8.805236,1254.7546639999994,6.340518,0.00551,1875,1389.709377
6,14.087081,0.007507,88.761389,3.193073,8.805236,1296.1578029999994,6.340518,0.00551,1875,1431.112754
6,14.087081,0.007507,88.761389,3.193073,8.805236,1296.1684969999994,6.340518,0.00551,1875,1431.12363
6,14.087081,0.007507,88.761389,3.193073,8.805236,1296.1787439999994,6.340518,0.00551,1875,1431.134118
6,14.087081,0.007507,88.761389,3.193073,8.805236,1296.1885069999994,6.340518,0.00551,1875,1431.144074
6,14.087081,0.007507,88.761389,3.193073,8.805236,1341.9844819999994,6.340518,0.00551,1875,1476.940203
6,14.087081,0.007507,88.761389,3.193073,8.805236,1341.9953309999994,6.340518,0.00551,1875,1476.951218
6,14.087081,0.007507,88.761389,3.193073,8.805236,1342.0054649999995,6.340518,0.00551,1875,1476.961526
6,14.087081,0.007507,88.761389,3.193073,8.805236,1382.9811599999996,6.340518,0.00551,1875,1517.937378
6,14.087081,0.007507,88.761389,3.193073,8.805236,1382.9905379999996,6.340518,0.00551,1875,1517.946846
6,14.087081,0.007507,88.761389,3.193073,8.805236,1382.9979489999996,6.340518,0.00551,1875,1517.954347
6,14.087081,0.007507,88.761389,3.193073,8.805236,1383.0052689999995,6.340518,0.00551,1875,1517.961746
6,14.087081,0.007507,88.761389,3.193073,8.805236,1442.9132059999995,6.340518,0.00551,1875,1577.869756
6,14.087081,0.007507,88.761389,3.193073,8.805236,1443.1367979999995,6.340518,0.00551,1875,1578.837739
6,14.087081,0.007507,88.761389,3.193073,8.805236,1443.2127269999996,6.340518,0.00551,1875,1578.913848
6,14.087081,0.007507,88.761389,3.193073,8.805236,1480.4270489999997,6.340518,0.00551,1875,1616.128339
6,14.087081,0.007507,88.761389,3.193073,8.805236,1480.4427279999998,6.340518,0.00551,1875,1616.144152
6,14.087081,0.007507,88.761389,3.193073,8.805236,1480.4586159999997,6.340518,0.00551,1875,1616.160164
6,14.087081,0.007507,88.761389,3.193073,8.805236,1480.4743049999997,6.340518,0.00551,1875,1616.175958
6,14.087081,0.007507,88.761389,3.193073,8.805236,1480.4904629999996,6.340518,0.00551,1875,1616.192229
6,14.087081,0.007507,88.761389,3.193073,8.805236,1536.8892949999997,6.340518,0.00551,1875,1673.897485
6,14.087081,0.007507,88.761389,3.193073,8.805236,1599.7582049999996,6.340518,0.00551,1875,1736.766517
6,14.087081,0.007507,88.761389,3.193073,8.805236,1644.7934779999996,6.340518,0.00551,1875,1781.801914
6,14.087081,0.007507,88.761389,3.193073,8.805236,1707.2194499999996,6.340518,0.00551,1875,1844.228021
6,14.087081,0.007507,88.761389,3.193073,8.805236,1771.0121669999996,6.340518,0.00551,1875,1908.020869
6,14.087081,0.007507,88.761389,3.193073,8.805236,1826.7596509999996,6.340518,0.00551,1875,1963.768472
6,14.087081,0.007507,88.761389,3.193073,64.552976,1826.7596509999996,6.340518,0.00551,1875,1963.768728
6,14.087081,0.007507,88.761389,3.193073,64.552976,1826.7596509999996,6.340518,0.00551,1871,1963.768763
6,14.087081,0.007507,140.106104,3.193073,64.552976,1826.7596509999996,6.340518,0.00551,1871,2015.113509
6,14.087081,0.007507,140.106104,3.193073,64.552976,1826.7596509999996,7.902658000000001,0.00551,1871,2016.675904
6,14.087081,0.007507,140.106104,3.193073,64.552976,1826.7596509999996,7.902658000000001,0.00551,1863,2016.675972
6,14.087081,0.007507,162.505222,3.193073,64.552976,1826.7596509999996,7.902658000000001,0.00551,1863,2039.075181
6,14.087081,0.007507,162.505222,3.193073,64.552976,1826.7596509999996,9.217188,0.00551,1863,2040.389932
6,14.087081,0.007507,162.505222,3.193073,64.552976,1826.7596509999996,9.217188,0.00551,1859,2040.390036
6,14.087081,0.007507,176.042473,3.193073,64.552976,1826.7596509999996,9.217188,0.00551,1859,2053.927444
6,14.087081,0.007507,176.042473,3.698874,64.552976,1826.7596509999996,9.217188,0.00551,1859,2054.433414
6,14.087081,0.007507,176.042473,3.698874,64.552976,1851.1485049999997,9.217188,0.00551,1859,2078.826455
6,14.087081,0.007507,176.042473,3.698874,64.552976,1861.1025099999997,9.217188,0.00551,1859,2088.780578
6,14.087081,0.007507,176.042473,3.698874,64.552976,1894.1549179999997,9.217188,0.00551,1859,2121.833096
6,14.087081,0.007507,176.042473,3.698874,64.552976,1918.5501549999997,9.217188,0.00551,1859,2146.228456
6,14.087081,0.007507,176.042473,3.698874,64.552976,1938.7309809999997,9.217188,0.00551,1859,2166.409392
6,14.087081,0.007507,176.042473,3.698874,64.552976,2098.939329,9.217188,0.00551,1859,2326.617863
6,14.087081,0.007507,176.042473,3.698874,64.552976,2258.0681799999998,9.217188,0.00551,1859,2485.746854
6,14.087081,0.007507,176.042473,3.698874,64.552976,2343.4173789999995,9.217188,0.00551,1859,2571.09621
6,14.087081,0.007507,176.042473,3.698874,64.552976,2343.4206919999997,9.217188,0.00551,1859,2571.099692
6,14.087081,0.007507,176.042473,3.698874,64.552976,2343.4240819999995,9.217188,0.00551,1859,2571.103263
6,14.087081,0.007507,176.042473,3.698874,64.552976,2527.9908989999994,9.217188,0.00551,1859,2755.670233
6,14.087081,0.007507,176.042473,3.698874,64.552976,2527.9947519999996,9.217188,0.00551,1859,2755.674243
6,14.087081,0.007507,176.042473,3.698874,64.552976,2527.9985669999996,9.217188,0.00551,1859,2755.678218
6,14.087081,0.007507,176.042473,3.698874,64.552976,2727.4839569999995,9.217188,0.00551,1859,2955.163732
6,14.087081,0.007507,176.042473,3.698874,64.552976,2728.1692569999996,9.217188,0.00551,1859,2955.849167
6,14.087081,0.007507,176.042473,3.698874,64.552976,2728.4827369999994,9.217188,0.00551,1859,2956.162841
6,14.087081,0.007507,176.042473,3.698874,64.552976,2728.8020419999993,9.217188,0.00551,1859,2956.482325
6,14.087081,0.007507,176.042473,3.698874,64.552976,2729.214350999999,9.217188,0.00551,1859,2956.894809
6,14.087081,0.007507,176.042473,3.698874,64.552976,3170.5208739999994,9.217188,0.00551,1859,3398.201494
6,14.087081,0.007507,176.042473,3.698874,64.552976,3170.526423999999,9.217188,0.00551,1859,3398.207176
6,14.087081,0.007507,176.042473,3.698874,64.552976,3170.529945999999,9.217188,0.00551,1859,3398.210821
6,14.087081,0.007507,176.042473,3.698874,64.552976,3308.359984999999,9.217188,0.00551,1859,3536.040978
6,14.087081,0.007507,176.042473,3.698874,64.552976,3309.104984999999,9.217188,0.00551,1859,3536.786105
6,14.087081,0.007507,176.042473,3.698874,64.552976,3309.799868999999,9.217188,0.00551,1859,3537.481164
6,14.087081,0.007507,176.042473,3.698874,64.552976,3632.368433999999,9.217188,0.00551,1859,3860.049882
6,14.087081,0.007507,176.042473,3.698874,64.552976,3632.372058999999,9.217188,0.00551,1859,3860.053627
6,14.087081,0.007507,176.042473,3.698874,64.552976,3632.375475999999,9.217188,0.00551,1859,3860.057153
6,14.087081,0.007507,176.042473,3.698874,64.552976,3794.1057869999986,9.217188,0.00551,1859,4022.290618
6,14.087081,0.007507,176.042473,3.698874,64.552976,3997.3971249999986,9.217188,0.00551,1859,4225.582086
6,14.087081,0.007507,176.042473,3.698874,64.552976,4274.654926999999,9.217188,0.00551,1859,4502.840027
6,14.087081,0.007507,176.042473,3.698874,64.552976,4376.420976999999,9.217188,0.00551,1859,4604.606197
6,14.087081,0.007507,176.042473,3.698874,64.552976,4488.855080999999,9.217188,0.00551,1859,4717.040419
6,14.087081,0.007507,176.042473,3.698874,64.552976,4712.378905999999,9.217188,0.00551,1859,4940.564379
6,14.087081,0.007507,176.042473,3.698874,64.552976,4898.385567999999,9.217188,0.00551,1859,5126.571175
6,14.087081,0.007507,176.042473,3.698874,64.552976,5006.772716999999,9.217188,0.00551,1859,5234.958477
6,14.087081,0.007507,176.042473,3.698874,64.552976,5198.6817489999985,9.217188,0.00551,1859,5426.867623
6,14.087081,0.007507,176.042473,3.698874,64.552976,5386.921145999999,9.217188,0.00551,1859,5615.107253
6,14.087081,0.007507,176.042473,3.698874,64.552976,5709.728178999999,9.217188,0.00551,1859,5937.914537
6,14.087081,0.007507,176.042473,3.698874,387.360289,5709.728178999999,9.217188,0.00551,1859,5937.914817
6,14.087081,0.007507,176.042473,3.698874,387.360289,5709.728178999999,9.217188,0.00551,1858,5937.914851
6,14.087081,0.007507,523.301883,3.698874,387.360289,5709.728178999999,9.217188,0.00551,1858,6285.174289
6,14.087081,0.007507,523.301883,3.698874,387.360289,5709.728178999999,9.365203000000001,0.00551,1858,6285.322554
6,14.087081,0.007507,523.301883,3.698874,387.360289,5709.728178999999,9.365203000000001,0.00551,1854,6285.322663
6,14.087081,0.007507,827.002651,3.698874,387.360289,5709.728178999999,9.365203000000001,0.00551,1854,6589.023606
6,14.087081,0.007507,827.002651,3.698874,387.360289,5709.728178999999,9.512501,0.00551,1854,6589.171062
6,14.087081,0.007507,827.002651,3.698874,387.360289,5709.728178999999,9.512501,0.00551,1834,6589.171169
6,14.087081,0.007507,1196.442235,3.698874,387.360289,5709.728178999999,9.512501,0.00551,1834,6958.610909
6,14.087081,0.007507,1196.442235,3.698874,387.360289,5709.728178999999,9.512501,0.00551,1835,6958.611201
7,14.087081,0.007507,1661.514436,3.698874,387.360289,5709.728178999999,9.512501,0.00551,1835,7423.683567
7,14.087081,0.007507,1661.514436,3.698874,387.360289,5709.728178999999,12.027912,0.00551,1835,7426.199159
7,14.087081,0.007507,1661.514436,3.698874,387.360289,5709.728178999999,12.027912,0.00551,1811,7426.199259
7,14.087081,0.007507,2023.019376,3.698874,387.360289,5709.728178999999,12.027912,0.00551,1811,7787.704376
7,14.087081,0.007507,2023.019376,3.698874,387.360289,5709.728178999999,17.564135,0.00551,1811,7793.240769
7,14.087081,0.007507,2023.019376,3.698874,387.360289,5709.728178999999,17.564135,0.00551,1810,7793.240869
7,14.087081,0.007507,2508.506964,3.698874,387.360289,5709.728178999999,17.564135,0.00551,1810,8278.728637
7,14.087081,0.007507,2508.506964,3.698874,387.360289,5709.728178999999,18.581967,0.00551,1810,8280.024513
7,14.087081,0.007507,2508.506964,3.698874,387.360289,5709.728178999999,18.581967,0.00551,1803,8280.024621
7,14.087081,0.007507,2853.453371,3.698874,387.360289,5709.728178999999,18.581967,0.00551,1803,8624.971208
7,14.087081,0.007507,2853.453371,80.340917,387.360289,5709.728178999999,18.581967,0.00551,1803,8701.613393
7,14.087081,0.007507,2853.453371,80.340917,387.360289,5907.762132999998,18.581967,0.00551,1803,8899.654192
7,14.087081,0.007507,2853.453371,80.340917,387.360289,5917.013071999998,18.581967,0.00551,1803,8908.905211
7,14.087081,0.007507,2853.453371,80.340917,387.360289,6116.449011999998,18.581967,0.00551,1803,9108.341265
7,14.087081,0.007507,2853.453371,80.340917,387.360289,6151.531396999998,18.581967,0.00551,1803,9143.423729
7,14.087081,0.007507,2853.453371,80.340917,387.360289,6310.5764009999975,18.581967,0.00551,1803,9302.468869
7,14.087081,0.007507,2853.453371,80.340917,387.360289,6554.664103999998,18.581967,0.00551,1803,9546.5567
7,14.087081,0.007507,2853.453371,80.340917,387.360289,6758.652869999998,18.581967,0.00551,1803,9750.545597
7,14.087081,0.007507,2853.453371,80.340917,387.360289,6778.9956969999985,18.581967,0.00551,1803,9770.888576
7,14.087081,0.007507,2853.453371,80.340917,387.360289,6779.001625999998,18.581967,0.00551,1803,9770.89468
7,14.087081,0.007507,2853.453371,80.340917,387.360289,6779.007091999998,18.581967,0.00551,1803,9770.900271
7,14.087081,0.007507,2853.453371,80.340917,387.360289,6815.490642999998,18.581967,0.00551,1803,9807.38393
7,14.087081,0.007507,2853.453371,80.340917,387.360289,6815.727865999998,18.581967,0.00551,1803,9807.621291
7,14.087081,0.007507,2853.453371,80.340917,387.360289,6815.738065999998,18.581967,0.00551,1803,9807.631652
7,14.087081,0.007507,2853.453371,80.340917,387.360289,6815.744639999998,18.581967,0.00551,1803,9807.638337
7,14.087081,0.007507,2853.453371,80.340917,387.360289,6815.7510809999985,18.581967,0.00551,1803,9807.64488
7,14.087081,0.007507,2853.453371,80.340917,387.360289,6815.757621999998,18.581967,0.00551,1803,9807.651522
7,14.087081,0.007507,2853.453371,80.340917,387.360289,7009.148536999998,18.581967,0.00551,1803,10001.042537
7,14.087081,0.007507,2853.453371,80.340917,387.360289,7010.024604999998,18.581967,0.00551,1803,10002.488482
7,14.087081,0.007507,2853.453371,80.340917,387.360289,7010.799115999997,18.581967,0.00551,1803,10003.263158
7,14.087081,0.007507,2853.453371,80.340917,387.360289,7152.743245999997,18.581967,0.00551,1803,10218.599743
7,14.087081,0.007507,2853.453371,80.340917,387.360289,7404.069283999997,18.581967,0.00551,1803,10469.925916
7,14.087081,0.007507,2853.453371,80.340917,387.360289,7475.0896939999975,18.581967,0.00551,1803,10540.94647
7,14.087081,0.007507,2853.453371,80.340917,387.360289,7642.452785999997,18.581967,0.00551,1803,10708.309665
7,14.087081,0.007507,2853.453371,80.340917,387.360289,7880.708282999997,18.581967,0.00551,1803,10946.565284
7,14.087081,0.007507,2853.453371,80.340917,387.360289,8063.947487999997,18.581967,0.00551,1803,11129.804622
7,14.087081,0.007507,2853.453371,80.340917,387.360289,8298.210060999998,18.581967,0.00551,1803,11364.067332
7,14.087081,0.007507,2853.453371,80.340917,387.360289,8617.233034999997,18.581967,0.00551,1803,11683.090473
7,14.087081,0.007507,2853.453371,80.340917,387.360289,8989.428971999998,18.581967,0.00551,1803,12055.286616
7,14.087081,0.007507,2853.453371,80.340917,387.360289,9412.829383999999,18.581967,0.00551,1803,12478.88566
7,14.087081,0.007507,2853.453371,80.340917,387.360289,9895.411266,18.581967,0.00551,1803,12961.467835
7,14.087081,0.007507,2853.453371,80.340917,869.942443,9895.411266,18.581967,0.00551,1803,12961.468107
7,14.087081,0.007507,2853.453371,80.340917,869.942443,9895.411266,18.581967,0.00551,1802,12961.468141
7,14.087081,0.007507,3412.674633,80.340917,869.942443,9895.411266,18.581967,0.00551,1802,13520.689431
7,14.087081,0.007507,3412.674633,80.340917,869.942443,9895.411266,21.889979999999998,0.00551,1802,13523.997743
7,14.087081,0.007507,3412.674633,80.340917,869.942443,9895.411266,21.889979999999998,0.00551,1794,13523.997856
7,14.087081,0.007507,3802.976506,80.340917,869.942443,9895.411266,21.889979999999998,0.00551,1794,13914.29993
7,14.087081,0.007507,3802.976506,80.340917,869.942443,9895.411266,26.342586999999998,0.00551,1794,13918.752799
7,14.087081,0.007507,3802.976506,80.340917,869.942443,9895.411266,26.342586999999998,0.00551,1784,13918.752873
7,14.087081,0.007507,4151.379061,80.340917,869.942443,9895.411266,26.342586999999998,0.00551,1784,14267.155542
7,14.087081,0.007507,4151.379061,80.340917,869.942443,9895.411266,26.342586999999998,0.00551,1789,14267.155851
8,14.087081,0.007507,4670.9075299999995,80.340917,869.942443,9895.411266,26.342586999999998,0.00551,1789,14786.684486
8,14.087081,0.007507,4670.9075299999995,80.340917,869.942443,9895.411266,26.798768,0.00551,1789,14787.140973
8,14.087081,0.007507,4670.9075299999995,80.340917,869.942443,9895.411266,26.798768,0.00551,1771,14787.141051
8,14.087081,0.007507,5045.308338999999,80.340917,869.942443,9895.411266,26.798768,0.00551,1771,15161.541974
8,14.087081,0.007507,5045.308338999999,80.340917,869.942443,9895.411266,26.798768,0.00551,1773,15161.542192
9,14.087081,0.007507,5439.717088999999,80.340917,869.942443,9895.411266,26.798768,0.00551,1773,15555.951033
9,14.087081,0.007507,5439.717088999999,80.340917,869.942443,9895.411266,27.915896999999998,0.00551,1773,15557.068473
9,14.087081,0.007507,5439.717088999999,80.340917,869.942443,9895.411266,27.915896999999998,0.00551,1760,15557.068581
9,14.087081,0.007507,5745.568870999999,80.340917,869.942443,9895.411266,27.915896999999998,0.00551,1760,15862.920555
9,14.087081,0.007507,5745.568870999999,148.51149900000001,869.942443,9895.411266,27.915896999999998,0.00551,1760,15931.091301
9,14.087081,0.007507,5745.568870999999,148.51149900000001,869.942443,9944.369922999998,27.915896999999998,0.00551,1760,15980.056858
9,14.087081,0.007507,5745.568870999999,148.51149900000001,869.942443,10032.283558999998,27.915896999999998,0.00551,1760,16067.97061
9,14.087081,0.007507,5745.568870999999,148.51149900000001,869.942443,10125.546835999998,27.915896999999998,0.00551,1760,16161.233998
9,14.087081,0.007507,5745.568870999999,148.51149900000001,869.942443,10137.164268999997,27.915896999999998,0.00551,1760,16172.851566
9,14.087081,0.007507,5745.568870999999,148.51149900000001,869.942443,10243.499021999996,27.915896999999998,0.00551,1760,16279.186451
9,14.087081,0.007507,5745.568870999999,148.51149900000001,869.942443,10244.220532999996,27.915896999999998,0.00551,1760,16279.908084
9,14.087081,0.007507,5745.568870999999,148.51149900000001,869.942443,10245.509614999995,27.915896999999998,0.00551,1760,16281.19732
9,14.087081,0.007507,5745.568870999999,148.51149900000001,869.942443,10354.675829999995,27.915896999999998,0.00551,1760,16390.363694
9,14.087081,0.007507,5745.568870999999,148.51149900000001,869.942443,10354.679879999994,27.915896999999998,0.00551,1760,16390.36786
9,14.087081,0.007507,5745.568870999999,148.51149900000001,869.942443,10354.683725999994,27.915896999999998,0.00551,1760,16390.37182
9,14.087081,0.007507,5745.568870999999,148.51149900000001,869.942443,10354.687315999994,27.915896999999998,0.00551,1760,16390.37551
9,14.087081,0.007507,5745.568870999999,148.51149900000001,869.942443,10435.938934999995,27.915896999999998,0.00551,1760,16490.564564
9,14.087081,0.007507,5745.568870999999,148.51149900000001,869.942443,10460.858100999994,27.915896999999998,0.00551,1760,16515.483846
9,14.087081,0.007507,5745.568870999999,148.51149900000001,869.942443,10538.911435999995,27.915896999999998,0.00551,1760,16593.537291
9,14.087081,0.007507,5745.568870999999,148.51149900000001,869.942443,10539.005984999994,27.915896999999998,0.00551,1760,16593.631963
9,14.087081,0.007507,5745.568870999999,148.51149900000001,869.942443,10759.564829999994,27.915896999999998,0.00551,1760,16814.190941
9,14.087081,0.007507,5745.568870999999,148.51149900000001,869.942443,11057.755343999994,27.915896999999998,0.00551,1760,17112.381575
9,14.087081,0.007507,5745.568870999999,148.51149900000001,869.942443,11057.765563999994,27.915896999999998,0.00551,1760,17112.391911
9,14.087081,0.007507,5745.568870999999,148.51149900000001,869.942443,11120.878042999993,27.915896999999998,0.00551,1760,17175.504509
9,14.087081,0.007507,5745.568870999999,148.51149900000001,869.942443,11270.085299999993,27.915896999999998,0.00551,1760,17324.711887
9,14.087081,0.007507,5745.568870999999,148.51149900000001,869.942443,11697.080450999993,27.915896999999998,0.00551,1760,17751.707175
9,14.087081,0.007507,5745.568870999999,148.51149900000001,869.942443,11934.175689999993,27.915896999999998,0.00551,1760,17988.802552
9,14.087081,0.007507,5745.568870999999,148.51149900000001,869.942443,12210.111865999992,27.915896999999998,0.00551,1760,18264.738875
9,14.087081,0.007507,5745.568870999999,148.51149900000001,869.942443,12424.454405999992,27.915896999999998,0.00551,1760,18479.081594
9,14.087081,0.007507,5745.568870999999,148.51149900000001,869.942443,12424.987204999992,27.915896999999998,0.00551,1760,18479.61465
9,14.087081,0.007507,5745.568870999999,148.51149900000001,869.942443,12929.012296999992,27.915896999999998,0.00551,1760,18983.640014
9,14.087081,0.007507,5745.568870999999,148.51149900000001,869.942443,12929.177714999993,27.915896999999998,0.00551,1760,18983.805686
9,14.087081,0.007507,5745.568870999999,148.51149900000001,869.942443,12929.318282999993,27.915896999999998,0.00551,1760,18983.94658
9,14.087081,0.007507,5745.568870999999,148.51149900000001,869.942443,13401.498380999994,27.915896999999998,0.00551,1760,19456.126935
9,14.087081,0.007507,5745.568870999999,148.51149900000001,869.942443,13401.784889999994,27.915896999999998,0.00551,1760,19456.41364
9,14.087081,0.007507,5745.568870999999,148.51149900000001,869.942443,13401.986021999994,27.915896999999998,0.00551,1760,19456.615012
9,14.087081,0.007507,5745.568870999999,148.51149900000001,869.942443,13765.509160999994,27.915896999999998,0.00551,1760,19820.138361
9,14.087081,0.007507,5745.568870999999,148.51149900000001,869.942443,13765.550713999994,27.915896999999998,0.00551,1760,19820.180079
9,14.087081,0.007507,5745.568870999999,148.51149900000001,869.942443,13765.589782999994,27.915896999999998,0.00551,1760,19820.21932
9,14.087081,0.007507,5745.568870999999,148.51149900000001,869.942443,14181.988946999994,27.915896999999998,0.00551,1760,20236.618622
9,14.087081,0.007507,5745.568870999999,148.51149900000001,869.942443,14184.587533999995,27.915896999999998,0.00551,1760,20239.217363
9,14.087081,0.007507,5745.568870999999,148.51149900000001,869.942443,14186.203067999995,27.915896999999998,0.00551,1760,20240.833085
9,14.087081,0.007507,5745.568870999999,148.51149900000001,869.942443,14191.264030999995,27.915896999999998,0.00551,1760,20245.89422
9,14.087081,0.007507,5745.568870999999,148.51149900000001,869.942443,14569.440222999996,27.915896999999998,0.00551,1760,20624.070577
9,14.087081,0.007507,5745.568870999999,148.51149900000001,869.942443,14571.034301999996,27.915896999999998,0.00551,1760,20625.665054
9,14.087081,0.007507,5745.568870999999,148.51149900000001,869.942443,14572.342852999996,27.915896999999998,0.00551,1760,20626.973769
9,14.087081,0.007507,5745.568870999999,148.51149900000001,869.942443,14575.058402999997,27.915896999999998,0.00551,1760,20629.689481
9,14.087081,0.007507,5745.568870999999,148.51149900000001,869.942443,14575.786118999997,27.915896999999998,0.00551,1760,20630.417355
9,14.087081,0.007507,5745.568870999999,148.51149900000001,869.942443,14577.353351999996,27.915896999999998,0.00551,1760,20631.984743
9,14.087081,0.007507,5745.568870999999,148.51149900000001,869.942443,15012.648247999996,27.915896999999998,0.00551,1760,21140.782561
9,14.087081,0.007507,5745.568870999999,148.51149900000001,869.942443,15391.739147999995,27.915896999999998,0.00551,1760,21519.873576
9,14.087081,0.007507,5745.568870999999,148.51149900000001,869.942443,15732.244941999996,27.915896999999998,0.00551,1760,21860.379493
9,14.087081,0.007507,5745.568870999999,148.51149900000001,869.942443,16242.954854999996,27.915896999999998,0.00551,1760,22371.115743
9,14.087081,0.007507,5745.568870999999,148.51149900000001,869.942443,16468.689784999995,27.915896999999998,0.00551,1760,22596.850808
9,14.087081,0.007507,5745.568870999999,148.51149900000001,869.942443,16785.311395999994,27.915896999999998,0.00551,1760,22913.472561
9,14.087081,0.007507,5745.568870999999,148.51149900000001,869.942443,16785.337260999993,27.915896999999998,0.00551,1760,22913.498566
9,14.087081,0.007507,5745.568870999999,148.51149900000001,869.942443,17216.928225999993,27.915896999999998,0.00551,1760,23345.089678
9,14.087081,0.007507,5745.568870999999,148.51149900000001,869.942443,17598.01119399999,27.915896999999998,0.00551,1760,23726.17282
9,14.087081,0.007507,5745.568870999999,148.51149900000001,869.942443,18060.200811999992,27.915896999999998,0.00551,1760,24188.362604
9,14.087081,0.007507,5745.568870999999,148.51149900000001,869.942443,18524.280302999992,27.915896999999998,0.00551,1760,24652.442284
9,14.087081,0.007507,5745.568870999999,148.51149900000001,869.942443,18993.076168999993,27.915896999999998,0.00551,1760,25121.238334
9,14.087081,0.007507,5745.568870999999,148.51149900000001,1338.738609,18993.076168999993,27.915896999999998,0.00551,1760,25121.238634
9,14.087081,0.007507,5745.568870999999,148.51149900000001,1338.738609,18993.076168999993,27.915896999999998,0.00551,1758,25121.23867
9,14.087081,0.007507,6166.446017999999,148.51149900000001,1338.738609,18993.076168999993,27.915896999999998,0.00551,1758,25542.115847
9,14.087081,0.007507,6166.446017999999,148.51149900000001,1338.738609,18993.076168999993,29.939763999999997,0.00551,1758,25544.140029
9,14.087081,0.007507,6166.446017999999,148.51149900000001,1338.738609,18993.076168999993,29.939763999999997,0.00551,1749,25544.14014
9,14.087081,0.007507,6515.728358999999,148.51149900000001,1338.738609,18993.076168999993,29.939763999999997,0.00551,1749,25893.586226
9,14.087081,0.007507,6515.728358999999,200.05483800000002,1338.738609,18993.076168999993,29.939763999999997,0.00551,1749,25945.129748
9,14.087081,0.007507,6515.728358999999,200.05483800000002,1338.738609,19103.711183999992,29.939763999999997,0.00551,1749,26055.771627
9,14.087081,0.007507,6515.728358999999,200.05483800000002,1338.738609,19144.609404999992,29.939763999999997,0.00551,1749,26096.669957
9,14.087081,0.007507,6515.728358999999,200.05483800000002,1338.738609,19172.64421899999,29.939763999999997,0.00551,1749,26124.704895
9,14.087081,0.007507,6515.728358999999,200.05483800000002,1338.738609,19211.99153999999,29.939763999999997,0.00551,1749,26164.052336
9,14.087081,0.007507,6515.728358999999,200.05483800000002,1338.738609,19212.08765099999,29.939763999999997,0.00551,1749,26164.148567
9,14.087081,0.007507,6515.728358999999,200.05483800000002,1338.738609,19295.09637299999,29.939763999999997,0.00551,1749,26247.157391
9,14.087081,0.007507,6515.728358999999,200.05483800000002,1338.738609,19395.76009599999,29.939763999999997,0.00551,1749,26347.821233
9,14.087081,0.007507,6515.728358999999,200.05483800000002,1338.738609,19523.271726999992,29.939763999999997,0.00551,1749,26475.333008
9,14.087081,0.007507,6515.728358999999,200.05483800000002,1338.738609,19526.043243999993,29.939763999999997,0.00551,1749,26478.104683
9,14.087081,0.007507,6515.728358999999,200.05483800000002,1338.738609,19580.79908499999,29.939763999999997,0.00551,1749,26532.860677
9,14.087081,0.007507,6515.728358999999,200.05483800000002,1338.738609,19580.80961399999,29.939763999999997,0.00551,1749,26532.871353
9,14.087081,0.007507,6515.728358999999,200.05483800000002,1338.738609,19580.87920899999,29.939763999999997,0.00551,1749,26532.941065
9,14.087081,0.007507,6515.728358999999,200.05483800000002,1338.738609,19581.551021999992,29.939763999999997,0.00551,1749,26533.613045
9,14.087081,0.007507,6515.728358999999,200.05483800000002,1338.738609,19583.426675999992,29.939763999999997,0.00551,1749,26535.488862
9,14.087081,0.007507,6515.728358999999,200.05483800000002,1338.738609,19759.669835999994,29.939763999999997,0.00551,1749,26711.73218
9,14.087081,0.007507,6515.728358999999,200.05483800000002,1338.738609,19759.674989999992,29.939763999999997,0.00551,1749,26711.737455
9,14.087081,0.007507,6515.728358999999,200.05483800000002,1338.738609,19759.680332999993,29.939763999999997,0.00551,1749,26711.742918
9,14.087081,0.007507,6515.728358999999,200.05483800000002,1338.738609,19882.808235999993,29.939763999999997,0.00551,1749,26834.870942
9,14.087081,0.007507,6515.728358999999,200.05483800000002,1338.738609,19882.99149699999,29.939763999999997,0.00551,1749,26835.054326
9,14.087081,0.007507,6515.728358999999,200.05483800000002,1338.738609,19883.004553999992,29.939763999999997,0.00551,1749,26835.067521
9,14.087081,0.007507,6515.728358999999,200.05483800000002,1338.738609,19896.631586999993,29.939763999999997,0.00551,1749,26848.694643
9,14.087081,0.007507,6515.728358999999,200.05483800000002,1338.738609,19896.63592499999,29.939763999999997,0.00551,1749,26848.699061
9,14.087081,0.007507,6515.728358999999,200.05483800000002,1338.738609,19896.64033799999,29.939763999999997,0.00551,1749,26848.703554
9,14.087081,0.007507,6515.728358999999,200.05483800000002,1338.738609,19906.93244999999,29.939763999999997,0.00551,1749,26862.370573
9,14.087081,0.007507,6515.728358999999,200.05483800000002,1338.738609,20030.83526299999,29.939763999999997,0.00551,1749,26986.273466
9,14.087081,0.007507,6515.728358999999,200.05483800000002,1338.738609,20068.00165299999,29.939763999999997,0.00551,1749,27023.439971
9,14.087081,0.007507,6515.728358999999,200.05483800000002,1338.738609,20139.725891999988,29.939763999999997,0.00551,1749,27095.164331
9,14.087081,0.007507,6515.728358999999,200.05483800000002,1338.738609,20245.620730999988,29.939763999999997,0.00551,1749,27201.059304
9,14.087081,0.007507,6515.728358999999,200.05483800000002,1338.738609,20245.626432999987,29.939763999999997,0.00551,1749,27201.065095
9,14.087081,0.007507,6515.728358999999,200.05483800000002,1338.738609,20245.635709999988,29.939763999999997,0.00551,1749,27201.074459
9,14.087081,0.007507,6515.728358999999,200.05483800000002,1338.738609,20349.80787899999,29.939763999999997,0.00551,1749,27305.246737
9,14.087081,0.007507,6515.728358999999,200.05483800000002,1338.738609,20349.81392899999,29.939763999999997,0.00551,1749,27305.252912
9,14.087081,0.007507,6515.728358999999,200.05483800000002,1338.738609,20349.819887999987,29.939763999999997,0.00551,1749,27305.258986
9,14.087081,0.007507,6515.728358999999,200.05483800000002,1338.738609,20349.825800999988,29.939763999999997,0.00551,1749,27305.264997
9,14.087081,0.007507,6515.728358999999,200.05483800000002,1338.738609,20379.627058999988,29.939763999999997,0.00551,1749,27335.066352
9,14.087081,0.007507,6515.728358999999,200.05483800000002,1338.738609,20379.632976999987,29.939763999999997,0.00551,1749,27335.072385
9,14.087081,0.007507,6515.728358999999,200.05483800000002,1338.738609,20379.638906999986,29.939763999999997,0.00551,1749,27335.078427
9,14.087081,0.007507,6515.728358999999,200.05483800000002,1338.738609,20505.976236999984,29.939763999999997,0.00551,1749,27461.415859
9,14.087081,0.007507,6515.728358999999,200.05483800000002,1338.738609,20505.986283999984,29.939763999999997,0.00551,1749,27461.425984
9,14.087081,0.007507,6515.728358999999,200.05483800000002,1338.738609,20505.996280999985,29.939763999999997,0.00551,1749,27461.436061
9,14.087081,0.007507,6515.728358999999,200.05483800000002,1338.738609,20564.346193999983,29.939763999999997,0.00551,1749,27523.245659
9,14.087081,0.007507,6515.728358999999,200.05483800000002,1338.738609,20652.679311999982,29.939763999999997,0.00551,1749,27611.578859
9,14.087081,0.007507,6515.728358999999,200.05483800000002,1338.738609,20725.078524999983,29.939763999999997,0.00551,1749,27683.978194
9,14.087081,0.007507,6515.728358999999,200.05483800000002,1338.738609,20725.254934999983,29.939763999999997,0.00551,1749,27684.154737
9,14.087081,0.007507,6515.728358999999,200.05483800000002,1338.738609,20780.077039999982,29.939763999999997,0.00551,1749,27738.976993
9,14.087081,0.007507,6515.728358999999,200.05483800000002,1338.738609,20780.236677999983,29.939763999999997,0.00551,1749,27739.13676
9,14.087081,0.007507,6515.728358999999,200.05483800000002,1338.738609,20780.347995999982,29.939763999999997,0.00551,1749,27739.248236
9,14.087081,0.007507,6515.728358999999,200.05483800000002,1338.738609,20828.759376999984,29.939763999999997,0.00551,1749,27787.659757
9,14.087081,0.007507,6515.728358999999,200.05483800000002,1338.738609,20828.766446999984,29.939763999999997,0.00551,1749,27787.666942
9,14.087081,0.007507,6515.728358999999,200.05483800000002,1338.738609,20828.773432999984,29.939763999999997,0.00551,1749,27787.674044
9,14.087081,0.007507,6515.728358999999,200.05483800000002,1338.738609,20914.435491999982,29.939763999999997,0.00551,1749,27873.336205
9,14.087081,0.007507,6515.728358999999,200.05483800000002,1338.738609,20914.44356999998,29.939763999999997,0.00551,1749,27873.344403
9,14.087081,0.007507,6515.728358999999,200.05483800000002,1338.738609,20914.61400199998,29.939763999999997,0.00551,1749,27873.514947
9,14.087081,0.007507,6515.728358999999,200.05483800000002,1338.738609,21025.87756799998,29.939763999999997,0.00551,1749,28027.136344
9,14.087081,0.007507,6515.728358999999,200.05483800000002,1338.738609,21084.64776799998,29.939763999999997,0.00551,1749,28085.906666
9,14.087081,0.007507,6515.728358999999,200.05483800000002,1338.738609,21239.99969299998,29.939763999999997,0.00551,1749,28241.258703
9,14.087081,0.007507,6515.728358999999,200.05483800000002,1338.738609,21263.80294099998,29.939763999999997,0.00551,1749,28265.062065
9,14.087081,0.007507,6515.728358999999,200.05483800000002,1338.738609,21404.91650999998,29.939763999999997,0.00551,1749,28406.17576
9,14.087081,0.007507,6515.728358999999,200.05483800000002,1338.738609,21419.69901199998,29.939763999999997,0.00551,1749,28420.958352
9,14.087081,0.007507,6515.728358999999,200.05483800000002,1338.738609,21442.745539999978,29.939763999999997,0.00551,1749,28444.005022
9,14.087081,0.007507,6515.728358999999,200.05483800000002,1338.738609,21553.31170699998,29.939763999999997,0.00551,1749,28554.571318
9,14.087081,0.007507,6515.728358999999,200.05483800000002,1338.738609,21765.93651799998,29.939763999999997,0.00551,1749,28767.196282
9,14.087081,0.007507,6515.728358999999,200.05483800000002,1338.738609,21765.94671999998,29.939763999999997,0.00551,1749,28767.206581
9,14.087081,0.007507,6515.728358999999,200.05483800000002,1338.738609,21765.955847999983,29.939763999999997,0.00551,1749,28767.215813
9,14.087081,0.007507,6515.728358999999,200.05483800000002,1338.738609,21785.862047999984,29.939763999999997,0.00551,1749,28787.12211
9,14.087081,0.007507,6515.728358999999,200.05483800000002,1338.738609,21785.872229999986,29.939763999999997,0.00551,1749,28787.132437
9,14.087081,0.007507,6515.728358999999,200.05483800000002,1338.738609,21785.882209999985,29.939763999999997,0.00551,1749,28787.14255
9,14.087081,0.007507,6515.728358999999,200.05483800000002,1338.738609,21810.832666999984,29.939763999999997,0.00551,1749,28812.093119
9,14.087081,0.007507,6515.728358999999,200.05483800000002,1338.738609,21810.858790999984,29.939763999999997,0.00551,1749,28812.119369
9,14.087081,0.007507,6515.728358999999,200.05483800000002,1338.738609,21811.110092999985,29.939763999999997,0.00551,1749,28812.370827
9,14.087081,0.007507,6515.728358999999,200.05483800000002,1338.738609,21811.263728999984,29.939763999999997,0.00551,1749,28812.524621
9,14.087081,0.007507,6515.728358999999,200.05483800000002,1338.738609,21811.277668999985,29.939763999999997,0.00551,1749,28812.538701
9,14.087081,0.007507,6515.728358999999,200.05483800000002,1338.738609,21845.463164999983,29.939763999999997,0.00551,1749,28846.724329
9,14.087081,0.007507,6515.728358999999,200.05483800000002,1338.738609,21845.47328399998,29.939763999999997,0.00551,1749,28846.734566
9,14.087081,0.007507,6515.728358999999,200.05483800000002,1338.738609,21845.49517199998,29.939763999999997,0.00551,1749,28846.756578
9,14.087081,0.007507,6515.728358999999,200.05483800000002,1338.738609,21845.512799999982,29.939763999999997,0.00551,1749,28846.774313
9,14.087081,0.007507,6515.728358999999,200.05483800000002,1338.738609,21878.77865999998,29.939763999999997,0.00551,1749,28883.183186
9,14.087081,0.007507,6515.728358999999,200.05483800000002,1338.738609,21902.39972599998,29.939763999999997,0.00551,1749,28906.804378
9,14.087081,0.007507,6515.728358999999,200.05483800000002,1338.738609,21946.376407999982,29.939763999999997,0.00551,1749,28950.781188
9,14.087081,0.007507,6515.728358999999,200.05483800000002,1338.738609,21978.771720999983,29.939763999999997,0.00551,1749,28983.176629
9,14.087081,0.007507,6515.728358999999,200.05483800000002,1338.738609,22008.53825499998,29.939763999999997,0.00551,1749,29012.943288
9,14.087081,0.007507,6515.728358999999,200.05483800000002,1338.738609,22036.92278399998,29.939763999999997,0.00551,1749,29041.327944
9,14.087081,0.007507,6515.728358999999,200.05483800000002,1338.738609,22071.63964999998,29.939763999999997,0.00551,1749,29076.044946
9,14.087081,0.007507,6515.728358999999,200.05483800000002,1338.738609,22103.36179299998,29.939763999999997,0.00551,1749,29107.767234
9,14.087081,0.007507,6515.728358999999,200.05483800000002,1338.738609,22103.380488999977,29.939763999999997,0.00551,1749,29107.786104
9,14.087081,0.007507,6515.728358999999,200.05483800000002,1338.738609,22103.39652599998,29.939763999999997,0.00551,1749,29107.802306
9,14.087081,0.007507,6515.728358999999,200.05483800000002,1338.738609,22136.274272999977,29.939763999999997,0.00551,1749,29140.680194
9,14.087081,0.007507,6515.728358999999,200.05483800000002,1338.738609,22136.291403999978,29.939763999999997,0.00551,1749,29140.697476
9,14.087081,0.007507,6515.728358999999,200.05483800000002,1338.738609,22136.30741899998,29.939763999999997,0.00551,1749,29140.713646
9,14.087081,0.007507,6515.728358999999,200.05483800000002,1338.738609,22136.32294799998,29.939763999999997,0.00551,1749,29140.7293
9,14.087081,0.007507,6515.728358999999,200.05483800000002,1338.738609,22163.46773599998,29.939763999999997,0.00551,1749,29167.874202
9,14.087081,0.007507,6515.728358999999,200.05483800000002,1338.738609,22163.49779999998,29.939763999999997,0.00551,1749,29167.90442
9,14.087081,0.007507,6515.728358999999,200.05483800000002,1338.738609,22163.52849899998,29.939763999999997,0.00551,1749,29167.935242
9,14.087081,0.007507,6515.728358999999,200.05483800000002,1338.738609,22163.54456499998,29.939763999999997,0.00551,1749,29167.951422
9,14.087081,0.007507,6515.728358999999,200.05483800000002,1338.738609,22163.560238999977,29.939763999999997,0.00551,1749,29167.967204
9,14.087081,0.007507,6515.728358999999,200.05483800000002,1338.738609,22163.57595499998,29.939763999999997,0.00551,1749,29167.983022
9,14.087081,0.007507,6515.728358999999,200.05483800000002,1338.738609,22203.401013999977,29.939763999999997,0.00551,1749,29207.808184
9,14.087081,0.007507,6515.728358999999,200.05483800000002,1338.738609,22203.416447999978,29.939763999999997,0.00551,1749,29207.823739
9,14.087081,0.007507,6515.728358999999,200.05483800000002,1338.738609,22203.432004999977,29.939763999999997,0.00551,1749,29207.839418
9,14.087081,0.007507,6515.728358999999,200.05483800000002,1338.738609,22236.066488999975,29.939763999999997,0.00551,1749,29248.548752
9,14.087081,0.007507,6515.728358999999,200.05483800000002,1338.738609,22274.726505999974,29.939763999999997,0.00551,1749,29287.208888
9,14.087081,0.007507,6515.728358999999,200.05483800000002,1338.738609,22315.644495999975,29.939763999999997,0.00551,1749,29328.127
9,14.087081,0.007507,6515.728358999999,200.05483800000002,1338.738609,22348.910290999975,29.939763999999997,0.00551,1749,29361.392909
9,14.087081,0.007507,6515.728358999999,200.05483800000002,1338.738609,22348.930037999973,29.939763999999997,0.00551,1749,29361.412779
9,14.087081,0.007507,6515.728358999999,200.05483800000002,1338.738609,22348.949916999973,29.939763999999997,0.00551,1749,29361.432792
9,14.087081,0.007507,6515.728358999999,200.05483800000002,1338.738609,22348.969359999974,29.939763999999997,0.00551,1749,29361.452346
9,14.087081,0.007507,6515.728358999999,200.05483800000002,1338.738609,22348.988534999975,29.939763999999997,0.00551,1749,29361.471631
9,14.087081,0.007507,6515.728358999999,200.05483800000002,1338.738609,22349.007795999976,29.939763999999997,0.00551,1749,29361.491003
9,14.087081,0.007507,6515.728358999999,200.05483800000002,1338.738609,22386.433879999975,29.939763999999997,0.00551,1749,29404.540678
9,14.087081,0.007507,6515.728358999999,200.05483800000002,1338.738609,22414.259740999976,29.939763999999997,0.00551,1749,29432.366657
9,14.087081,0.007507,6515.728358999999,200.05483800000002,1338.738609,22439.147977999975,29.939763999999997,0.00551,1749,29457.255014
9,14.087081,0.007507,6515.728358999999,200.05483800000002,1338.738609,22471.164609999974,29.939763999999997,0.00551,1749,29489.271769
9,14.087081,0.007507,6515.728358999999,200.05483800000002,1338.738609,22502.962096999974,29.939763999999997,0.00551,1749,29521.069382
9,14.087081,0.007507,6515.728358999999,200.05483800000002,1338.738609,22528.028092999975,29.939763999999997,0.00551,1749,29546.135471
9,14.087081,0.007507,6515.728358999999,200.05483800000002,1338.738609,22560.662172999975,29.939763999999997,0.00551,1749,29578.769689
9,14.087081,0.007507,6515.728358999999,200.05483800000002,1338.738609,22560.683613999976,29.939763999999997,0.00551,1749,29578.791281
9,14.087081,0.007507,6515.728358999999,200.05483800000002,1338.738609,22594.270942999978,29.939763999999997,0.00551,1749,29612.378781
9,14.087081,0.007507,6515.728358999999,200.05483800000002,1338.738609,22632.466037999977,29.939763999999997,0.00551,1749,29650.57402
9,14.087081,0.007507,6515.728358999999,200.05483800000002,1338.738609,22632.49086599998,29.939763999999997,0.00551,1749,29650.59903
9,14.087081,0.007507,6515.728358999999,200.05483800000002,1338.738609,22632.513655999977,29.939763999999997,0.00551,1749,29650.621989
9,14.087081,0.007507,6515.728358999999,200.05483800000002,1338.738609,22664.597131999977,29.939763999999997,0.00551,1749,29682.705631
9,14.087081,0.007507,6515.728358999999,200.05483800000002,1338.738609,22664.621362999977,29.939763999999997,0.00551,1749,29682.730012
9,14.087081,0.007507,6515.728358999999,200.05483800000002,1338.738609,22664.645323999976,29.939763999999997,0.00551,1749,29682.754116
9,14.087081,0.007507,6515.728358999999,200.05483800000002,1338.738609,22664.668997999976,29.939763999999997,0.00551,1749,29682.777972
9,14.087081,0.007507,6515.728358999999,200.05483800000002,1338.738609,22699.700572999976,29.939763999999997,0.00551,1749,29717.809688
9,14.087081,0.007507,6515.728358999999,200.05483800000002,1338.738609,22699.724224999976,29.939763999999997,0.00551,1749,29717.833475
9,14.087081,0.007507,6515.728358999999,200.05483800000002,1338.738609,22699.747658999975,29.939763999999997,0.00551,1749,29717.857031
9,14.087081,0.007507,6515.728358999999,200.05483800000002,1338.738609,22731.454646999977,29.939763999999997,0.00551,1749,29749.564109
9,14.087081,0.007507,6515.728358999999,200.05483800000002,1338.738609,22731.540487999977,29.939763999999997,0.00551,1749,29749.650074
9,14.087081,0.007507,6515.728358999999,200.05483800000002,1338.738609,22731.677685999977,29.939763999999997,0.00551,1749,29749.787428
9,14.087081,0.007507,6515.728358999999,200.05483800000002,1338.738609,22732.179391999976,29.939763999999997,0.00551,1749,29750.289289
9,14.087081,0.007507,6515.728358999999,200.05483800000002,1338.738609,22765.533274999976,29.939763999999997,0.00551,1749,29783.643339
9,14.087081,0.007507,6515.728358999999,200.05483800000002,1338.738609,22765.556536999975,29.939763999999997,0.00551,1749,29783.666721
9,14.087081,0.007507,6515.728358999999,200.05483800000002,1338.738609,22765.595826999976,29.939763999999997,0.00551,1749,29783.70614
9,14.087081,0.007507,6515.728358999999,200.05483800000002,1338.738609,22801.279359999975,29.939763999999997,0.00551,1749,29819.38978
9,14.087081,0.007507,6515.728358999999,200.05483800000002,1338.738609,22801.302179999973,29.939763999999997,0.00551,1749,29819.41269
9,14.087081,0.007507,6515.728358999999,200.05483800000002,1338.738609,22801.325518999973,29.939763999999997,0.00551,1749,29819.436155
9,14.087081,0.007507,6515.728358999999,200.05483800000002,1338.738609,22832.02017299997,29.939763999999997,0.00551,1749,29856.258136
9,14.087081,0.007507,6515.728358999999,200.05483800000002,1338.738609,22864.265233999973,29.939763999999997,0.00551,1749,29888.503313
9,14.087081,0.007507,6515.728358999999,200.05483800000002,1338.738609,22894.857975999974,29.939763999999997,0.00551,1749,29919.096138
9,14.087081,0.007507,6515.728358999999,200.05483800000002,1338.738609,22926.868307999976,29.939763999999997,0.00551,1749,29951.106596
9,14.087081,0.007507,6515.728358999999,200.05483800000002,1338.738609,22958.413499999977,29.939763999999997,0.00551,1749,29982.651911
9,14.087081,0.007507,6515.728358999999,200.05483800000002,1338.738609,22990.472375999976,29.939763999999997,0.00551,1749,30014.710928
9,14.087081,0.007507,6515.728358999999,200.05483800000002,1338.738609,23023.769789999977,29.939763999999997,0.00551,1749,30048.008481
9,14.087081,0.007507,6515.728358999999,200.05483800000002,1338.738609,23060.717600999975,29.939763999999997,0.00551,1749,30084.956454
9,14.087081,0.007507,6515.728358999999,200.05483800000002,1338.738609,23100.785503999974,29.939763999999997,0.00551,1749,30125.024557
9,14.087081,0.007507,6515.728358999999,200.05483800000002,1338.738609,23145.466550999972,29.939763999999997,0.00551,1749,30169.705771
9,14.087081,0.007507,6515.728358999999,200.05483800000002,1383.419923,23145.466550999972,29.939763999999997,0.00551,1749,30169.706038
9,14.087081,0.007507,6515.728358999999,200.05483800000002,1383.419923,23145.466550999972,29.939763999999997,0.00551,1742,30169.706076
9,14.087081,0.007507,6557.224903999999,200.05483800000002,1383.419923,23145.466550999972,29.939763999999997,0.00551,1742,30211.202651
9,14.087081,0.007507,6557.224903999999,200.05483800000002,1383.419923,23145.466550999972,29.939763999999997,0.00551,1814,30211.202905
10,14.087081,0.007507,6596.382258999999,200.05483800000002,1383.419923,23145.466550999972,29.939763999999997,0.00551,1814,30250.360352
10,14.087081,0.007507,6596.382258999999,200.05483800000002,1383.419923,23145.466550999972,30.349191999999995,0.00551,1814,30250.770103
10,14.087081,0.007507,6596.382258999999,200.05483800000002,1383.419923,23145.466550999972,30.349191999999995,0.00551,1749,30250.770213
10,14.087081,0.007507,6630.361032999999,200.05483800000002,1383.419923,23145.466550999972,30.349191999999995,0.00551,1749,30284.749215
10,14.087081,0.007507,6630.361032999999,203.58767000000003,1383.419923,23145.466550999972,30.349191999999995,0.00551,1749,30288.282211
10,14.087081,0.007507,6630.361032999999,203.58767000000003,1383.419923,23148.88940999997,30.349191999999995,0.00551,1749,30291.710769
10,14.087081,0.007507,6630.361032999999,203.58767000000003,1383.419923,23153.13618899997,30.349191999999995,0.00551,1749,30295.957655
10,14.087081,0.007507,6630.361032999999,203.58767000000003,1383.419923,23157.35818399997,30.349191999999995,0.00551,1749,30300.179768
10,14.087081,0.007507,6630.361032999999,203.58767000000003,1383.419923,23161.97445499997,30.349191999999995,0.00551,1749,30304.796149
10,14.087081,0.007507,6630.361032999999,203.58767000000003,1383.419923,23162.05485699997,30.349191999999995,0.00551,1749,30304.876661
10,14.087081,0.007507,6630.361032999999,203.58767000000003,1383.419923,23166.46235999997,30.349191999999995,0.00551,1749,30309.284278
10,14.087081,0.007507,6630.361032999999,203.58767000000003,1383.419923,23171.815628999968,30.349191999999995,0.00551,1749,30314.637658
10,14.087081,0.007507,6630.361032999999,203.58767000000003,1383.419923,23178.286128999967,30.349191999999995,0.00551,1749,30321.108239
10,14.087081,0.007507,6630.361032999999,203.58767000000003,1383.419923,23186.037233999967,30.349191999999995,0.00551,1749,30328.859472
10,14.087081,0.007507,6630.361032999999,203.58767000000003,1383.419923,23195.964584999965,30.349191999999995,0.00551,1749,30338.786928
10,14.087081,0.007507,6630.361032999999,203.58767000000003,1383.419923,23208.579373999964,30.349191999999995,0.00551,1749,30351.401886
10,14.087081,0.007507,6630.361032999999,203.58767000000003,1383.419923,23228.118515999966,30.349191999999995,0.00551,1749,30370.941304
10,14.087081,0.007507,6630.361032999999,203.58767000000003,1383.419923,23228.145669999965,30.349191999999995,0.00551,1749,30370.968638
10,14.087081,0.007507,6630.361032999999,203.58767000000003,1383.419923,23228.198635999965,30.349191999999995,0.00551,1749,30371.021804
10,14.087081,0.007507,6630.361032999999,203.58767000000003,1383.419923,23228.220845999964,30.349191999999995,0.00551,1749,30371.044166
10,14.087081,0.007507,6630.361032999999,203.58767000000003,1383.419923,23228.241177999964,30.349191999999995,0.00551,1749,30371.064612
10,14.087081,0.007507,6630.361032999999,203.58767000000003,1383.419923,23249.066455999964,30.349191999999995,0.00551,1749,30391.889987
10,14.087081,0.007507,6630.361032999999,203.58767000000003,1383.419923,23249.087741999963,30.349191999999995,0.00551,1749,30391.91139
10,14.087081,0.007507,6630.361032999999,203.58767000000003,1383.419923,23249.107726999962,30.349191999999995,0.00551,1749,30391.93148
10,14.087081,0.007507,6630.361032999999,203.58767000000003,1383.419923,23270.593942999963,30.349191999999995,0.00551,1749,30413.417785
10,14.087081,0.007507,6630.361032999999,203.58767000000003,1383.419923,23270.615217999963,30.349191999999995,0.00551,1749,30413.439147
10,14.087081,0.007507,6630.361032999999,203.58767000000003,1383.419923,23270.63592099996,30.349191999999995,0.00551,1749,30413.459943
10,14.087081,0.007507,6630.361032999999,203.58767000000003,1383.419923,23270.65583599996,30.349191999999995,0.00551,1749,30413.479949
10,14.087081,0.007507,6630.361032999999,203.58767000000003,1383.419923,23292.178500999962,30.349191999999995,0.00551,1749,30435.002694
10,14.087081,0.007507,6630.361032999999,203.58767000000003,1383.419923,23292.198522999963,30.349191999999995,0.00551,1749,30435.0228
10,14.087081,0.007507,6630.361032999999,203.58767000000003,1383.419923,23292.218607999963,30.349191999999995,0.00551,1749,30435.042971
10,14.087081,0.007507,6630.361032999999,203.58767000000003,1383.419923,23313.78296399996,30.349191999999995,0.00551,1749,30456.607401
10,14.087081,0.007507,6630.361032999999,203.58767000000003,1383.419923,23313.80311099996,30.349191999999995,0.00551,1749,30456.62763
10,14.087081,0.007507,6630.361032999999,203.58767000000003,1383.419923,23313.82293299996,30.349191999999995,0.00551,1749,30456.647534
10,14.087081,0.007507,6630.361032999999,203.58767000000003,1383.419923,23335.46651699996,30.349191999999995,0.00551,1749,30478.291194
10,14.087081,0.007507,6630.361032999999,203.58767000000003,1383.419923,23335.48665599996,30.349191999999995,0.00551,1749,30478.311414
10,14.087081,0.007507,6630.361032999999,203.58767000000003,1383.419923,23335.50659899996,30.349191999999995,0.00551,1749,30478.331437
10,14.087081,0.007507,6630.361032999999,203.58767000000003,1383.419923,23357.36627499996,30.349191999999995,0.00551,1749,30500.191186
10,14.087081,0.007507,6630.361032999999,203.58767000000003,1383.419923,23357.38657899996,30.349191999999995,0.00551,1749,30500.211571
10,14.087081,0.007507,6630.361032999999,203.58767000000003,1383.419923,23357.406592999963,30.349191999999995,0.00551,1749,30500.231661
10,14.087081,0.007507,6630.361032999999,203.58767000000003,1383.419923,23379.149858999965,30.349191999999995,0.00551,1749,30524.960049
10,14.087081,0.007507,6630.361032999999,203.58767000000003,1383.419923,23400.833924999966,30.349191999999995,0.00551,1749,30546.644194
10,14.087081,0.007507,6630.361032999999,203.58767000000003,1383.419923,23422.643339999966,30.349191999999995,0.00551,1749,30568.45369
10,14.087081,0.007507,6630.361032999999,203.58767000000003,1383.419923,23445.130815999964,30.349191999999995,0.00551,1749,30590.941285
10,14.087081,0.007507,6630.361032999999,203.58767000000003,1383.419923,23467.210216999963,30.349191999999995,0.00551,1749,30613.020771
10,14.087081,0.007507,6630.361032999999,203.58767000000003,1383.419923,23489.924231999965,30.349191999999995,0.00551,1749,30635.734875
10,14.087081,0.007507,6630.361032999999,203.58767000000003,1383.419923,23513.637030999966,30.349191999999995,0.00551,1749,30659.447769
10,14.087081,0.007507,6630.361032999999,203.58767000000003,1383.419923,23539.587432999964,30.349191999999995,0.00551,1749,30685.398273
10,14.087081,0.007507,6630.361032999999,203.58767000000003,1383.419923,23569.096752999965,30.349191999999995,0.00551,1749,30714.907758
10,14.087081,0.007507,6630.361032999999,203.58767000000003,1383.419923,23569.154915999967,30.349191999999995,0.00551,1749,30714.966022
10,14.087081,0.007507,6630.361032999999,203.58767000000003,1383.419923,23569.18216299997,30.349191999999995,0.00551,1749,30714.993385
10,14.087081,0.007507,6630.361032999999,203.58767000000003,1383.419923,23569.209346999967,30.349191999999995,0.00551,1749,30715.020667
10,14.087081,0.007507,6630.361032999999,203.58767000000003,1383.419923,23569.23565699997,30.349191999999995,0.00551,1749,30715.047074
10,14.087081,0.007507,6630.361032999999,203.58767000000003,1383.419923,23569.261841999967,30.349191999999995,0.00551,1749,30715.073346
10,14.087081,0.007507,6630.361032999999,203.58767000000003,1383.419923,23599.224097999966,30.349191999999995,0.00551,1749,30745.035684
10,14.087081,0.007507,6630.361032999999,203.58767000000003,1383.419923,23599.250779999966,30.349191999999995,0.00551,1749,30745.062457
10,14.087081,0.007507,6630.361032999999,203.58767000000003,1383.419923,23599.277311999966,30.349191999999995,0.00551,1749,30745.089079
10,14.087081,0.007507,6630.361032999999,203.58767000000003,1383.419923,23629.632631999964,30.349191999999995,0.00551,1749,30775.44448
10,14.087081,0.007507,6630.361032999999,203.58767000000003,1383.419923,23629.658598999966,30.349191999999995,0.00551,1749,30775.470533
10,14.087081,0.007507,6630.361032999999,203.58767000000003,1383.419923,23629.684803999964,30.349191999999995,0.00551,1749,30775.496822
10,14.087081,0.007507,6630.361032999999,203.58767000000003,1383.419923,23629.710730999963,30.349191999999995,0.00551,1749,30775.522825
10,14.087081,0.007507,6630.361032999999,203.58767000000003,1383.419923,23629.736425999963,30.349191999999995,0.00551,1749,30775.548591
10,14.087081,0.007507,6630.361032999999,203.58767000000003,1383.419923,23629.762290999963,30.349191999999995,0.00551,1749,30775.574526
10,14.087081,0.007507,6630.361032999999,203.58767000000003,1383.419923,23660.125737999962,30.349191999999995,0.00551,1749,30808.909356
10,14.087081,0.007507,6630.361032999999,203.58767000000003,1383.419923,23690.464161999964,30.349191999999995,0.00551,1749,30839.24786
10,14.087081,0.007507,6630.361032999999,203.58767000000003,1383.419923,23721.626510999962,30.349191999999995,0.00551,1749,30870.410296
10,14.087081,0.007507,6630.361032999999,203.58767000000003,1383.419923,23752.30096199996,30.349191999999995,0.00551,1749,30901.084821
10,14.087081,0.007507,6630.361032999999,203.58767000000003,1383.419923,23783.08575299996,30.349191999999995,0.00551,1749,30931.869697
10,14.087081,0.007507,6630.361032999999,203.58767000000003,1383.419923,23783.11251199996,30.349191999999995,0.00551,1749,30931.896543
10,14.087081,0.007507,6630.361032999999,203.58767000000003,1383.419923,23783.13889599996,30.349191999999995,0.00551,1749,30931.92301
10,14.087081,0.007507,6630.361032999999,203.58767000000003,1383.419923,23813.89581199996,30.349191999999995,0.00551,1749,30962.680002
10,14.087081,0.007507,6630.361032999999,203.58767000000003,1383.419923,23813.92326799996,30.349191999999995,0.00551,1749,30962.707577
10,14.087081,0.007507,6630.361032999999,203.58767000000003,1383.419923,23813.95073799996,30.349191999999995,0.00551,1749,30962.735155
10,14.087081,0.007507,6630.361032999999,203.58767000000003,1383.419923,23844.83532399996,30.349191999999995,0.00551,1749,30993.61984
10,14.087081,0.007507,6630.361032999999,203.58767000000003,1383.419923,23844.86193899996,30.349191999999995,0.00551,1749,30993.646536
10,14.087081,0.007507,6630.361032999999,203.58767000000003,1383.419923,23844.88900799996,30.349191999999995,0.00551,1749,30993.673716
10,14.087081,0.007507,6630.361032999999,203.58767000000003,1383.419923,23875.81340999996,30.349191999999995,0.00551,1749,31024.598211
10,14.087081,0.007507,6630.361032999999,203.58767000000003,1383.419923,23875.84080699996,30.349191999999995,0.00551,1749,31024.625717
10,14.087081,0.007507,6630.361032999999,203.58767000000003,1383.419923,23875.86818899996,30.349191999999995,0.00551,1749,31024.653201
10,14.087081,0.007507,6630.361032999999,203.58767000000003,1383.419923,23875.89576199996,30.349191999999995,0.00551,1749,31024.680878
10,14.087081,0.007507,6630.361032999999,203.58767000000003,1383.419923,23906.68759499996,30.349191999999995,0.00551,1749,31058.558017
10,14.087081,0.007507,6630.361032999999,203.58767000000003,1383.419923,23937.71789299996,30.349191999999995,0.00551,1749,31089.588487
10,14.087081,0.007507,6630.361032999999,203.58767000000003,1383.419923,23969.169452999962,30.349191999999995,0.00551,1749,31121.040127
10,14.087081,0.007507,6630.361032999999,203.58767000000003,1383.419923,24000.593013999962,30.349191999999995,0.00551,1749,31152.463771
10,14.087081,0.007507,6630.361032999999,203.58767000000003,1383.419923,24032.04654599996,30.349191999999995,0.00551,1749,31183.917388
10,14.087081,0.007507,6630.361032999999,203.58767000000003,1414.873621,24032.04654599996,30.349191999999995,0.00551,1749,31183.917554
10,14.087081,0.007507,6630.361032999999,203.58767000000003,1414.873621,24032.04654599996,30.349191999999995,0.00551,1746,31183.917572
10,14.087081,0.007507,6670.752076999999,203.58767000000003,1414.873621,24032.04654599996,30.349191999999995,0.00551,1746,31224.308628
10,14.087081,0.007507,6670.752076999999,203.58767000000003,1414.873621,24032.04654599996,30.349191999999995,0.00551,1750,31224.30884
11,14.087081,0.007507,6705.752278999999,203.58767000000003,1414.873621,24032.04654599996,30.349191999999995,0.00551,1750,31259.309134
11,14.087081,0.007507,6705.752278999999,203.58767000000003,1414.873621,24032.04654599996,30.596150999999995,0.00551,1750,31259.556267
11,14.087081,0.007507,6705.752278999999,203.58767000000003,1414.873621,24032.04654599996,30.596150999999995,0.00551,1696,31259.556335
11,14.087081,0.007507,6734.425039999999,203.58767000000003,1414.873621,24032.04654599996,30.596150999999995,0.00551,1696,31288.229204
11,14.087081,0.007507,6734.425039999999,206.53298100000004,1414.873621,24032.04654599996,30.596150999999995,0.00551,1696,31291.174628
11,14.087081,0.007507,6734.425039999999,206.53298100000004,1414.873621,24034.68555499996,30.596150999999995,0.00551,1696,31293.817295
11,14.087081,0.007507,6734.425039999999,206.53298100000004,1414.873621,24037.52107999996,30.596150999999995,0.00551,1696,31296.652895
11,14.087081,0.007507,6734.425039999999,206.53298100000004,1414.873621,24040.46730499996,30.596150999999995,0.00551,1696,31299.599198
11,14.087081,0.007507,6734.425039999999,206.53298100000004,1414.873621,24043.837163999957,30.596150999999995,0.00551,1696,31302.969135
11,14.087081,0.007507,6734.425039999999,206.53298100000004,1414.873621,24043.902851999956,30.596150999999995,0.00551,1696,31303.034901
11,14.087081,0.007507,6734.425039999999,206.53298100000004,1414.873621,24047.667700999955,30.596150999999995,0.00551,1696,31306.799876
11,14.087081,0.007507,6734.425039999999,206.53298100000004,1414.873621,24051.728336999953,30.596150999999995,0.00551,1696,31310.860594
11,14.087081,0.007507,6734.425039999999,206.53298100000004,1414.873621,24056.745025999953,30.596150999999995,0.00551,1696,31315.877366
11,14.087081,0.007507,6734.425039999999,206.53298100000004,1414.873621,24063.451795999954,30.596150999999995,0.00551,1696,31322.584248
11,14.087081,0.007507,6734.425039999999,206.53298100000004,1414.873621,24071.174729999955,30.596150999999995,0.00551,1696,31330.307282
11,14.087081,0.007507,6734.425039999999,206.53298100000004,1414.873621,24083.624376999956,30.596150999999995,0.00551,1696,31342.757039
11,14.087081,0.007507,6734.425039999999,206.53298100000004,1414.873621,24083.641274999958,30.596150999999995,0.00551,1696,31342.774084
11,14.087081,0.007507,6734.425039999999,206.53298100000004,1414.873621,24100.838087999957,30.596150999999995,0.00551,1696,31359.971077
11,14.087081,0.007507,6734.425039999999,206.53298100000004,1414.873621,24100.858533999955,30.596150999999995,0.00551,1696,31359.991678
11,14.087081,0.007507,6734.425039999999,206.53298100000004,1414.873621,24100.875566999955,30.596150999999995,0.00551,1696,31360.008866
11,14.087081,0.007507,6734.425039999999,206.53298100000004,1414.873621,24120.564445999957,30.596150999999995,0.00551,1696,31379.69786
11,14.087081,0.007507,6734.425039999999,206.53298100000004,1414.873621,24120.583275999958,30.596150999999995,0.00551,1696,31379.716808
11,14.087081,0.007507,6734.425039999999,206.53298100000004,1414.873621,24120.600627999956,30.596150999999995,0.00551,1696,31379.734293
11,14.087081,0.007507,6734.425039999999,206.53298100000004,1414.873621,24120.839281999957,30.596150999999995,0.00551,1696,31379.973073
11,14.087081,0.007507,6734.425039999999,206.53298100000004,1414.873621,24120.876946999957,30.596150999999995,0.00551,1696,31380.010861
11,14.087081,0.007507,6734.425039999999,206.53298100000004,1414.873621,24120.894193999957,30.596150999999995,0.00551,1696,31380.028196
11,14.087081,0.007507,6734.425039999999,206.53298100000004,1414.873621,24140.891365999956,30.596150999999995,0.00551,1696,31400.025453
11,14.087081,0.007507,6734.425039999999,206.53298100000004,1414.873621,24140.908318999955,30.596150999999995,0.00551,1696,31400.042494
11,14.087081,0.007507,6734.425039999999,206.53298100000004,1414.873621,24140.925128999956,30.596150999999995,0.00551,1696,31400.059387
11,14.087081,0.007507,6734.425039999999,206.53298100000004,1414.873621,24161.646669999955,30.596150999999995,0.00551,1696,31420.781003
11,14.087081,0.007507,6734.425039999999,206.53298100000004,1414.873621,24161.663444999955,30.596150999999995,0.00551,1696,31420.797863
11,14.087081,0.007507,6734.425039999999,206.53298100000004,1414.873621,24161.680428999956,30.596150999999995,0.00551,1696,31420.814929
11,14.087081,0.007507,6734.425039999999,206.53298100000004,1414.873621,24181.974130999955,30.596150999999995,0.00551,1696,31441.108705
11,14.087081,0.007507,6734.425039999999,206.53298100000004,1414.873621,24181.991267999954,30.596150999999995,0.00551,1696,31441.125925
11,14.087081,0.007507,6734.425039999999,206.53298100000004,1414.873621,24182.007970999955,30.596150999999995,0.00551,1696,31441.142712
11,14.087081,0.007507,6734.425039999999,206.53298100000004,1414.873621,24202.113813999957,30.596150999999995,0.00551,1696,31461.248629
11,14.087081,0.007507,6734.425039999999,206.53298100000004,1414.873621,24202.130575999956,30.596150999999995,0.00551,1696,31461.265473
11,14.087081,0.007507,6734.425039999999,206.53298100000004,1414.873621,24202.148063999957,30.596150999999995,0.00551,1696,31461.283069
11,14.087081,0.007507,6734.425039999999,206.53298100000004,1414.873621,24222.317970999957,30.596150999999995,0.00551,1696,31484.380726
11,14.087081,0.007507,6734.425039999999,206.53298100000004,1414.873621,24242.732582999957,30.596150999999995,0.00551,1696,31504.795421
11,14.087081,0.007507,6734.425039999999,206.53298100000004,1414.873621,24263.041792999957,30.596150999999995,0.00551,1696,31525.104712
11,14.087081,0.007507,6734.425039999999,206.53298100000004,1414.873621,24283.604817999956,30.596150999999995,0.00551,1696,31545.667823
11,14.087081,0.007507,6734.425039999999,206.53298100000004,1414.873621,24283.838773999956,30.596150999999995,0.00551,1696,31545.901864
11,14.087081,0.007507,6734.425039999999,206.53298100000004,1414.873621,24304.489128999958,30.596150999999995,0.00551,1696,31566.55232
11,14.087081,0.007507,6734.425039999999,206.53298100000004,1414.873621,24304.725712999956,30.596150999999995,0.00551,1696,31566.788989
11,14.087081,0.007507,6734.425039999999,206.53298100000004,1414.873621,24304.960430999956,30.596150999999995,0.00551,1696,31567.023804
11,14.087081,0.007507,6734.425039999999,206.53298100000004,1414.873621,24305.197929999955,30.596150999999995,0.00551,1696,31567.261388
11,14.087081,0.007507,6734.425039999999,206.53298100000004,1414.873621,24325.773849999954,30.596150999999995,0.00551,1696,31587.837417
11,14.087081,0.007507,6734.425039999999,206.53298100000004,1414.873621,24326.008277999954,30.596150999999995,0.00551,1696,31588.071926
11,14.087081,0.007507,6734.425039999999,206.53298100000004,1414.873621,24326.244587999954,30.596150999999995,0.00551,1696,31588.308326
11,14.087081,0.007507,6734.425039999999,206.53298100000004,1414.873621,24326.482861999953,30.596150999999995,0.00551,1696,31588.546707
11,14.087081,0.007507,6734.425039999999,206.53298100000004,1414.873621,24347.124352999952,30.596150999999995,0.00551,1696,31612.153624
11,14.087081,0.007507,6734.425039999999,206.53298100000004,1414.873621,24367.88703099995,30.596150999999995,0.00551,1696,31632.916382
11,14.087081,0.007507,6734.425039999999,206.53298100000004,1414.873621,24388.53996599995,30.596150999999995,0.00551,1696,31653.569432
11,14.087081,0.007507,6734.425039999999,206.53298100000004,1414.873621,24409.57190899995,30.596150999999995,0.00551,1696,31674.60146
11,14.087081,0.007507,6734.425039999999,206.53298100000004,1414.873621,24430.66070699995,30.596150999999995,0.00551,1696,31695.690345
11,14.087081,0.007507,6734.425039999999,206.53298100000004,1414.873621,24430.67945699995,30.596150999999995,0.00551,1696,31695.709218
11,14.087081,0.007507,6734.425039999999,206.53298100000004,1414.873621,24452.165909999952,30.596150999999995,0.00551,1696,31717.195783
11,14.087081,0.007507,6734.425039999999,206.53298100000004,1414.873621,24452.18381999995,30.596150999999995,0.00551,1696,31717.213783
11,14.087081,0.007507,6734.425039999999,206.53298100000004,1414.873621,24452.20175399995,30.596150999999995,0.00551,1696,31717.231804
11,14.087081,0.007507,6734.425039999999,206.53298100000004,1414.873621,24473.81923799995,30.596150999999995,0.00551,1696,31738.849367
11,14.087081,0.007507,6734.425039999999,206.53298100000004,1414.873621,24473.83780199995,30.596150999999995,0.00551,1696,31738.868051
11,14.087081,0.007507,6734.425039999999,206.53298100000004,1414.873621,24473.855741999952,30.596150999999995,0.00551,1696,31738.88609
11,14.087081,0.007507,6734.425039999999,206.53298100000004,1414.873621,24473.873795999953,30.596150999999995,0.00551,1696,31738.904222
11,14.087081,0.007507,6734.425039999999,206.53298100000004,1414.873621,24473.89180199995,30.596150999999995,0.00551,1696,31738.922301
11,14.087081,0.007507,6734.425039999999,206.53298100000004,1414.873621,24495.48028499995,30.596150999999995,0.00551,1696,31760.51085
11,14.087081,0.007507,6734.425039999999,206.53298100000004,1414.873621,24495.49901499995,30.596150999999995,0.00551,1696,31760.529691
11,14.087081,0.007507,6734.425039999999,206.53298100000004,1414.873621,24495.51784599995,30.596150999999995,0.00551,1696,31760.548625
11,14.087081,0.007507,6734.425039999999,206.53298100000004,1414.873621,24517.00356499995,30.596150999999995,0.00551,1696,31785.065393
11,14.087081,0.007507,6734.425039999999,206.53298100000004,1414.873621,24538.781163999953,30.596150999999995,0.00551,1696,31806.843072
11,14.087081,0.007507,6734.425039999999,206.53298100000004,1414.873621,24560.482407999953,30.596150999999995,0.00551,1696,31828.5446
11,14.087081,0.007507,6734.425039999999,206.53298100000004,1414.873621,24582.092113999952,30.596150999999995,0.00551,1696,31850.15439
11,14.087081,0.007507,6734.425039999999,206.53298100000004,1414.873621,24604.06655599995,30.596150999999995,0.00551,1696,31872.128915
11,14.087081,0.007507,6734.425039999999,206.53298100000004,1414.873621,24636.34706099995,30.596150999999995,0.00551,1696,31904.40951
11,14.087081,0.007507,6734.425039999999,206.53298100000004,1414.873621,24660.36019199995,30.596150999999995,0.00551,1696,31928.422777
11,14.087081,0.007507,6734.425039999999,206.53298100000004,1414.873621,24686.73643899995,30.596150999999995,0.00551,1696,31954.799186
11,14.087081,0.007507,6734.425039999999,206.53298100000004,1414.873621,24718.18175399995,30.596150999999995,0.00551,1696,31986.244693
11,14.087081,0.007507,6734.425039999999,206.53298100000004,1414.873621,24718.21202399995,30.596150999999995,0.00551,1696,31986.275124
11,14.087081,0.007507,6734.425039999999,206.53298100000004,1414.873621,24718.24145199995,30.596150999999995,0.00551,1696,31986.304735
11,14.087081,0.007507,6734.425039999999,206.53298100000004,1414.873621,24718.26996199995,30.596150999999995,0.00551,1696,31986.333409
11,14.087081,0.007507,6734.425039999999,206.53298100000004,1414.873621,24718.29741699995,30.596150999999995,0.00551,1696,31986.361011
11,14.087081,0.007507,6734.425039999999,206.53298100000004,1414.873621,24750.13772399995,30.596150999999995,0.00551,1696,32018.201432
11,14.087081,0.007507,6734.425039999999,206.53298100000004,1414.873621,24750.16603199995,30.596150999999995,0.00551,1696,32018.229896
11,14.087081,0.007507,6734.425039999999,206.53298100000004,1414.873621,24750.19494099995,30.596150999999995,0.00551,1696,32018.258935
11,14.087081,0.007507,6734.425039999999,206.53298100000004,1414.873621,24750.22429499995,30.596150999999995,0.00551,1696,32018.288426
11,14.087081,0.007507,6734.425039999999,206.53298100000004,1414.873621,24750.25331399995,30.596150999999995,0.00551,1696,32018.317559
11,14.087081,0.007507,6734.425039999999,206.53298100000004,1414.873621,24750.28231099995,30.596150999999995,0.00551,1696,32018.346673
11,14.087081,0.007507,6734.425039999999,206.53298100000004,1414.873621,24782.37634899995,30.596150999999995,0.00551,1696,32050.440819
11,14.087081,0.007507,6734.425039999999,206.53298100000004,1414.873621,24782.40309299995,30.596150999999995,0.00551,1696,32050.467647
11,14.087081,0.007507,6734.425039999999,206.53298100000004,1414.873621,24782.43112299995,30.596150999999995,0.00551,1696,32050.495803
11,14.087081,0.007507,6734.425039999999,206.53298100000004,1414.873621,24814.519297999952,30.596150999999995,0.00551,1696,32082.584087
11,14.087081,0.007507,6734.425039999999,206.53298100000004,1414.873621,24814.547647999952,30.596150999999995,0.00551,1696,32082.612568
11,14.087081,0.007507,6734.425039999999,206.53298100000004,1414.873621,24814.575345999954,30.596150999999995,0.00551,1696,32082.640382
11,14.087081,0.007507,6734.425039999999,206.53298100000004,1414.873621,24846.888504999955,30.596150999999995,0.00551,1696,32117.915408
11,14.087081,0.007507,6734.425039999999,206.53298100000004,1414.873621,24878.939190999954,30.596150999999995,0.00551,1696,32149.966209
11,14.087081,0.007507,6734.425039999999,206.53298100000004,1414.873621,24911.032056999953,30.596150999999995,0.00551,1696,32182.05916
11,14.087081,0.007507,6734.425039999999,206.53298100000004,1414.873621,24943.948008999952,30.596150999999995,0.00551,1696,32214.975235
11,14.087081,0.007507,6734.425039999999,206.53298100000004,1414.873621,24976.29972999995,30.596150999999995,0.00551,1696,32247.327082
11,14.087081,0.007507,6734.425039999999,206.53298100000004,1414.873621,25009.33492299995,30.596150999999995,0.00551,1696,32280.362365
11,14.087081,0.007507,6734.425039999999,206.53298100000004,1414.873621,25043.26977799995,30.596150999999995,0.00551,1696,32314.297357
11,14.087081,0.007507,6734.425039999999,206.53298100000004,1414.873621,25043.30048899995,30.596150999999995,0.00551,1696,32314.328199
11,14.087081,0.007507,6734.425039999999,206.53298100000004,1414.873621,25043.33088999995,30.596150999999995,0.00551,1696,32314.358728
11,14.087081,0.007507,6734.425039999999,206.53298100000004,1414.873621,25043.36182599995,30.596150999999995,0.00551,1696,32314.389794
11,14.087081,0.007507,6734.425039999999,206.53298100000004,1414.873621,25043.392458999948,30.596150999999995,0.00551,1696,32314.420549
11,14.087081,0.007507,6734.425039999999,206.53298100000004,1414.873621,25043.42290699995,30.596150999999995,0.00551,1696,32314.451117
11,14.087081,0.007507,6734.425039999999,206.53298100000004,1414.873621,25043.45262399995,30.596150999999995,0.00551,1696,32314.480928
11,14.087081,0.007507,6734.425039999999,206.53298100000004,1414.873621,25077.72059999995,30.596150999999995,0.00551,1696,32348.748977
11,14.087081,0.007507,6734.425039999999,206.53298100000004,1414.873621,25077.74957399995,30.596150999999995,0.00551,1696,32348.778035
11,14.087081,0.007507,6734.425039999999,206.53298100000004,1414.873621,25077.77862199995,30.596150999999995,0.00551,1696,32348.807165
11,14.087081,0.007507,6734.425039999999,206.53298100000004,1414.873621,25077.80867099995,30.596150999999995,0.00551,1696,32348.837323
11,14.087081,0.007507,6734.425039999999,206.53298100000004,1414.873621,25112.008153999952,30.596150999999995,0.00551,1696,32386.016159
11,14.087081,0.007507,6734.425039999999,206.53298100000004,1414.873621,25145.541802999953,30.596150999999995,0.00551,1696,32419.54992
11,14.087081,0.007507,6734.425039999999,206.53298100000004,1414.873621,25178.952816999954,30.596150999999995,0.00551,1696,32452.961019
11,14.087081,0.007507,6734.425039999999,206.53298100000004,1414.873621,25213.285287999955,30.596150999999995,0.00551,1696,32487.294538
11,14.087081,0.007507,6734.425039999999,206.53298100000004,1414.873621,25246.627599999956,30.596150999999995,0.00551,1696,32520.63693
11,14.087081,0.007507,6734.425039999999,206.53298100000004,1448.216185,25246.627599999956,30.596150999999995,0.00551,1696,32520.637182
11,14.087081,0.007507,6734.425039999999,206.53298100000004,1448.216185,25246.627599999956,30.596150999999995,0.00551,1691,32520.637217
11,14.087081,0.007507,6774.739828999999,206.53298100000004,1448.216185,25246.627599999956,30.596150999999995,0.00551,1691,32560.952037
11,14.087081,0.007507,6774.739828999999,206.53298100000004,1448.216185,25246.627599999956,30.596150999999995,0.00551,1703,32560.952286
12,14.087081,0.007507,6812.750682999999,206.53298100000004,1448.216185,25246.627599999956,30.596150999999995,0.00551,1703,32598.963233
12,14.087081,0.007507,6812.750682999999,206.53298100000004,1448.216185,25246.627599999956,30.596150999999995,0.011625,1703,32598.969598
12,14.087081,0.007507,6812.750682999999,206.53298100000004,1448.216185,25246.627599999956,30.596150999999995,0.011625,2757,32598.969662
13,14.087081,0.007507,6815.611445999999,206.53298100000004,1448.216185,25246.627599999956,30.596150999999995,0.011625,2757,32601.830509
13,14.087081,0.007507,6815.611445999999,206.53298100000004,1448.216185,25246.627599999956,30.596150999999995,0.01533,2757,32601.834386
13,14.087081,0.007507,6815.611445999999,206.53298100000004,1448.216185,25246.627599999956,30.596150999999995,0.01533,3408,32601.834432
14,14.087081,0.007507,6819.009408999999,206.53298100000004,1448.216185,25246.627599999956,30.596150999999995,0.01533,3408,32605.232475
14,14.087081,0.007507,6819.009408999999,206.53298100000004,1448.216185,25246.627599999956,30.684498999999995,0.01533,3408,32605.320948
14,14.087081,0.007507,6819.009408999999,206.53298100000004,1448.216185,25246.627599999956,30.684498999999995,0.01533,3407,32605.321014
14,14.087081,0.007507,6823.016403999999,206.53298100000004,1448.216185,25246.627599999956,30.684498999999995,0.01533,3407,32609.328096
14,14.087081,0.007507,6823.016403999999,206.53298100000004,1448.216185,25246.627599999956,30.684498999999995,0.01533,3411,32609.328244
15,14.087081,0.007507,6827.071765999999,206.53298100000004,1448.216185,25246.627599999956,30.684498999999995,0.01533,3411,32613.383683
15,14.087081,0.007507,6827.071765999999,206.53298100000004,1448.216185,25246.627599999956,31.047047999999997,0.01533,3411,32613.746362
15,14.087081,0.007507,6827.071765999999,206.53298100000004,1448.216185,25246.627599999956,31.047047999999997,0.01533,3401,32613.746444
15,14.087081,0.007507,6864.342145999999,206.53298100000004,1448.216185,25246.627599999956,31.047047999999997,0.01533,3401,32651.016918
15,14.087081,0.007507,6864.342145999999,206.53298100000004,1448.216185,25246.627599999956,31.212021999999997,0.01533,3401,32651.182119
15,14.087081,0.007507,6864.342145999999,206.53298100000004,1448.216185,25246.627599999956,31.212021999999997,0.01533,3399,32651.182209
15,14.087081,0.007507,6891.539719999999,206.53298100000004,1448.216185,25246.627599999956,31.212021999999997,0.01533,3399,32678.379924
15,14.087081,0.007507,6891.539719999999,206.53298100000004,1448.216185,25246.627599999956,31.375237,0.01533,3399,32678.543286
15,14.087081,0.007507,6891.539719999999,206.53298100000004,1448.216185,25246.627599999956,31.375237,0.01533,3398,32678.543363
15,14.087081,0.007507,6929.381959999999,206.53298100000004,1448.216185,25246.627599999956,31.375237,0.01533,3398,32716.385693
15,14.087081,0.007507,6929.381959999999,206.53298100000004,1448.216185,25246.627599999956,31.543787,0.01533,3398,32716.554394
15,14.087081,0.007507,6929.381959999999,206.53298100000004,1448.216185,25246.627599999956,31.543787,0.01533,3397,32716.554492
15,14.087081,0.007507,6969.170779999999,206.53298100000004,1448.216185,25246.627599999956,31.543787,0.01533,3397,32756.343459
15,14.087081,0.007507,6969.170779999999,206.53298100000004,1448.216185,25246.627599999956,31.711598,0.01533,3397,32756.511492
15,14.087081,0.007507,6969.170779999999,206.53298100000004,1448.216185,25246.627599999956,31.711598,0.01533,3396,32756.511575
15,14.087081,0.007507,6996.514148999999,206.53298100000004,1448.216185,25246.627599999956,31.711598,0.01533,3396,32783.855043
15,14.087081,0.007507,6996.514148999999,206.53298100000004,1448.216185,25246.627599999956,32.000552,0.01533,3396,32784.144221
15,14.087081,0.007507,6996.514148999999,206.53298100000004,1448.216185,25246.627599999956,32.000552,0.01533,3395,32784.14432
15,14.087081,0.007507,7048.048952999999,206.53298100000004,1448.216185,25246.627599999956,32.000552,0.01533,3395,32835.679268
15,14.087081,0.007507,7048.048952999999,212.26590100000004,1448.216185,25246.627599999956,32.000552,0.01533,3395,32841.412312
15,14.087081,0.007507,7048.048952999999,212.26590100000004,1448.216185,25249.538353999957,32.000552,0.01533,3395,32844.327159
15,14.087081,0.007507,7048.048952999999,212.26590100000004,1448.216185,25252.434400999955,32.000552,0.01533,3395,32847.223315
15,14.087081,0.007507,7048.048952999999,212.26590100000004,1448.216185,25255.612913999954,32.000552,0.01533,3395,32850.401906
15,14.087081,0.007507,7048.048952999999,212.26590100000004,1448.216185,25259.060558999954,32.000552,0.01533,3395,32853.849659
15,14.087081,0.007507,7048.048952999999,212.26590100000004,1448.216185,25259.129095999953,32.000552,0.01533,3395,32853.918307
15,14.087081,0.007507,7048.048952999999,212.26590100000004,1448.216185,25263.150861999955,32.000552,0.01533,3395,32857.940155
15,14.087081,0.007507,7048.048952999999,212.26590100000004,1448.216185,25267.398990999955,32.000552,0.01533,3395,32862.188401
15,14.087081,0.007507,7048.048952999999,212.26590100000004,1448.216185,25271.676264999955,32.000552,0.01533,3395,32866.465753
15,14.087081,0.007507,7048.048952999999,212.26590100000004,1448.216185,25276.884981999956,32.000552,0.01533,3395,32871.674563
15,14.087081,0.007507,7048.048952999999,212.26590100000004,1448.216185,25284.462225999956,32.000552,0.01533,3395,32879.252027
15,14.087081,0.007507,7048.048952999999,212.26590100000004,1448.216185,25296.777388999955,32.000552,0.01533,3395,32891.567302
15,14.087081,0.007507,7048.048952999999,212.26590100000004,1448.216185,25318.167976999954,32.000552,0.01533,3395,32912.958037
15,14.087081,0.007507,7048.048952999999,212.26590100000004,1448.216185,25355.205967999955,32.000552,0.01533,3395,32949.996238
15,14.087081,0.007507,7048.048952999999,212.26590100000004,1448.216185,25355.253311999953,32.000552,0.01533,3395,32950.043833
15,14.087081,0.007507,7048.048952999999,212.26590100000004,1448.216185,25355.295695999954,32.000552,0.01533,3395,32950.086535
15,14.087081,0.007507,7048.048952999999,212.26590100000004,1448.216185,25400.480804999952,32.000552,0.01533,3395,32995.271876
15,14.087081,0.007507,7048.048952999999,212.26590100000004,1448.216185,25400.52769899995,32.000552,0.01533,3395,32995.31901
15,14.087081,0.007507,7048.048952999999,212.26590100000004,1448.216185,25400.571008999952,32.000552,0.01533,3395,32995.362566
15,14.087081,0.007507,7048.048952999999,212.26590100000004,1448.216185,25400.612115999953,32.000552,0.01533,3395,32995.403984
15,14.087081,0.007507,7048.048952999999,212.26590100000004,1448.216185,25448.058298999953,32.000552,0.01533,3395,33042.850292
15,14.087081,0.007507,7048.048952999999,212.26590100000004,1448.216185,25448.100095999955,32.000552,0.01533,3395,33042.892278
15,14.087081,0.007507,7048.048952999999,212.26590100000004,1448.216185,25448.139785999956,32.000552,0.01533,3395,33042.932149
15,14.087081,0.007507,7048.048952999999,212.26590100000004,1448.216185,25496.808477999955,32.000552,0.01533,3395,33091.600961
15,14.087081,0.007507,7048.048952999999,212.26590100000004,1448.216185,25496.849844999957,32.000552,0.01533,3395,33091.642485
15,14.087081,0.007507,7048.048952999999,212.26590100000004,1448.216185,25496.890014999957,32.000552,0.01533,3395,33091.682806
15,14.087081,0.007507,7048.048952999999,212.26590100000004,1448.216185,25496.929926999957,32.000552,0.01533,3395,33091.72285
15,14.087081,0.007507,7048.048952999999,212.26590100000004,1448.216185,25496.969614999958,32.000552,0.01533,3395,33091.762657
15,14.087081,0.007507,7048.048952999999,212.26590100000004,1448.216185,25545.086681999957,32.000552,0.01533,3395,33139.87983
15,14.087081,0.007507,7048.048952999999,212.26590100000004,1448.216185,25545.12685499996,32.000552,0.01533,3395,33139.920127
15,14.087081,0.007507,7048.048952999999,212.26590100000004,1448.216185,25545.16673499996,32.000552,0.01533,3395,33139.960129
15,14.087081,0.007507,7048.048952999999,212.26590100000004,1448.216185,25594.20962299996,32.000552,0.01533,3395,33189.003109
15,14.087081,0.007507,7048.048952999999,212.26590100000004,1448.216185,25594.247927999957,32.000552,0.01533,3395,33189.0415
15,14.087081,0.007507,7048.048952999999,212.26590100000004,1448.216185,25594.28657599996,32.000552,0.01533,3395,33189.08023
15,14.087081,0.007507,7048.048952999999,212.26590100000004,1448.216185,25594.32497299996,32.000552,0.01533,3395,33189.118704
15,14.087081,0.007507,7048.048952999999,212.26590100000004,1448.216185,25594.363331999957,32.000552,0.01533,3395,33189.157135
15,14.087081,0.007507,7048.048952999999,212.26590100000004,1448.216185,25644.163808999958,32.000552,0.01533,3395,33243.827758
15,14.087081,0.007507,7048.048952999999,212.26590100000004,1448.216185,25693.670739999958,32.000552,0.01533,3395,33293.334802
15,14.087081,0.007507,7048.048952999999,212.26590100000004,1448.216185,25745.92535399996,32.000552,0.01533,3395,33345.589505
15,14.087081,0.007507,7048.048952999999,212.26590100000004,1448.216185,25799.31578699996,32.000552,0.01533,3395,33398.980068
15,14.087081,0.007507,7048.048952999999,212.26590100000004,1448.216185,25860.884514999958,32.000552,0.01533,3395,33460.548931
15,14.087081,0.007507,7048.048952999999,212.26590100000004,1448.216185,25923.292060999956,32.000552,0.01533,3395,33522.956586
15,14.087081,0.007507,7048.048952999999,212.26590100000004,1448.216185,25977.805205999957,32.000552,0.01533,3395,33577.469837
15,14.087081,0.007507,7048.048952999999,212.26590100000004,1448.216185,26034.564663999958,32.000552,0.01533,3395,33634.229409
15,14.087081,0.007507,7048.048952999999,212.26590100000004,1448.216185,26096.10662199996,32.000552,0.01533,3395,33695.771499
15,14.087081,0.007507,7048.048952999999,212.26590100000004,1448.216185,26159.231412999958,32.000552,0.01533,3395,33758.896396
15,14.087081,0.007507,7048.048952999999,212.26590100000004,1511.341185,26159.231412999958,32.000552,0.01533,3395,33758.896605
15,14.087081,0.007507,7048.048952999999,212.26590100000004,1511.341185,26159.231412999958,32.000552,0.01533,3394,33758.896627
15,14.087081,0.007507,7115.755628999998,212.26590100000004,1511.341185,26159.231412999958,32.000552,0.01533,3394,33826.603315
15,14.087081,0.007507,7115.755628999998,212.26590100000004,1511.341185,26159.231412999958,32.000552,0.01533,3397,33826.603528
16,14.087081,0.007507,7183.201659999999,212.26590100000004,1511.341185,26159.231412999958,32.000552,0.01533,3397,33894.049651
16,14.087081,0.007507,7183.201659999999,212.26590100000004,1511.341185,26159.231412999958,32.702118999999996,0.01533,3397,33894.751391
16,14.087081,0.007507,7183.201659999999,212.26590100000004,1511.341185,26159.231412999958,32.702118999999996,0.01533,3390,33894.751498
16,14.087081,0.007507,7244.030110999999,212.26590100000004,1511.341185,26159.231412999958,32.702118999999996,0.01533,3390,33955.580156
16,14.087081,0.007507,7244.030110999999,212.26590100000004,1511.341185,26159.231412999958,32.702118999999996,0.019986999999999998,3390,33955.584991
16,14.087081,0.007507,7244.030110999999,212.26590100000004,1511.341185,26159.231412999958,32.702118999999996,0.019986999999999998,3784,33955.585044
17,14.087081,0.007507,7277.765177999999,212.26590100000004,1511.341185,26159.231412999958,32.702118999999996,0.019986999999999998,3784,33989.320199
17,14.087081,0.007507,7277.765177999999,212.26590100000004,1511.341185,26159.231412999958,32.702118999999996,0.022923,3784,33989.323387
17,14.087081,0.007507,7277.765177999999,212.26590100000004,1511.341185,26159.231412999958,32.702118999999996,0.022923,4022,33989.323437
18,14.087081,0.007507,7315.140327999999,212.26590100000004,1511.341185,26159.231412999958,32.702118999999996,0.022923,4022,34026.698718
18,14.087081,0.007507,7315.140327999999,212.26590100000004,1511.341185,26159.231412999958,32.895486999999996,0.022923,4022,34026.892237
18,14.087081,0.007507,7315.140327999999,212.26590100000004,1511.341185,26159.231412999958,32.895486999999996,0.022923,4021,34026.892328
18,14.087081,0.007507,7383.832259999998,212.26590100000004,1511.341185,26159.231412999958,32.895486999999996,0.022923,4021,34095.584355
18,14.087081,0.007507,7383.832259999998,212.26590100000004,1511.341185,26159.231412999958,32.895486999999996,0.024531999999999998,4021,34095.586118
18,14.087081,0.007507,7383.832259999998,212.26590100000004,1511.341185,26159.231412999958,32.895486999999996,0.024531999999999998,4156,34095.586166
19,14.087081,0.007507,7454.790959999998,212.26590100000004,1511.341185,26159.231412999958,32.895486999999996,0.024531999999999998,4156,34166.544949
19,14.087081,0.007507,7454.790959999998,212.26590100000004,1511.341185,26159.231412999958,33.32360799999999,0.024531999999999998,4156,34166.973227
19,14.087081,0.007507,7454.790959999998,212.26590100000004,1511.341185,26159.231412999958,33.32360799999999,0.024531999999999998,4154,34166.973384
19,14.087081,0.007507,7518.811732999999,212.26590100000004,1511.341185,26159.231412999958,33.32360799999999,0.024531999999999998,4154,34230.994374
19,14.087081,0.007507,7518.811732999999,218.31343500000006,1511.341185,26159.231412999958,33.32360799999999,0.024531999999999998,4154,34237.042027
19,14.087081,0.007507,7518.811732999999,218.31343500000006,1511.341185,26162.00633499996,33.32360799999999,0.024531999999999998,4154,34239.82444
19,14.087081,0.007507,7518.811732999999,218.31343500000006,1511.341185,26164.97433699996,33.32360799999999,0.024531999999999998,4154,34242.792519
19,14.087081,0.007507,7518.811732999999,218.31343500000006,1511.341185,26168.21104799996,33.32360799999999,0.024531999999999998,4154,34246.029308
19,14.087081,0.007507,7518.811732999999,218.31343500000006,1511.341185,26171.75736399996,33.32360799999999,0.024531999999999998,4154,34249.575697
19,14.087081,0.007507,7518.811732999999,218.31343500000006,1511.341185,26171.83381499996,33.32360799999999,0.024531999999999998,4154,34249.652262
19,14.087081,0.007507,7518.811732999999,218.31343500000006,1511.341185,26175.94903599996,33.32360799999999,0.024531999999999998,4154,34253.767608
19,14.087081,0.007507,7518.811732999999,218.31343500000006,1511.341185,26180.254640999963,33.32360799999999,0.024531999999999998,4154,34258.073298
19,14.087081,0.007507,7518.811732999999,218.31343500000006,1511.341185,26184.52262599996,33.32360799999999,0.024531999999999998,4154,34262.34137
19,14.087081,0.007507,7518.811732999999,218.31343500000006,1511.341185,26189.88807199996,33.32360799999999,0.024531999999999998,4154,34267.706945
19,14.087081,0.007507,7518.811732999999,218.31343500000006,1511.341185,26197.68524699996,33.32360799999999,0.024531999999999998,4154,34275.504269
19,14.087081,0.007507,7518.811732999999,218.31343500000006,1511.341185,26209.903076999963,33.32360799999999,0.024531999999999998,4154,34287.722283
19,14.087081,0.007507,7518.811732999999,218.31343500000006,1511.341185,26231.248008999963,33.32360799999999,0.024531999999999998,4154,34309.06745
19,14.087081,0.007507,7518.811732999999,218.31343500000006,1511.341185,26236.76247099996,33.32360799999999,0.024531999999999998,4154,34314.582236
19,14.087081,0.007507,7518.811732999999,218.31343500000006,1511.341185,26277.149304999963,33.32360799999999,0.024531999999999998,4154,34354.969489
19,14.087081,0.007507,7518.811732999999,218.31343500000006,1511.341185,26322.56564099996,33.32360799999999,0.024531999999999998,4154,34400.386054
19,14.087081,0.007507,7518.811732999999,218.31343500000006,1511.341185,26322.63382799996,33.32360799999999,0.024531999999999998,4154,34400.454508
19,14.087081,0.007507,7518.811732999999,218.31343500000006,1511.341185,26322.694866999962,33.32360799999999,0.024531999999999998,4154,34400.516174
19,14.087081,0.007507,7518.811732999999,218.31343500000006,1511.341185,26376.70194699996,33.32360799999999,0.024531999999999998,4154,34454.523741
19,14.087081,0.007507,7518.811732999999,218.31343500000006,1511.341185,26376.769565999963,33.32360799999999,0.024531999999999998,4154,34454.591712
19,14.087081,0.007507,7518.811732999999,218.31343500000006,1511.341185,26376.829720999962,33.32360799999999,0.024531999999999998,4154,34454.652161
19,14.087081,0.007507,7518.811732999999,218.31343500000006,1511.341185,26435.665638999963,33.32360799999999,0.024531999999999998,4154,34513.488298
19,14.087081,0.007507,7518.811732999999,218.31343500000006,1511.341185,26435.729601999963,33.32360799999999,0.024531999999999998,4154,34513.55253
19,14.087081,0.007507,7518.811732999999,218.31343500000006,1511.341185,26435.790219999963,33.32360799999999,0.024531999999999998,4154,34513.613474
19,14.087081,0.007507,7518.811732999999,218.31343500000006,1511.341185,26435.847424999964,33.32360799999999,0.024531999999999998,4154,34513.671069
19,14.087081,0.007507,7518.811732999999,218.31343500000006,1511.341185,26435.905177999965,33.32360799999999,0.024531999999999998,4154,34513.729021
19,14.087081,0.007507,7518.811732999999,218.31343500000006,1511.341185,26435.961204999963,33.32360799999999,0.024531999999999998,4154,34513.785195
19,14.087081,0.007507,7518.811732999999,218.31343500000006,1511.341185,26495.725156999964,33.32360799999999,0.024531999999999998,4154,34573.549268
19,14.087081,0.007507,7518.811732999999,218.31343500000006,1511.341185,26495.780653999966,33.32360799999999,0.024531999999999998,4154,34573.604869
19,14.087081,0.007507,7518.811732999999,218.31343500000006,1511.341185,26495.836214999967,33.32360799999999,0.024531999999999998,4154,34573.660534
19,14.087081,0.007507,7518.811732999999,218.31343500000006,1511.341185,26495.892344999967,33.32360799999999,0.024531999999999998,4154,34573.716771
19,14.087081,0.007507,7518.811732999999,218.31343500000006,1511.341185,26555.400126999968,33.32360799999999,0.024531999999999998,4154,34633.224646
19,14.087081,0.007507,7518.811732999999,218.31343500000006,1511.341185,26555.456069999967,33.32360799999999,0.024531999999999998,4154,34633.280686
19,14.087081,0.007507,7518.811732999999,218.31343500000006,1511.341185,26555.512584999968,33.32360799999999,0.024531999999999998,4154,34633.337296
19,14.087081,0.007507,7518.811732999999,218.31343500000006,1511.341185,26615.01604799997,33.32360799999999,0.024531999999999998,4154,34692.840856
19,14.087081,0.007507,7518.811732999999,218.31343500000006,1511.341185,26615.07206899997,33.32360799999999,0.024531999999999998,4154,34692.897005
19,14.087081,0.007507,7518.811732999999,218.31343500000006,1511.341185,26615.12869199997,33.32360799999999,0.024531999999999998,4154,34692.953732
19,14.087081,0.007507,7518.811732999999,218.31343500000006,1511.341185,26615.18752999997,33.32360799999999,0.024531999999999998,4154,34693.012656
19,14.087081,0.007507,7518.811732999999,218.31343500000006,1511.341185,26675.04901999997,33.32360799999999,0.024531999999999998,4154,34758.895812
19,14.087081,0.007507,7518.811732999999,218.31343500000006,1511.341185,26735.185223999968,33.32360799999999,0.024531999999999998,4154,34819.032141
19,14.087081,0.007507,7518.811732999999,218.31343500000006,1511.341185,26795.09561399997,33.32360799999999,0.024531999999999998,4154,34878.942617
19,14.087081,0.007507,7518.811732999999,218.31343500000006,1511.341185,26854.43051299997,33.32360799999999,0.024531999999999998,4154,34938.277603
19,14.087081,0.007507,7518.811732999999,218.31343500000006,1511.341185,26913.53834199997,33.32360799999999,0.024531999999999998,4154,34997.385523
19,14.087081,0.007507,7518.811732999999,218.31343500000006,1511.341185,26973.39122799997,33.32360799999999,0.024531999999999998,4154,35057.238513
19,14.087081,0.007507,7518.811732999999,218.31343500000006,1511.341185,27035.054509999973,33.32360799999999,0.024531999999999998,4154,35118.901905
19,14.087081,0.007507,7518.811732999999,218.31343500000006,1511.341185,27098.314637999974,33.32360799999999,0.024531999999999998,4154,35182.162155
19,14.087081,0.007507,7518.811732999999,218.31343500000006,1511.341185,27165.735967999975,33.32360799999999,0.024531999999999998,4154,35249.58362
19,14.087081,0.007507,7518.811732999999,218.31343500000006,1511.341185,27237.897141999976,33.32360799999999,0.024531999999999998,4154,35321.744946
19,14.087081,0.007507,7518.811732999999,218.31343500000006,1583.502583,27237.897141999976,33.32360799999999,0.024531999999999998,4154,35321.74517
19,14.087081,0.007507,7518.811732999999,218.31343500000006,1583.502583,27237.897141999976,33.32360799999999,0.024531999999999998,4153,35321.745191
19,14.087081,0.007507,7595.267409999999,218.31343500000006,1583.502583,27237.897141999976,33.32360799999999,0.024531999999999998,4153,35398.200882
19,14.087081,0.007507,7595.267409999999,218.31343500000006,1583.502583,27237.897141999976,33.32360799999999,0.026796999999999998,4153,35398.203364
19,14.087081,0.007507,7595.267409999999,218.31343500000006,1583.502583,27237.897141999976,33.32360799999999,0.026796999999999998,4230,35398.203403
20,14.087081,0.007507,7666.677451999999,218.31343500000006,1583.502583,27237.897141999976,33.32360799999999,0.026796999999999998,4230,35469.613536
20,14.087081,0.007507,7666.677451999999,218.31343500000006,1583.502583,27237.897141999976,34.59878799999999,0.026796999999999998,4230,35470.888885
20,14.087081,0.007507,7666.677451999999,218.31343500000006,1583.502583,27237.897141999976,34.59878799999999,0.026796999999999998,4220,35470.888972
20,14.087081,0.007507,7753.791852999999,218.31343500000006,1583.502583,27237.897141999976,34.59878799999999,0.026796999999999998,4220,35558.003483
20,14.087081,0.007507,7753.791852999999,218.31343500000006,1583.502583,27237.897141999976,35.17099499999999,0.026796999999999998,4220,35558.575874
20,14.087081,0.007507,7753.791852999999,218.31343500000006,1583.502583,27237.897141999976,35.17099499999999,0.026796999999999998,4215,35558.575967
20,14.087081,0.007507,7834.464866999999,218.31343500000006,1583.502583,27237.897141999976,35.17099499999999,0.026796999999999998,4215,35639.249089
20,14.087081,0.007507,7834.464866999999,218.31343500000006,1583.502583,27237.897141999976,35.17099499999999,0.026796999999999998,4217,35639.2493
21,14.087081,0.007507,7914.215562999999,218.31343500000006,1583.502583,27237.897141999976,35.17099499999999,0.026796999999999998,4217,35719.000083
21,14.087081,0.007507,7914.215562999999,218.31343500000006,1583.502583,27237.897141999976,36.09147999999999,0.026796999999999998,4217,35719.920889
21,14.087081,0.007507,7914.215562999999,218.31343500000006,1583.502583,27237.897141999976,36.09147999999999,0.026796999999999998,4201,35719.920971
21,14.087081,0.007507,8009.590235999999,218.31343500000006,1583.502583,27237.897141999976,36.09147999999999,0.026796999999999998,4201,35815.295769
21,14.087081,0.007507,8009.590235999999,218.31343500000006,1583.502583,27237.897141999976,36.09147999999999,0.027901999999999996,4201,35815.297141
21,14.087081,0.007507,8009.590235999999,218.31343500000006,1583.502583,27237.897141999976,36.09147999999999,0.027901999999999996,4248,35815.297183
22,14.087081,0.007507,8106.029169999999,218.31343500000006,1583.502583,27237.897141999976,36.09147999999999,0.027901999999999996,4248,35911.736204
22,14.087081,0.007507,8106.029169999999,218.31343500000006,1583.502583,27237.897141999976,37.42534599999999,0.027901999999999996,4248,35913.070446
22,14.087081,0.007507,8106.029169999999,218.31343500000006,1583.502583,27237.897141999976,37.42534599999999,0.027901999999999996,4225,35913.070573
22,14.087081,0.007507,8202.218314,218.31343500000006,1583.502583,27237.897141999976,37.42534599999999,0.027901999999999996,4225,36009.259983
22,14.087081,0.007507,8202.218314,218.31343500000006,1583.502583,27237.897141999976,37.42534599999999,0.028779999999999997,4225,36009.26129
22,14.087081,0.007507,8202.218314,218.31343500000006,1583.502583,27237.897141999976,37.42534599999999,0.028779999999999997,4261,36009.261344
23,14.087081,0.007507,8291.033021,218.31343500000006,1583.502583,27237.897141999976,37.42534599999999,0.028779999999999997,4261,36098.076199
23,14.087081,0.007507,8291.033021,218.31343500000006,1583.502583,27237.897141999976,38.80552399999999,0.028779999999999997,4261,36099.456589
23,14.087081,0.007507,8291.033021,218.31343500000006,1583.502583,27237.897141999976,38.80552399999999,0.028779999999999997,4207,36099.456678
23,14.087081,0.007507,8363.613678,218.31343500000006,1583.502583,27237.897141999976,38.80552399999999,0.028779999999999997,4207,36172.03748
23,14.087081,0.007507,8363.613678,225.30419700000004,1583.502583,27237.897141999976,38.80552399999999,0.028779999999999997,4207,36179.028386
23,14.087081,0.007507,8363.613678,225.30419700000004,1583.502583,27240.616237999977,38.80552399999999,0.028779999999999997,4207,36181.75259
23,14.087081,0.007507,8363.613678,225.30419700000004,1583.502583,27243.539852999977,38.80552399999999,0.028779999999999997,4207,36184.676283
23,14.087081,0.007507,8363.613678,225.30419700000004,1583.502583,27246.583521999975,38.80552399999999,0.028779999999999997,4207,36187.720027
23,14.087081,0.007507,8363.613678,225.30419700000004,1583.502583,27250.179287999974,38.80552399999999,0.028779999999999997,4207,36191.31587
23,14.087081,0.007507,8363.613678,225.30419700000004,1583.502583,27250.251789999973,38.80552399999999,0.028779999999999997,4207,36191.388456
23,14.087081,0.007507,8363.613678,225.30419700000004,1583.502583,27254.243528999974,38.80552399999999,0.028779999999999997,4207,36195.380322
23,14.087081,0.007507,8363.613678,225.30419700000004,1583.502583,27258.508497999974,38.80552399999999,0.028779999999999997,4207,36199.645408
23,14.087081,0.007507,8363.613678,225.30419700000004,1583.502583,27263.761002999974,38.80552399999999,0.028779999999999997,4207,36204.897999
23,14.087081,0.007507,8363.613678,225.30419700000004,1583.502583,27270.666679999973,38.80552399999999,0.028779999999999997,4207,36211.803771
23,14.087081,0.007507,8363.613678,225.30419700000004,1583.502583,27282.124177999973,38.80552399999999,0.028779999999999997,4207,36223.261428
23,14.087081,0.007507,8363.613678,225.30419700000004,1583.502583,27307.555173999972,38.80552399999999,0.028779999999999997,4207,36248.692553
23,14.087081,0.007507,8363.613678,225.30419700000004,1583.502583,27330.056817999972,38.80552399999999,0.028779999999999997,4207,36271.194354
23,14.087081,0.007507,8363.613678,225.30419700000004,1583.502583,27382.43218999997,38.80552399999999,0.028779999999999997,4207,36323.570049
23,14.087081,0.007507,8363.613678,225.30419700000004,1583.502583,27382.57131299997,38.80552399999999,0.028779999999999997,4207,36323.709523
23,14.087081,0.007507,8363.613678,225.30419700000004,1583.502583,27382.622703999972,38.80552399999999,0.028779999999999997,4207,36323.761357
23,14.087081,0.007507,8363.613678,225.30419700000004,1583.502583,27382.666563999974,38.80552399999999,0.028779999999999997,4207,36323.805523
23,14.087081,0.007507,8363.613678,225.30419700000004,1583.502583,27429.319478999972,38.80552399999999,0.028779999999999997,4207,36370.458636
23,14.087081,0.007507,8363.613678,225.30419700000004,1583.502583,27429.366782999972,38.80552399999999,0.028779999999999997,4207,36370.506186
23,14.087081,0.007507,8363.613678,225.30419700000004,1583.502583,27429.408493999974,38.80552399999999,0.028779999999999997,4207,36370.548059
23,14.087081,0.007507,8363.613678,225.30419700000004,1583.502583,27429.448774999975,38.80552399999999,0.028779999999999997,4207,36370.588462
23,14.087081,0.007507,8363.613678,225.30419700000004,1583.502583,27477.267289999974,38.80552399999999,0.028779999999999997,4207,36418.407097
23,14.087081,0.007507,8363.613678,225.30419700000004,1583.502583,27477.309768999974,38.80552399999999,0.028779999999999997,4207,36418.449699
23,14.087081,0.007507,8363.613678,225.30419700000004,1583.502583,27477.351201999973,38.80552399999999,0.028779999999999997,4207,36418.491276
23,14.087081,0.007507,8363.613678,225.30419700000004,1583.502583,27477.39413999997,38.80552399999999,0.028779999999999997,4207,36418.53441
23,14.087081,0.007507,8363.613678,225.30419700000004,1583.502583,27477.43541399997,38.80552399999999,0.028779999999999997,4207,36418.57584
23,14.087081,0.007507,8363.613678,225.30419700000004,1583.502583,27477.47746499997,38.80552399999999,0.028779999999999997,4207,36418.618035
23,14.087081,0.007507,8363.613678,225.30419700000004,1583.502583,27525.77404099997,38.80552399999999,0.028779999999999997,4207,36466.914729
23,14.087081,0.007507,8363.613678,225.30419700000004,1583.502583,27525.815256999973,38.80552399999999,0.028779999999999997,4207,36466.956068
23,14.087081,0.007507,8363.613678,225.30419700000004,1583.502583,27525.85658299997,38.80552399999999,0.028779999999999997,4207,36466.997525
23,14.087081,0.007507,8363.613678,225.30419700000004,1583.502583,27575.867825999972,38.80552399999999,0.028779999999999997,4207,36517.008909
23,14.087081,0.007507,8363.613678,225.30419700000004,1583.502583,27575.90863499997,38.80552399999999,0.028779999999999997,4207,36517.04981
23,14.087081,0.007507,8363.613678,225.30419700000004,1583.502583,27575.949636999972,38.80552399999999,0.028779999999999997,4207,36517.090911
23,14.087081,0.007507,8363.613678,225.30419700000004,1583.502583,27627.484668999972,38.80552399999999,0.028779999999999997,4207,36568.626072
23,14.087081,0.007507,8363.613678,225.30419700000004,1583.502583,27627.52409299997,38.80552399999999,0.028779999999999997,4207,36568.665589
23,14.087081,0.007507,8363.613678,225.30419700000004,1583.502583,27627.56418399997,38.80552399999999,0.028779999999999997,4207,36568.705773
23,14.087081,0.007507,8363.613678,225.30419700000004,1583.502583,27627.60378499997,38.80552399999999,0.028779999999999997,4207,36575.710953
23,14.087081,0.007507,8363.613678,225.30419700000004,1583.502583,27675.26507099997,38.80552399999999,0.028779999999999997,4207,36630.315572
23,14.087081,0.007507,8363.613678,225.30419700000004,1583.502583,27723.73828299997,38.80552399999999,0.028779999999999997,4207,36678.789011
23,14.087081,0.007507,8363.613678,225.30419700000004,1583.502583,27776.19495799997,38.80552399999999,0.028779999999999997,4207,36731.245783
23,14.087081,0.007507,8363.613678,225.30419700000004,1583.502583,27824.378292999972,38.80552399999999,0.028779999999999997,4207,36779.42924
23,14.087081,0.007507,8363.613678,225.30419700000004,1583.502583,27872.653033999974,38.80552399999999,0.028779999999999997,4207,36827.704106
23,14.087081,0.007507,8363.613678,225.30419700000004,1583.502583,27924.587661999973,38.80552399999999,0.028779999999999997,4207,36879.638839
23,14.087081,0.007507,8363.613678,225.30419700000004,1583.502583,27975.169657999973,38.80552399999999,0.028779999999999997,4207,36930.220947
23,14.087081,0.007507,8363.613678,225.30419700000004,1583.502583,28028.547413999975,38.80552399999999,0.028779999999999997,4207,36983.59888
23,14.087081,0.007507,8363.613678,225.30419700000004,1583.502583,28092.043811999974,38.80552399999999,0.028779999999999997,4207,37047.095463
23,14.087081,0.007507,8363.613678,225.30419700000004,1583.502583,28158.347584999974,38.80552399999999,0.028779999999999997,4207,37113.399388
23,14.087081,0.007507,8363.613678,225.30419700000004,1583.502583,28238.585030999973,38.80552399999999,0.028779999999999997,4207,37193.637086
23,14.087081,0.007507,8363.613678,225.30419700000004,1663.740252,28238.585030999973,38.80552399999999,0.028779999999999997,4207,37193.637309
23,14.087081,0.007507,8363.613678,225.30419700000004,1663.740252,28238.585030999973,38.80552399999999,0.028779999999999997,4205,37193.637328
23,14.087081,0.007507,8449.375811,225.30419700000004,1663.740252,28238.585030999973,38.80552399999999,0.028779999999999997,4205,37279.399474
23,14.087081,0.007507,8449.375811,225.30419700000004,1663.740252,28238.585030999973,39.905970999999994,0.028779999999999997,4205,37280.500159
23,14.087081,0.007507,8449.375811,225.30419700000004,1663.740252,28238.585030999973,39.905970999999994,0.028779999999999997,4193,37280.500268
23,14.087081,0.007507,8532.938342,225.30419700000004,1663.740252,28238.585030999973,39.905970999999994,0.028779999999999997,4193,37364.063036
23,14.087081,0.007507,8532.938342,225.30419700000004,1663.740252,28238.585030999973,40.994718999999996,0.028779999999999997,4193,37365.152134
23,14.087081,0.007507,8532.938342,225.30419700000004,1663.740252,28238.585030999973,40.994718999999996,0.028779999999999997,4188,37365.152231
23,14.087081,0.007507,8618.872857999999,225.30419700000004,1663.740252,28238.585030999973,40.994718999999996,0.028779999999999997,4188,37451.086892
23,14.087081,0.007507,8618.872857999999,225.30419700000004,1663.740252,28238.585030999973,42.106646,0.028779999999999997,4188,37452.199056
23,14.087081,0.007507,8618.872857999999,225.30419700000004,1663.740252,28238.585030999973,42.106646,0.028779999999999997,4134,37452.199134
23,14.087081,0.007507,8702.182727999998,225.30419700000004,1663.740252,28238.585030999973,42.106646,0.028779999999999997,4134,37535.509139
23,14.087081,0.007507,8702.182727999998,225.30419700000004,1663.740252,28238.585030999973,43.189716999999995,0.028779999999999997,4134,37536.592408
23,14.087081,0.007507,8702.182727999998,225.30419700000004,1663.740252,28238.585030999973,43.189716999999995,0.028779999999999997,4128,37536.592493
23,14.087081,0.007507,8782.418260999997,225.30419700000004,1663.740252,28238.585030999973,43.189716999999995,0.028779999999999997,4128,37616.82816
23,14.087081,0.007507,8782.418260999997,225.30419700000004,1663.740252,28238.585030999973,44.324693999999994,0.028779999999999997,4128,37617.963361
23,14.087081,0.007507,8782.418260999997,225.30419700000004,1663.740252,28238.585030999973,44.324693999999994,0.028779999999999997,4080,37617.963456
23,14.087081,0.007507,8866.832082999998,225.30419700000004,1663.740252,28238.585030999973,44.324693999999994,0.028779999999999997,4080,37702.37742
23,14.087081,0.007507,8866.832082999998,233.07791100000006,1663.740252,28238.585030999973,44.324693999999994,0.028779999999999997,4080,37710.151246
23,14.087081,0.007507,8866.832082999998,233.07791100000006,1663.740252,28254.081818999974,44.324693999999994,0.028779999999999997,4080,37725.653581
23,14.087081,0.007507,8866.832082999998,233.07791100000006,1663.740252,28259.003184999972,44.324693999999994,0.028779999999999997,4080,37730.575026
23,14.087081,0.007507,8866.832082999998,233.07791100000006,1663.740252,28267.072133999973,44.324693999999994,0.028779999999999997,4080,37738.644077
23,14.087081,0.007507,8866.832082999998,233.07791100000006,1663.740252,28271.822443999972,44.324693999999994,0.028779999999999997,4080,37743.394458
23,14.087081,0.007507,8866.832082999998,233.07791100000006,1663.740252,28271.890918999972,44.324693999999994,0.028779999999999997,4080,37743.463014
23,14.087081,0.007507,8866.832082999998,233.07791100000006,1663.740252,28287.242343999973,44.324693999999994,0.028779999999999997,4080,37758.814528
23,14.087081,0.007507,8866.832082999998,233.07791100000006,1663.740252,28296.963117999974,44.324693999999994,0.028779999999999997,4080,37768.535383
23,14.087081,0.007507,8866.832082999998,233.07791100000006,1663.740252,28304.963485999975,44.324693999999994,0.028779999999999997,4080,37776.535832
23,14.087081,0.007507,8866.832082999998,233.07791100000006,1663.740252,28314.623863999976,44.324693999999994,0.028779999999999997,4080,37786.196303
23,14.087081,0.007507,8866.832082999998,233.07791100000006,1663.740252,28326.882285999975,44.324693999999994,0.028779999999999997,4080,37798.454827
23,14.087081,0.007507,8866.832082999998,233.07791100000006,1663.740252,28340.778432999974,44.324693999999994,0.028779999999999997,4080,37812.351095
23,14.087081,0.007507,8866.832082999998,233.07791100000006,1663.740252,28340.798436999976,44.324693999999994,0.028779999999999997,4080,37812.371253
23,14.087081,0.007507,8866.832082999998,233.07791100000006,1663.740252,28340.814558999977,44.324693999999994,0.028779999999999997,4080,37812.387543
23,14.087081,0.007507,8866.832082999998,233.07791100000006,1663.740252,28366.750062999978,44.324693999999994,0.028779999999999997,4080,37838.323185
23,14.087081,0.007507,8866.832082999998,233.07791100000006,1663.740252,28366.768631999978,44.324693999999994,0.028779999999999997,4080,37838.341927
23,14.087081,0.007507,8866.832082999998,233.07791100000006,1663.740252,28366.78467999998,44.324693999999994,0.028779999999999997,4080,37838.35815
23,14.087081,0.007507,8866.832082999998,233.07791100000006,1663.740252,28396.11344399998,44.324693999999994,0.028779999999999997,4080,37867.687018
23,14.087081,0.007507,8866.832082999998,233.07791100000006,1663.740252,28396.13025699998,44.324693999999994,0.028779999999999997,4080,37867.703937
23,14.087081,0.007507,8866.832082999998,233.07791100000006,1663.740252,28396.14623599998,44.324693999999994,0.028779999999999997,4080,37867.720022
23,14.087081,0.007507,8866.832082999998,233.07791100000006,1663.740252,28420.95212799998,44.324693999999994,0.028779999999999997,4080,37892.526004
23,14.087081,0.007507,8866.832082999998,233.07791100000006,1663.740252,28420.96922699998,44.324693999999994,0.028779999999999997,4080,37892.543278
23,14.087081,0.007507,8866.832082999998,233.07791100000006,1663.740252,28420.98568799998,44.324693999999994,0.028779999999999997,4080,37892.55986
23,14.087081,0.007507,8866.832082999998,233.07791100000006,1663.740252,28452.74172899998,44.324693999999994,0.028779999999999997,4080,37924.316005
23,14.087081,0.007507,8866.832082999998,233.07791100000006,1663.740252,28452.758391999978,44.324693999999994,0.028779999999999997,4080,37924.332764
23,14.087081,0.007507,8866.832082999998,233.07791100000006,1663.740252,28452.774433999977,44.324693999999994,0.028779999999999997,4080,37924.348899
23,14.087081,0.007507,8866.832082999998,233.07791100000006,1663.740252,28479.024068999977,44.324693999999994,0.028779999999999997,4080,37950.598612
23,14.087081,0.007507,8866.832082999998,233.07791100000006,1663.740252,28479.040532999978,44.324693999999994,0.028779999999999997,4080,37950.615164
23,14.087081,0.007507,8866.832082999998,233.07791100000006,1663.740252,28479.057132999977,44.324693999999994,0.028779999999999997,4080,37950.63185
23,14.087081,0.007507,8866.832082999998,233.07791100000006,1663.740252,28502.577245999975,44.324693999999994,0.028779999999999997,4080,37974.152035
23,14.087081,0.007507,8866.832082999998,233.07791100000006,1663.740252,28502.593319999974,44.324693999999994,0.028779999999999997,4080,37974.168194
23,14.087081,0.007507,8866.832082999998,233.07791100000006,1663.740252,28502.609333999975,44.324693999999994,0.028779999999999997,4080,37974.184292
23,14.087081,0.007507,8866.832082999998,233.07791100000006,1663.740252,28520.214796999975,44.324693999999994,0.028779999999999997,4080,37991.789826
23,14.087081,0.007507,8866.832082999998,233.07791100000006,1663.740252,28520.230826999974,44.324693999999994,0.028779999999999997,4080,37991.805939
23,14.087081,0.007507,8866.832082999998,233.07791100000006,1663.740252,28520.246748999973,44.324693999999994,0.028779999999999997,4080,37991.821942
23,14.087081,0.007507,8866.832082999998,233.07791100000006,1663.740252,28544.48424599997,44.324693999999994,0.028779999999999997,4080,38016.05952
23,14.087081,0.007507,8866.832082999998,233.07791100000006,1663.740252,28544.49996899997,44.324693999999994,0.028779999999999997,4080,38016.07532
23,14.087081,0.007507,8866.832082999998,233.07791100000006,1663.740252,28544.51595399997,44.324693999999994,0.028779999999999997,4080,38016.091383
23,14.087081,0.007507,8866.832082999998,233.07791100000006,1663.740252,28568.99207699997,44.324693999999994,0.028779999999999997,4080,38048.307626
23,14.087081,0.007507,8866.832082999998,233.07791100000006,1663.740252,28593.49056399997,44.324693999999994,0.028779999999999997,4080,38072.806229
23,14.087081,0.007507,8866.832082999998,233.07791100000006,1663.740252,28613.01516799997,44.324693999999994,0.028779999999999997,4080,38092.330914
23,14.087081,0.007507,8866.832082999998,233.07791100000006,1663.740252,28632.74616999997,44.324693999999994,0.028779999999999997,4080,38112.062035
23,14.087081,0.007507,8866.832082999998,233.07791100000006,1663.740252,28651.75288099997,44.324693999999994,0.028779999999999997,4080,38131.069048
23,14.087081,0.007507,8866.832082999998,233.07791100000006,1663.740252,28671.421082999972,44.324693999999994,0.028779999999999997,4080,38150.737344
23,14.087081,0.007507,8866.832082999998,233.07791100000006,1663.740252,28692.624207999972,44.324693999999994,0.028779999999999997,4080,38171.940616
23,14.087081,0.007507,8866.832082999998,233.07791100000006,1663.740252,28725.752873999973,44.324693999999994,0.028779999999999997,4080,38205.069399
23,14.087081,0.007507,8866.832082999998,233.07791100000006,1663.740252,28754.59464299997,44.324693999999994,0.028779999999999997,4080,38233.911338
23,14.087081,0.007507,8866.832082999998,233.07791100000006,1663.740252,28792.46355799997,44.324693999999994,0.028779999999999997,4080,38271.780402
23,14.087081,0.007507,8866.832082999998,233.07791100000006,1663.740252,28858.76611999997,44.324693999999994,0.028779999999999997,4080,38338.083335
23,14.087081,0.007507,8866.832082999998,233.07791100000006,1663.740252,28943.413326999973,44.324693999999994,0.028779999999999997,4080,38422.730778
23,14.087081,0.007507,8866.832082999998,233.07791100000006,1748.387715,28943.413326999973,44.324693999999994,0.028779999999999997,4080,38422.731034
23,14.087081,0.007507,8866.832082999998,233.07791100000006,1748.387715,28943.413326999973,44.324693999999994,0.028779999999999997,4079,38422.731056
23,14.087081,0.007507,8962.101329999998,233.07791100000006,1748.387715,28943.413326999973,44.324693999999994,0.028779999999999997,4079,38518.000315
23,14.087081,0.007507,8962.101329999998,233.07791100000006,1748.387715,28943.413326999973,45.474700999999996,0.028779999999999997,4079,38519.150542
23,14.087081,0.007507,8962.101329999998,233.07791100000006,1748.387715,28943.413326999973,45.474700999999996,0.028779999999999997,4069,38519.150623
23,14.087081,0.007507,9045.258934999998,233.07791100000006,1748.387715,28943.413326999973,45.474700999999996,0.028779999999999997,4069,38602.308358
23,14.087081,0.007507,9045.258934999998,233.07791100000006,1748.387715,28943.413326999973,45.474700999999996,0.028779999999999997,4071,38602.308608
24,14.087081,0.007507,9134.322721999997,233.07791100000006,1748.387715,28943.413326999973,45.474700999999996,0.028779999999999997,4071,38691.372491
24,14.087081,0.007507,9134.322721999997,233.07791100000006,1748.387715,28943.413326999973,46.772482999999994,0.028779999999999997,4071,38692.670493
24,14.087081,0.007507,9134.322721999997,233.07791100000006,1748.387715,28943.413326999973,46.772482999999994,0.028779999999999997,4015,38692.670575
24,14.087081,0.007507,9222.082246999997,233.07791100000006,1748.387715,28943.413326999973,46.772482999999994,0.028779999999999997,4015,38780.430228
24,14.087081,0.007507,9222.082246999997,316.8051530000001,1748.387715,28943.413326999973,46.772482999999994,0.028779999999999997,4015,38864.15763
24,14.087081,0.007507,9222.082246999997,316.8051530000001,1748.387715,28960.147377999972,46.772482999999994,0.028779999999999997,4015,38880.895698
24,14.087081,0.007507,9222.082246999997,316.8051530000001,1748.387715,28973.076904999973,46.772482999999994,0.028779999999999997,4015,38893.825331
24,14.087081,0.007507,9222.082246999997,316.8051530000001,1748.387715,28982.22156699997,46.772482999999994,0.028779999999999997,4015,38902.970099
24,14.087081,0.007507,9222.082246999997,316.8051530000001,1748.387715,28994.87877399997,46.772482999999994,0.028779999999999997,4015,38915.627416
24,14.087081,0.007507,9222.082246999997,316.8051530000001,1748.387715,28995.001939999973,46.772482999999994,0.028779999999999997,4015,38915.750664
24,14.087081,0.007507,9222.082246999997,316.8051530000001,1748.387715,29001.649690999973,46.772482999999994,0.028779999999999997,4015,38922.398506
24,14.087081,0.007507,9222.082246999997,316.8051530000001,1748.387715,29001.659392999973,46.772482999999994,0.028779999999999997,4015,38922.408292
24,14.087081,0.007507,9222.082246999997,316.8051530000001,1748.387715,29001.668613999973,46.772482999999994,0.028779999999999997,4015,38922.417603
24,14.087081,0.007507,9222.082246999997,316.8051530000001,1748.387715,29008.310472999972,46.772482999999994,0.028779999999999997,4015,38929.059543
24,14.087081,0.007507,9222.082246999997,316.8051530000001,1748.387715,29008.31996999997,46.772482999999994,0.028779999999999997,4015,38929.069119
24,14.087081,0.007507,9222.082246999997,316.8051530000001,1748.387715,29008.329107999973,46.772482999999994,0.028779999999999997,4015,38929.078339
24,14.087081,0.007507,9222.082246999997,316.8051530000001,1748.387715,29014.194800999972,46.772482999999994,0.028779999999999997,4015,38934.944103
24,14.087081,0.007507,9222.082246999997,316.8051530000001,1748.387715,29014.201510999974,46.772482999999994,0.028779999999999997,4015,38934.950921
24,14.087081,0.007507,9222.082246999997,316.8051530000001,1748.387715,29014.207898999975,46.772482999999994,0.028779999999999997,4015,38934.957407
24,14.087081,0.007507,9222.082246999997,316.8051530000001,1748.387715,29014.214326999976,46.772482999999994,0.028779999999999997,4015,38934.963925
24,14.087081,0.007507,9222.082246999997,316.8051530000001,1748.387715,29018.276926999977,46.772482999999994,0.028779999999999997,4015,39022.308151
24,14.087081,0.007507,9222.082246999997,316.8051530000001,1748.387715,29024.691171999977,46.772482999999994,0.028779999999999997,4015,39028.722474
24,14.087081,0.007507,9222.082246999997,316.8051530000001,1748.387715,29032.795322999977,46.772482999999994,0.028779999999999997,4015,39036.826704
24,14.087081,0.007507,9222.082246999997,316.8051530000001,1748.387715,29051.476450999977,46.772482999999994,0.028779999999999997,4015,39055.507914
24,14.087081,0.007507,9222.082246999997,316.8051530000001,1748.387715,29060.368166999975,46.772482999999994,0.028779999999999997,4015,39064.399709
24,14.087081,0.007507,9222.082246999997,316.8051530000001,1748.387715,29070.627126999974,46.772482999999994,0.028779999999999997,4015,39074.658784
24,14.087081,0.007507,9222.082246999997,316.8051530000001,1748.387715,29077.517456999973,46.772482999999994,0.028779999999999997,4015,39081.54921
24,14.087081,0.007507,9222.082246999997,316.8051530000001,1748.387715,29097.514623999974,46.772482999999994,0.028779999999999997,4015,39101.546477
24,14.087081,0.007507,9222.082246999997,316.8051530000001,1748.387715,29114.606836999974,46.772482999999994,0.028779999999999997,4015,39118.638819
24,14.087081,0.007507,9222.082246999997,316.8051530000001,1748.387715,29138.754292999973,46.772482999999994,0.028779999999999997,4015,39142.786421
24,14.087081,0.007507,9222.082246999997,316.8051530000001,1748.387715,29184.454669999974,46.772482999999994,0.028779999999999997,4015,39188.487124
24,14.087081,0.007507,9222.082246999997,316.8051530000001,1748.387715,29196.354931999973,46.772482999999994,0.028779999999999997,4015,39200.387701
24,14.087081,0.007507,9222.082246999997,316.8051530000001,1748.387715,29262.631977999972,46.772482999999994,0.028779999999999997,4015,39266.665138
24,14.087081,0.007507,9222.082246999997,316.8051530000001,1748.387715,29262.733692999973,46.772482999999994,0.028779999999999997,4015,39266.767105
24,14.087081,0.007507,9222.082246999997,316.8051530000001,1748.387715,29262.835597999972,46.772482999999994,0.028779999999999997,4015,39266.869889
24,14.087081,0.007507,9222.082246999997,316.8051530000001,1748.387715,29340.057134999974,46.772482999999994,0.028779999999999997,4015,39344.091642
24,14.087081,0.007507,9222.082246999997,316.8051530000001,1748.387715,29340.161026999973,46.772482999999994,0.028779999999999997,4015,39344.195695
24,14.087081,0.007507,9222.082246999997,316.8051530000001,1748.387715,29340.263920999972,46.772482999999994,0.028779999999999997,4015,39344.298788
24,14.087081,0.007507,9222.082246999997,316.8051530000001,1748.387715,29422.457021999973,46.772482999999994,0.028779999999999997,4015,39426.492058
24,14.087081,0.007507,9222.082246999997,316.8051530000001,1748.387715,29422.559183999972,46.772482999999994,0.028779999999999997,4015,39426.594332
24,14.087081,0.007507,9222.082246999997,316.8051530000001,1748.387715,29422.660503999974,46.772482999999994,0.028779999999999997,4015,39426.695797
24,14.087081,0.007507,9222.082246999997,316.8051530000001,1748.387715,29518.172125999976,46.772482999999994,0.028779999999999997,4015,39522.207558
24,14.087081,0.007507,9222.082246999997,316.8051530000001,1748.387715,29518.273892999976,46.772482999999994,0.028779999999999997,4015,39522.309416
24,14.087081,0.007507,9222.082246999997,316.8051530000001,1748.387715,29518.375498999976,46.772482999999994,0.028779999999999997,4015,39522.411114
24,14.087081,0.007507,9222.082246999997,316.8051530000001,1748.387715,29518.478084999977,46.772482999999994,0.028779999999999997,4015,39522.513791
24,14.087081,0.007507,9222.082246999997,316.8051530000001,1748.387715,29518.58023299998,46.772482999999994,0.028779999999999997,4015,39522.616046
24,14.087081,0.007507,9222.082246999997,316.8051530000001,1748.387715,29518.68142999998,46.772482999999994,0.028779999999999997,4015,39522.717336
24,14.087081,0.007507,9222.082246999997,316.8051530000001,1748.387715,29518.781796999978,46.772482999999994,0.028779999999999997,4015,39522.817808
24,14.087081,0.007507,9222.082246999997,316.8051530000001,1748.387715,29518.882220999978,46.772482999999994,0.028779999999999997,4015,39522.918338
24,14.087081,0.007507,9222.082246999997,316.8051530000001,1748.387715,29604.024348999978,46.772482999999994,0.028779999999999997,4015,39608.060549
24,14.087081,0.007507,9222.082246999997,316.8051530000001,1748.387715,29604.124493999978,46.772482999999994,0.028779999999999997,4015,39608.160773
24,14.087081,0.007507,9222.082246999997,316.8051530000001,1748.387715,29604.22446799998,46.772482999999994,0.028779999999999997,4015,39608.26083
24,14.087081,0.007507,9222.082246999997,316.8051530000001,1748.387715,29688.617486999978,46.772482999999994,0.028779999999999997,4015,39692.653924
24,14.087081,0.007507,9222.082246999997,316.8051530000001,1748.387715,29688.718145999977,46.772482999999994,0.028779999999999997,4015,39692.754665
24,14.087081,0.007507,9222.082246999997,316.8051530000001,1748.387715,29688.81845499998,46.772482999999994,0.028779999999999997,4015,39692.85505
24,14.087081,0.007507,9222.082246999997,316.8051530000001,1748.387715,29773.262934999977,46.772482999999994,0.028779999999999997,4015,39863.996249
24,14.087081,0.007507,9222.082246999997,316.8051530000001,1748.387715,29864.206395999976,46.772482999999994,0.028779999999999997,4015,39954.93979
24,14.087081,0.007507,9222.082246999997,316.8051530000001,1748.387715,29949.092297999978,46.772482999999994,0.028779999999999997,4015,40039.825778
24,14.087081,0.007507,9222.082246999997,316.8051530000001,1748.387715,30035.06190899998,46.772482999999994,0.028779999999999997,4015,40125.795472
24,14.087081,0.007507,9222.082246999997,316.8051530000001,1834.357549,30035.06190899998,46.772482999999994,0.028779999999999997,4015,40125.795695
24,14.087081,0.007507,9222.082246999997,316.8051530000001,1834.357549,30035.06190899998,46.772482999999994,0.028779999999999997,4013,40125.795714
24,14.087081,0.007507,9311.895860999997,316.8051530000001,1834.357549,30035.06190899998,46.772482999999994,0.028779999999999997,4013,40215.60934
24,14.087081,0.007507,9311.895860999997,316.8051530000001,1834.357549,30035.06190899998,48.06132899999999,0.028779999999999997,4013,40216.898414
24,14.087081,0.007507,9311.895860999997,316.8051530000001,1834.357549,30035.06190899998,48.06132899999999,0.028779999999999997,3988,40216.898502
24,14.087081,0.007507,9408.483989999997,316.8051530000001,1834.357549,30035.06190899998,48.06132899999999,0.028779999999999997,3988,40313.486763
24,14.087081,0.007507,9408.483989999997,316.8051530000001,1834.357549,30035.06190899998,49.370169999999995,0.028779999999999997,3988,40314.795806
24,14.087081,0.007507,9408.483989999997,316.8051530000001,1834.357549,30035.06190899998,49.370169999999995,0.028779999999999997,3973,40314.795993
24,14.087081,0.007507,9526.686416999997,316.8051530000001,1834.357549,30035.06190899998,49.370169999999995,0.028779999999999997,3973,40432.998554
24,14.087081,0.007507,9526.686416999997,327.05691200000007,1834.357549,30035.06190899998,49.370169999999995,0.028779999999999997,3973,40443.250428
24,14.087081,0.007507,9526.686416999997,327.05691200000007,1834.357549,30037.82495499998,49.370169999999995,0.028779999999999997,3973,40446.017607
24,14.087081,0.007507,9526.686416999997,327.05691200000007,1834.357549,30048.406341999977,49.370169999999995,0.028779999999999997,3973,40456.59907
24,14.087081,0.007507,9526.686416999997,327.05691200000007,1834.357549,30055.516304999976,49.370169999999995,0.028779999999999997,3973,40463.709146
24,14.087081,0.007507,9526.686416999997,327.05691200000007,1834.357549,30062.775565999975,49.370169999999995,0.028779999999999997,3973,40470.968486
24,14.087081,0.007507,9526.686416999997,327.05691200000007,1834.357549,30076.376387999975,49.370169999999995,0.028779999999999997,3973,40484.569417
24,14.087081,0.007507,9526.686416999997,327.05691200000007,1834.357549,30087.001491999974,49.370169999999995,0.028779999999999997,3973,40495.194607
24,14.087081,0.007507,9526.686416999997,327.05691200000007,1834.357549,30094.788311999975,49.370169999999995,0.028779999999999997,3973,40502.981518
24,14.087081,0.007507,9526.686416999997,327.05691200000007,1834.357549,30104.606988999974,49.370169999999995,0.028779999999999997,3973,40512.800294
24,14.087081,0.007507,9526.686416999997,327.05691200000007,1834.357549,30124.989483999976,49.370169999999995,0.028779999999999997,3973,40533.182907
24,14.087081,0.007507,9526.686416999997,327.05691200000007,1834.357549,30149.061212999975,49.370169999999995,0.028779999999999997,3973,40557.254782
24,14.087081,0.007507,9526.686416999997,327.05691200000007,1834.357549,30169.080694999975,49.370169999999995,0.028779999999999997,3973,40577.274386
24,14.087081,0.007507,9526.686416999997,327.05691200000007,1834.357549,30189.104727999977,49.370169999999995,0.028779999999999997,3973,40597.298565
24,14.087081,0.007507,9526.686416999997,327.05691200000007,1834.357549,30209.128619999978,49.370169999999995,0.028779999999999997,3973,40617.322583
24,14.087081,0.007507,9526.686416999997,327.05691200000007,1834.357549,30232.94953799998,49.370169999999995,0.028779999999999997,3973,40641.143613
24,14.087081,0.007507,9526.686416999997,327.05691200000007,1834.357549,30252.97229099998,49.370169999999995,0.028779999999999997,3973,40661.166467
24,14.087081,0.007507,9526.686416999997,327.05691200000007,1834.357549,30272.99633999998,49.370169999999995,0.028779999999999997,3973,40681.190635
24,14.087081,0.007507,9526.686416999997,327.05691200000007,1834.357549,30297.97672399998,49.370169999999995,0.028779999999999997,3973,40706.171122
24,14.087081,0.007507,9526.686416999997,327.05691200000007,1834.357549,30318.001179999977,49.370169999999995,0.028779999999999997,3973,40726.195706
24,14.087081,0.007507,9526.686416999997,327.05691200000007,1834.357549,30338.02389999998,49.370169999999995,0.028779999999999997,3973,40746.218577
24,14.087081,0.007507,9526.686416999997,327.05691200000007,1834.357549,30358.047773999977,49.370169999999995,0.028779999999999997,3973,40766.24255
24,14.087081,0.007507,9526.686416999997,327.05691200000007,1834.357549,30378.071786999975,49.370169999999995,0.028779999999999997,3973,40786.26665
24,14.087081,0.007507,9526.686416999997,327.05691200000007,1834.357549,30393.981118999975,49.370169999999995,0.028779999999999997,3973,40802.176122
24,14.087081,0.007507,9526.686416999997,327.05691200000007,1834.357549,30413.987530999973,49.370169999999995,0.028779999999999997,3973,40822.182655
24,14.087081,0.007507,9526.686416999997,327.05691200000007,1834.357549,30434.012744999975,49.370169999999995,0.028779999999999997,3973,40842.208005
24,14.087081,0.007507,9526.686416999997,327.05691200000007,1834.357549,30454.037471999975,49.370169999999995,0.028779999999999997,3973,40862.232871
24,14.087081,0.007507,9526.686416999997,327.05691200000007,1834.357549,30479.341565999974,49.370169999999995,0.028779999999999997,3973,40897.799878
24,14.087081,0.007507,9526.686416999997,327.05691200000007,1834.357549,30495.965078999972,49.370169999999995,0.028779999999999997,3973,40914.423468
24,14.087081,0.007507,9526.686416999997,327.05691200000007,1834.357549,30510.610510999973,49.370169999999995,0.028779999999999997,3973,40929.068981
24,14.087081,0.007507,9526.686416999997,327.05691200000007,1834.357549,30527.954660999974,49.370169999999995,0.028779999999999997,3973,40946.413213
24,14.087081,0.007507,9526.686416999997,327.05691200000007,1834.357549,30543.744758999976,49.370169999999995,0.028779999999999997,3973,40962.203398
24,14.087081,0.007507,9526.686416999997,327.05691200000007,1834.357549,30559.097479999975,49.370169999999995,0.028779999999999997,3973,40977.556212
24,14.087081,0.007507,9526.686416999997,327.05691200000007,1834.357549,30575.974863999974,49.370169999999995,0.028779999999999997,3973,40994.433698
24,14.087081,0.007507,9526.686416999997,327.05691200000007,1834.357549,30595.144866999974,49.370169999999995,0.028779999999999997,3973,41013.603817
24,14.087081,0.007507,9526.686416999997,327.05691200000007,1834.357549,30609.426185999975,49.370169999999995,0.028779999999999997,3973,41027.885277
24,14.087081,0.007507,9526.686416999997,327.05691200000007,1834.357549,30631.215418999975,49.370169999999995,0.028779999999999997,3973,41049.674675
24,14.087081,0.007507,9526.686416999997,327.05691200000007,1834.357549,30656.624507999975,49.370169999999995,0.028779999999999997,3973,41075.083954
24,14.087081,0.007507,9526.686416999997,327.05691200000007,1834.357549,30692.771220999974,49.370169999999995,0.028779999999999997,3973,41111.23082
24,14.087081,0.007507,9526.686416999997,327.05691200000007,1834.357549,30695.871997999973,49.370169999999995,0.028779999999999997,3973,41114.331834
24,14.087081,0.007507,9526.686416999997,327.05691200000007,1834.357549,30696.048051999973,49.370169999999995,0.028779999999999997,3973,41114.508168
24,14.087081,0.007507,9526.686416999997,327.05691200000007,1834.357549,30747.395970999973,49.370169999999995,0.028779999999999997,3973,41165.856278
24,14.087081,0.007507,9526.686416999997,327.05691200000007,1834.357549,30747.494409999974,49.370169999999995,0.028779999999999997,3973,41165.954882
24,14.087081,0.007507,9526.686416999997,327.05691200000007,1834.357549,30747.605754999975,49.370169999999995,0.028779999999999997,3973,41166.066418
24,14.087081,0.007507,9526.686416999997,327.05691200000007,1834.357549,30747.677945999974,49.370169999999995,0.028779999999999997,3973,41166.13877
24,14.087081,0.007507,9526.686416999997,327.05691200000007,1834.357549,30797.836620999973,49.370169999999995,0.028779999999999997,3973,41216.297574
24,14.087081,0.007507,9526.686416999997,327.05691200000007,1834.357549,30797.903438999972,49.370169999999995,0.028779999999999997,3973,41216.364501
24,14.087081,0.007507,9526.686416999997,327.05691200000007,1834.357549,30797.970509999974,49.370169999999995,0.028779999999999997,3973,41216.4317
24,14.087081,0.007507,9526.686416999997,327.05691200000007,1834.357549,30798.036899999974,49.370169999999995,0.028779999999999997,3973,41216.49827
24,14.087081,0.007507,9526.686416999997,327.05691200000007,1834.357549,30798.102781999973,49.370169999999995,0.028779999999999997,3973,41216.564278
24,14.087081,0.007507,9526.686416999997,327.05691200000007,1834.357549,30842.49396299997,49.370169999999995,0.028779999999999997,3973,41260.955556
24,14.087081,0.007507,9526.686416999997,327.05691200000007,1834.357549,30842.55873799997,49.370169999999995,0.028779999999999997,3973,41261.020421
24,14.087081,0.007507,9526.686416999997,327.05691200000007,1834.357549,30842.62311499997,49.370169999999995,0.028779999999999997,3973,41261.08489
24,14.087081,0.007507,9526.686416999997,327.05691200000007,1834.357549,30884.973146999968,49.370169999999995,0.028779999999999997,3973,41303.435008
24,14.087081,0.007507,9526.686416999997,327.05691200000007,1834.357549,30885.03731699997,49.370169999999995,0.028779999999999997,3973,41303.499262
24,14.087081,0.007507,9526.686416999997,327.05691200000007,1834.357549,30885.10190699997,49.370169999999995,0.028779999999999997,3973,41303.563945
24,14.087081,0.007507,9526.686416999997,327.05691200000007,1834.357549,30885.16614699997,49.370169999999995,0.028779999999999997,3973,41303.628281
24,14.087081,0.007507,9526.686416999997,327.05691200000007,1834.357549,30927.518002999972,49.370169999999995,0.028779999999999997,3973,41345.980227
24,14.087081,0.007507,9526.686416999997,327.05691200000007,1834.357549,30927.58243199997,49.370169999999995,0.028779999999999997,3973,41346.044771
24,14.087081,0.007507,9526.686416999997,327.05691200000007,1834.357549,30927.64643999997,49.370169999999995,0.028779999999999997,3973,41346.108988
24,14.087081,0.007507,9526.686416999997,327.05691200000007,1834.357549,30970.46136399997,49.370169999999995,0.028779999999999997,3973,41399.220411
24,14.087081,0.007507,9526.686416999997,327.05691200000007,1834.357549,31023.01552599997,49.370169999999995,0.028779999999999997,3973,41451.774695
24,14.087081,0.007507,9526.686416999997,327.05691200000007,1834.357549,31065.49047999997,49.370169999999995,0.028779999999999997,3973,41494.249729
24,14.087081,0.007507,9526.686416999997,327.05691200000007,1834.357549,31065.76266799997,49.370169999999995,0.028779999999999997,3973,41494.522002
24,14.087081,0.007507,9526.686416999997,327.05691200000007,1834.357549,31066.03634799997,49.370169999999995,0.028779999999999997,3973,41494.795855
24,14.087081,0.007507,9526.686416999997,327.05691200000007,1834.357549,31108.51244799997,49.370169999999995,0.028779999999999997,3973,41537.272064
24,14.087081,0.007507,9526.686416999997,327.05691200000007,1834.357549,31108.78197899997,49.370169999999995,0.028779999999999997,3973,41537.541718
24,14.087081,0.007507,9526.686416999997,327.05691200000007,1834.357549,31109.05396699997,49.370169999999995,0.028779999999999997,3973,41537.813815
24,14.087081,0.007507,9526.686416999997,327.05691200000007,1834.357549,31151.551284999972,49.370169999999995,0.028779999999999997,3973,41580.311273
24,14.087081,0.007507,9526.686416999997,327.05691200000007,1834.357549,31151.824111999973,49.370169999999995,0.028779999999999997,3973,41580.585944
24,14.087081,0.007507,9526.686416999997,327.05691200000007,1834.357549,31152.09893099997,49.370169999999995,0.028779999999999997,3973,41580.860857
24,14.087081,0.007507,9526.686416999997,327.05691200000007,1834.357549,31203.012125999972,49.370169999999995,0.028779999999999997,3973,41642.089984
24,14.087081,0.007507,9526.686416999997,327.05691200000007,1834.357549,31253.144680999972,49.370169999999995,0.028779999999999997,3973,41692.222616
24,14.087081,0.007507,9526.686416999997,327.05691200000007,1834.357549,31304.279699999974,49.370169999999995,0.028779999999999997,3973,41743.357713
24,14.087081,0.007507,9526.686416999997,327.05691200000007,1834.357549,31347.380317999974,49.370169999999995,0.028779999999999997,3973,41786.458417
24,14.087081,0.007507,9526.686416999997,327.05691200000007,1834.357549,31395.393746999973,49.370169999999995,0.028779999999999997,3973,41834.471937
24,14.087081,0.007507,9526.686416999997,327.05691200000007,1834.357549,31405.53022099997,49.370169999999995,0.028779999999999997,3973,41844.608505
24,14.087081,0.007507,9526.686416999997,327.05691200000007,1834.357549,31463.10167999997,49.370169999999995,0.028779999999999997,3973,41902.180125
24,14.087081,0.007507,9526.686416999997,327.05691200000007,1834.357549,31463.18732499997,49.370169999999995,0.028779999999999997,3973,41902.265863
24,14.087081,0.007507,9526.686416999997,327.05691200000007,1834.357549,31463.27256399997,49.370169999999995,0.028779999999999997,3973,41902.351208
24,14.087081,0.007507,9526.686416999997,327.05691200000007,1834.357549,31463.35745199997,49.370169999999995,0.028779999999999997,3973,41902.43619
24,14.087081,0.007507,9526.686416999997,327.05691200000007,1834.357549,31463.44360499997,49.370169999999995,0.028779999999999997,3973,41902.522442
24,14.087081,0.007507,9526.686416999997,327.05691200000007,1834.357549,31507.07394199997,49.370169999999995,0.028779999999999997,3973,41946.152886
24,14.087081,0.007507,9526.686416999997,327.05691200000007,1834.357549,31507.15865499997,49.370169999999995,0.028779999999999997,3973,41946.237679
24,14.087081,0.007507,9526.686416999997,327.05691200000007,1834.357549,31507.24548999997,49.370169999999995,0.028779999999999997,3973,41946.324616
24,14.087081,0.007507,9526.686416999997,327.05691200000007,1834.357549,31507.331371999968,49.370169999999995,0.028779999999999997,3973,41946.410599
24,14.087081,0.007507,9526.686416999997,327.05691200000007,1834.357549,31551.155239999967,49.370169999999995,0.028779999999999997,3973,42000.581591
24,14.087081,0.007507,9526.686416999997,327.05691200000007,1834.357549,31602.455517999966,49.370169999999995,0.028779999999999997,3973,42051.88195
24,14.087081,0.007507,9526.686416999997,327.05691200000007,1834.357549,31646.387338999964,49.370169999999995,0.028779999999999997,3973,42095.813887
24,14.087081,0.007507,9526.686416999997,327.05691200000007,1834.357549,31690.336913999963,49.370169999999995,0.028779999999999997,3973,42139.763548
24,14.087081,0.007507,9526.686416999997,327.05691200000007,1834.357549,31735.009690999963,49.370169999999995,0.028779999999999997,3973,42184.436452
24,14.087081,0.007507,9526.686416999997,327.05691200000007,1834.357549,31779.98687199996,49.370169999999995,0.028779999999999997,3973,42229.413732
24,14.087081,0.007507,9526.686416999997,327.05691200000007,1834.357549,31826.63292299996,49.370169999999995,0.028779999999999997,3973,42276.05989
24,14.087081,0.007507,9526.686416999997,327.05691200000007,1834.357549,31829.74892799996,49.370169999999995,0.028779999999999997,3973,42279.176009
24,14.087081,0.007507,9526.686416999997,327.05691200000007,1834.357549,31885.29702299996,49.370169999999995,0.028779999999999997,3973,42334.724263
24,14.087081,0.007507,9526.686416999997,327.05691200000007,1834.357549,31888.35224899996,49.370169999999995,0.028779999999999997,3973,42337.779605
24,14.087081,0.007507,9526.686416999997,327.05691200000007,1834.357549,31891.36474699996,49.370169999999995,0.028779999999999997,3973,42340.792265
24,14.087081,0.007507,9526.686416999997,327.05691200000007,1834.357549,31894.39634999996,49.370169999999995,0.028779999999999997,3973,42343.824008
24,14.087081,0.007507,9526.686416999997,327.05691200000007,1834.357549,31950.06707299996,49.370169999999995,0.028779999999999997,3973,42399.494917
24,14.087081,0.007507,9526.686416999997,327.05691200000007,1834.357549,31950.449819999958,49.370169999999995,0.028779999999999997,3973,42399.877764
24,14.087081,0.007507,9526.686416999997,327.05691200000007,1834.357549,31953.474524999958,49.370169999999995,0.028779999999999997,3973,42402.90259
24,14.087081,0.007507,9526.686416999997,327.05691200000007,1834.357549,32008.253301999957,49.370169999999995,0.028779999999999997,3973,42457.681484
24,14.087081,0.007507,9526.686416999997,327.05691200000007,1834.357549,32011.266011999956,49.370169999999995,0.028779999999999997,3973,42460.694297
24,14.087081,0.007507,9526.686416999997,327.05691200000007,1834.357549,32014.298465999957,49.370169999999995,0.028779999999999997,3973,42463.72687
24,14.087081,0.007507,9526.686416999997,327.05691200000007,1834.357549,32062.513260999956,49.370169999999995,0.028779999999999997,3973,42511.941785
24,14.087081,0.007507,9526.686416999997,327.05691200000007,1834.357549,32065.536989999957,49.370169999999995,0.028779999999999997,3973,42514.965639
24,14.087081,0.007507,9526.686416999997,327.05691200000007,1834.357549,32068.560504999958,49.370169999999995,0.028779999999999997,3973,42517.989312
24,14.087081,0.007507,9526.686416999997,327.05691200000007,1834.357549,32071.581057999956,49.370169999999995,0.028779999999999997,3973,42521.010014
24,14.087081,0.007507,9526.686416999997,327.05691200000007,1834.357549,32119.658161999956,49.370169999999995,0.028779999999999997,3973,42569.087307
24,14.087081,0.007507,9526.686416999997,327.05691200000007,1834.357549,32122.671101999957,49.370169999999995,0.028779999999999997,3973,42572.100328
24,14.087081,0.007507,9526.686416999997,327.05691200000007,1834.357549,32125.769394999956,49.370169999999995,0.028779999999999997,3973,42575.198736
24,14.087081,0.007507,9526.686416999997,327.05691200000007,1834.357549,32181.377577999956,49.370169999999995,0.028779999999999997,3973,42641.07657
24,14.087081,0.007507,9526.686416999997,327.05691200000007,1834.357549,32229.440911999955,49.370169999999995,0.028779999999999997,3973,42689.140022
24,14.087081,0.007507,9526.686416999997,327.05691200000007,1834.357549,32284.857151999953,49.370169999999995,0.028779999999999997,3973,42744.556344
24,14.087081,0.007507,9526.686416999997,327.05691200000007,1834.357549,32333.451471999953,49.370169999999995,0.028779999999999997,3973,42793.150749
24,14.087081,0.007507,9526.686416999997,327.05691200000007,1834.357549,32382.347458999953,49.370169999999995,0.028779999999999997,3973,42842.046858
24,14.087081,0.007507,9526.686416999997,327.05691200000007,1834.357549,32431.922273999953,49.370169999999995,0.028779999999999997,3973,42891.621768
24,14.087081,0.007507,9526.686416999997,327.05691200000007,1834.357549,32490.680624999954,49.370169999999995,0.028779999999999997,3973,42950.380225
24,14.087081,0.007507,9526.686416999997,327.05691200000007,1834.357549,32546.486847999953,49.370169999999995,0.028779999999999997,3973,43006.186563
24,14.087081,0.007507,9526.686416999997,327.05691200000007,1834.357549,32608.571886999955,49.370169999999995,0.028779999999999997,3973,43068.271728
24,14.087081,0.007507,9526.686416999997,327.05691200000007,1834.357549,32682.143652999956,49.370169999999995,0.028779999999999997,3973,43141.843642
24,14.087081,0.007507,9526.686416999997,327.05691200000007,1834.357549,32777.65155399995,49.370169999999995,0.028779999999999997,3973,43237.351725
24,14.087081,0.007507,9526.686416999997,327.05691200000007,1929.865814,32777.65155399995,49.370169999999995,0.028779999999999997,3973,43237.352089
24,14.087081,0.007507,9526.686416999997,327.05691200000007,1929.865814,32777.65155399995,49.370169999999995,0.028779999999999997,3968,43237.352115
24,14.087081,0.007507,9620.489477999998,327.05691200000007,1929.865814,32777.65155399995,49.370169999999995,0.028779999999999997,3968,43331.155189
24,14.087081,0.007507,9620.489477999998,327.05691200000007,1929.865814,32777.65155399995,49.370169999999995,0.028779999999999997,3969,43331.155459
25,14.087081,0.007507,9714.564037999997,327.05691200000007,1929.865814,32777.65155399995,49.370169999999995,0.028779999999999997,3969,43425.23011
25,14.087081,0.007507,9714.564037999997,327.05691200000007,1929.865814,32777.65155399995,51.030179999999994,0.028779999999999997,3969,43426.890477
25,14.087081,0.007507,9714.564037999997,327.05691200000007,1929.865814,32777.65155399995,51.030179999999994,0.028779999999999997,3937,43426.890565
25,14.087081,0.007507,9798.137437999996,327.05691200000007,1929.865814,32777.65155399995,51.030179999999994,0.028779999999999997,3937,43510.464112
25,14.087081,0.007507,9798.137437999996,335.29293300000006,1929.865814,32777.65155399995,51.030179999999994,0.028779999999999997,3937,43518.700287
25,14.087081,0.007507,9798.137437999996,335.29293300000006,1929.865814,32793.343057999955,51.030179999999994,0.028779999999999997,3937,43534.395919
25,14.087081,0.007507,9798.137437999996,335.29293300000006,1929.865814,32804.049490999954,51.030179999999994,0.028779999999999997,3937,43545.102426
25,14.087081,0.007507,9798.137437999996,335.29293300000006,1929.865814,32810.47024199995,51.030179999999994,0.028779999999999997,3937,43551.52325
25,14.087081,0.007507,9798.137437999996,335.29293300000006,1929.865814,32816.470934999954,51.030179999999994,0.028779999999999997,3937,43557.524018
25,14.087081,0.007507,9798.137437999996,335.29293300000006,1929.865814,32820.234631999956,51.030179999999994,0.028779999999999997,3937,43561.287796
25,14.087081,0.007507,9798.137437999996,335.29293300000006,1929.865814,32828.39668999996,51.030179999999994,0.028779999999999997,3937,43569.44994
25,14.087081,0.007507,9798.137437999996,335.29293300000006,1929.865814,32835.209007999954,51.030179999999994,0.028779999999999997,3937,43576.262349
25,14.087081,0.007507,9798.137437999996,335.29293300000006,1929.865814,32843.26560999995,51.030179999999994,0.028779999999999997,3937,43584.319053
25,14.087081,0.007507,9798.137437999996,335.29293300000006,1929.865814,32857.16366899995,51.030179999999994,0.028779999999999997,3937,43598.217236
25,14.087081,0.007507,9798.137437999996,335.29293300000006,1929.865814,32881.76871499995,51.030179999999994,0.028779999999999997,3937,43622.822431
25,14.087081,0.007507,9798.137437999996,335.29293300000006,1929.865814,32936.39600299995,51.030179999999994,0.028779999999999997,3937,43677.449935
25,14.087081,0.007507,9798.137437999996,335.29293300000006,1929.865814,32936.47808999995,51.030179999999994,0.028779999999999997,3937,43677.53235
25,14.087081,0.007507,9798.137437999996,335.29293300000006,1929.865814,32936.54344299995,51.030179999999994,0.028779999999999997,3937,43677.598109
25,14.087081,0.007507,9798.137437999996,335.29293300000006,1929.865814,32936.59849799995,51.030179999999994,0.028779999999999997,3937,43677.653451
25,14.087081,0.007507,9798.137437999996,335.29293300000006,1929.865814,32936.649578999946,51.030179999999994,0.028779999999999997,3937,43677.704729
25,14.087081,0.007507,9798.137437999996,335.29293300000006,1929.865814,32985.92176899995,51.030179999999994,0.028779999999999997,3937,43726.977061
25,14.087081,0.007507,9798.137437999996,335.29293300000006,1929.865814,32985.97319599995,51.030179999999994,0.028779999999999997,3937,43727.028681
25,14.087081,0.007507,9798.137437999996,335.29293300000006,1929.865814,32986.022492999946,51.030179999999994,0.028779999999999997,3937,43727.078159
25,14.087081,0.007507,9798.137437999996,335.29293300000006,1929.865814,32986.070199999944,51.030179999999994,0.028779999999999997,3937,43727.125997
25,14.087081,0.007507,9798.137437999996,335.29293300000006,1929.865814,33042.85212999994,51.030179999999994,0.028779999999999997,3937,43783.908031
25,14.087081,0.007507,9798.137437999996,335.29293300000006,1929.865814,33042.90083399994,51.030179999999994,0.028779999999999997,3937,43783.956883
25,14.087081,0.007507,9798.137437999996,335.29293300000006,1929.865814,33042.949800999944,51.030179999999994,0.028779999999999997,3937,43784.005983
25,14.087081,0.007507,9798.137437999996,335.29293300000006,1929.865814,33093.66970799994,51.030179999999994,0.028779999999999997,3937,43834.725987
25,14.087081,0.007507,9798.137437999996,335.29293300000006,1929.865814,33093.71689799994,51.030179999999994,0.028779999999999997,3937,43834.773268
25,14.087081,0.007507,9798.137437999996,335.29293300000006,1929.865814,33093.76483399994,51.030179999999994,0.028779999999999997,3937,43834.821304
25,14.087081,0.007507,9798.137437999996,335.29293300000006,1929.865814,33152.112930999945,51.030179999999994,0.028779999999999997,3937,43893.169486
25,14.087081,0.007507,9798.137437999996,335.29293300000006,1929.865814,33152.16100399994,51.030179999999994,0.028779999999999997,3937,43893.217684
25,14.087081,0.007507,9798.137437999996,335.29293300000006,1929.865814,33152.20823599994,51.030179999999994,0.028779999999999997,3937,43893.265009
25,14.087081,0.007507,9798.137437999996,335.29293300000006,1929.865814,33206.54471999994,51.030179999999994,0.028779999999999997,3937,43947.60161
25,14.087081,0.007507,9798.137437999996,335.29293300000006,1929.865814,33206.59208699994,51.030179999999994,0.028779999999999997,3937,43947.64906
25,14.087081,0.007507,9798.137437999996,335.29293300000006,1929.865814,33206.639510999936,51.030179999999994,0.028779999999999997,3937,43947.696573
25,14.087081,0.007507,9798.137437999996,335.29293300000006,1929.865814,33206.68630699994,51.030179999999994,0.028779999999999997,3937,43947.743446
25,14.087081,0.007507,9798.137437999996,335.29293300000006,1929.865814,33206.73359599994,51.030179999999994,0.028779999999999997,3937,43947.790816
25,14.087081,0.007507,9798.137437999996,335.29293300000006,1929.865814,33257.89682799994,51.030179999999994,0.028779999999999997,3937,44007.187615
25,14.087081,0.007507,9798.137437999996,335.29293300000006,1929.865814,33309.94563199994,51.030179999999994,0.028779999999999997,3937,44059.236509
25,14.087081,0.007507,9798.137437999996,335.29293300000006,1929.865814,33361.89523299994,51.030179999999994,0.028779999999999997,3937,44111.186194
25,14.087081,0.007507,9798.137437999996,335.29293300000006,1929.865814,33414.06089399994,51.030179999999994,0.028779999999999997,3937,44163.351943
25,14.087081,0.007507,9798.137437999996,335.29293300000006,1929.865814,33466.80081899994,51.030179999999994,0.028779999999999997,3937,44216.091966
25,14.087081,0.007507,9798.137437999996,335.29293300000006,1929.865814,33519.84582299994,51.030179999999994,0.028779999999999997,3937,44269.137061
25,14.087081,0.007507,9798.137437999996,335.29293300000006,1929.865814,33574.67309699994,51.030179999999994,0.028779999999999997,3937,44323.964495
25,14.087081,0.007507,9798.137437999996,335.29293300000006,1929.865814,33632.36090299994,51.030179999999994,0.028779999999999997,3937,44381.652423
25,14.087081,0.007507,9798.137437999996,335.29293300000006,1929.865814,33694.172249999945,51.030179999999994,0.028779999999999997,3937,44443.463961
25,14.087081,0.007507,9798.137437999996,335.29293300000006,1929.865814,33766.77482699994,51.030179999999994,0.028779999999999997,3937,44516.066791
25,14.087081,0.007507,9798.137437999996,335.29293300000006,1929.865814,33855.10855099994,51.030179999999994,0.028779999999999997,3937,44604.4007
25,14.087081,0.007507,9798.137437999996,335.29293300000006,2018.199779,33855.10855099994,51.030179999999994,0.028779999999999997,3937,44604.400941
25,14.087081,0.007507,9798.137437999996,335.29293300000006,2018.199779,33855.10855099994,51.030179999999994,0.028779999999999997,3936,44604.400961
25,14.087081,0.007507,9887.507010999996,335.29293300000006,2018.199779,33855.10855099994,51.030179999999994,0.028779999999999997,3936,44693.770547
25,14.087081,0.007507,9887.507010999996,335.29293300000006,2018.199779,33855.10855099994,51.030179999999994,0.030236999999999997,3936,44693.772278
25,14.087081,0.007507,9887.507010999996,335.29293300000006,2018.199779,33855.10855099994,51.030179999999994,0.030236999999999997,3965,44693.77231
26,14.087081,0.007507,9980.478112999996,335.29293300000006,2018.199779,33855.10855099994,51.030179999999994,0.030236999999999997,3965,44786.743494
26,14.087081,0.007507,9980.478112999996,335.29293300000006,2018.199779,33855.10855099994,54.511129999999994,0.030236999999999997,3965,44790.224639
26,14.087081,0.007507,9980.478112999996,335.29293300000006,2018.199779,33855.10855099994,54.511129999999994,0.030236999999999997,3956,44790.224751
26,14.087081,0.007507,10077.657073999995,335.29293300000006,2018.199779,33855.10855099994,54.511129999999994,0.030236999999999997,3956,44887.403961
26,14.087081,0.007507,10077.657073999995,335.29293300000006,2018.199779,33855.10855099994,56.35958099999999,0.030236999999999997,3956,44889.252638
26,14.087081,0.007507,10077.657073999995,335.29293300000006,2018.199779,33855.10855099994,56.35958099999999,0.030236999999999997,3952,44889.252714
26,14.087081,0.007507,10153.322805999995,335.29293300000006,2018.199779,33855.10855099994,56.35958099999999,0.030236999999999997,3952,44964.918577
26,14.087081,0.007507,10153.322805999995,342.8690220000001,2018.199779,33855.10855099994,56.35958099999999,0.030236999999999997,3952,44972.49478
26,14.087081,0.007507,10153.322805999995,342.8690220000001,2018.199779,33861.29289599994,56.35958099999999,0.030236999999999997,3952,44978.683195
26,14.087081,0.007507,10153.322805999995,342.8690220000001,2018.199779,33877.30888799994,56.35958099999999,0.030236999999999997,3952,44994.699259
26,14.087081,0.007507,10153.322805999995,342.8690220000001,2018.199779,33883.86481299994,56.35958099999999,0.030236999999999997,3952,45001.255262
26,14.087081,0.007507,10153.322805999995,342.8690220000001,2018.199779,33899.58181999994,56.35958099999999,0.030236999999999997,3952,45016.972345
26,14.087081,0.007507,10153.322805999995,342.8690220000001,2018.199779,33926.049459999944,56.35958099999999,0.030236999999999997,3952,45043.440066
26,14.087081,0.007507,10153.322805999995,342.8690220000001,2018.199779,33932.19023199994,56.35958099999999,0.030236999999999997,3952,45049.580967
26,14.087081,0.007507,10153.322805999995,342.8690220000001,2018.199779,33941.92006699994,56.35958099999999,0.030236999999999997,3952,45059.310938
26,14.087081,0.007507,10153.322805999995,342.8690220000001,2018.199779,33961.98354899994,56.35958099999999,0.030236999999999997,3952,45079.374565
26,14.087081,0.007507,10153.322805999995,342.8690220000001,2018.199779,33977.425379999935,56.35958099999999,0.030236999999999997,3952,45094.816567
26,14.087081,0.007507,10153.322805999995,342.8690220000001,2018.199779,34001.83636699994,56.35958099999999,0.030236999999999997,3952,45119.227707
26,14.087081,0.007507,10153.322805999995,342.8690220000001,2018.199779,34048.446054999935,56.35958099999999,0.030236999999999997,3952,45165.837603
26,14.087081,0.007507,10153.322805999995,342.8690220000001,2018.199779,34048.52127199993,56.35958099999999,0.030236999999999997,3952,45165.913142
26,14.087081,0.007507,10153.322805999995,342.8690220000001,2018.199779,34048.57974999993,56.35958099999999,0.030236999999999997,3952,45165.972003
26,14.087081,0.007507,10153.322805999995,342.8690220000001,2018.199779,34106.47101899993,56.35958099999999,0.030236999999999997,3952,45223.863566
26,14.087081,0.007507,10153.322805999995,342.8690220000001,2018.199779,34106.54035599993,56.35958099999999,0.030236999999999997,3952,45223.93323
26,14.087081,0.007507,10153.322805999995,342.8690220000001,2018.199779,34106.59877399993,56.35958099999999,0.030236999999999997,3952,45223.991904
26,14.087081,0.007507,10153.322805999995,342.8690220000001,2018.199779,34169.71493399993,56.35958099999999,0.030236999999999997,3952,45287.108259
26,14.087081,0.007507,10153.322805999995,342.8690220000001,2018.199779,34169.78034799993,56.35958099999999,0.030236999999999997,3952,45287.17384
26,14.087081,0.007507,10153.322805999995,342.8690220000001,2018.199779,34169.839899999926,56.35958099999999,0.030236999999999997,3952,45287.233594
26,14.087081,0.007507,10153.322805999995,342.8690220000001,2018.199779,34169.897088999925,56.35958099999999,0.030236999999999997,3952,45287.290934
26,14.087081,0.007507,10153.322805999995,342.8690220000001,2018.199779,34235.477424999925,56.35958099999999,0.030236999999999997,3952,45352.871392
26,14.087081,0.007507,10153.322805999995,342.8690220000001,2018.199779,34235.53554599993,56.35958099999999,0.030236999999999997,3952,45352.929632
26,14.087081,0.007507,10153.322805999995,342.8690220000001,2018.199779,34235.59201799992,56.35958099999999,0.030236999999999997,3952,45352.986294
26,14.087081,0.007507,10153.322805999995,342.8690220000001,2018.199779,34302.25451099993,56.35958099999999,0.030236999999999997,3952,45419.648909
26,14.087081,0.007507,10153.322805999995,342.8690220000001,2018.199779,34302.31175699992,56.35958099999999,0.030236999999999997,3952,45419.706265
26,14.087081,0.007507,10153.322805999995,342.8690220000001,2018.199779,34302.368804999925,56.35958099999999,0.030236999999999997,3952,45419.763432
26,14.087081,0.007507,10153.322805999995,342.8690220000001,2018.199779,34302.426318999926,56.35958099999999,0.030236999999999997,3952,45419.821063
26,14.087081,0.007507,10153.322805999995,342.8690220000001,2018.199779,34368.853992999924,56.35958099999999,0.030236999999999997,3952,45486.248825
26,14.087081,0.007507,10153.322805999995,342.8690220000001,2018.199779,34368.909792999926,56.35958099999999,0.030236999999999997,3952,45486.304711
26,14.087081,0.007507,10153.322805999995,342.8690220000001,2018.199779,34368.96659899993,56.35958099999999,0.030236999999999997,3952,45486.361616
26,14.087081,0.007507,10153.322805999995,342.8690220000001,2018.199779,34447.108853999925,56.35958099999999,0.030236999999999997,3952,45564.503953
26,14.087081,0.007507,10153.322805999995,342.8690220000001,2018.199779,34447.16536999992,56.35958099999999,0.030236999999999997,3952,45564.560555
26,14.087081,0.007507,10153.322805999995,342.8690220000001,2018.199779,34447.22173399992,56.35958099999999,0.030236999999999997,3952,45564.617004
26,14.087081,0.007507,10153.322805999995,342.8690220000001,2018.199779,34447.27808799992,56.35958099999999,0.030236999999999997,3952,45564.673429
26,14.087081,0.007507,10153.322805999995,342.8690220000001,2018.199779,34518.98114099992,56.35958099999999,0.030236999999999997,3952,45636.376556
26,14.087081,0.007507,10153.322805999995,342.8690220000001,2018.199779,34519.036821999915,56.35958099999999,0.030236999999999997,3952,45636.432318
26,14.087081,0.007507,10153.322805999995,342.8690220000001,2018.199779,34519.09402899991,56.35958099999999,0.030236999999999997,3952,45636.489646
26,14.087081,0.007507,10153.322805999995,342.8690220000001,2018.199779,34519.15077099991,56.35958099999999,0.030236999999999997,3952,45644.051825
26,14.087081,0.007507,10153.322805999995,342.8690220000001,2018.199779,34592.71891999991,56.35958099999999,0.030236999999999997,3952,45725.125016
26,14.087081,0.007507,10153.322805999995,342.8690220000001,2018.199779,34658.319767999914,56.35958099999999,0.030236999999999997,3952,45790.725945
26,14.087081,0.007507,10153.322805999995,342.8690220000001,2018.199779,34724.259160999914,56.35958099999999,0.030236999999999997,3952,45856.665421
26,14.087081,0.007507,10153.322805999995,342.8690220000001,2018.199779,34790.06928599992,56.35958099999999,0.030236999999999997,3952,45922.475632
26,14.087081,0.007507,10153.322805999995,342.8690220000001,2018.199779,34856.37796899992,56.35958099999999,0.030236999999999997,3952,45988.784402
26,14.087081,0.007507,10153.322805999995,342.8690220000001,2018.199779,34930.04551699992,56.35958099999999,0.030236999999999997,3952,46062.452045
26,14.087081,0.007507,10153.322805999995,342.8690220000001,2018.199779,34997.85791499992,56.35958099999999,0.030236999999999997,3952,46130.264545
26,14.087081,0.007507,10153.322805999995,342.8690220000001,2018.199779,35068.79080099992,56.35958099999999,0.030236999999999997,3952,46201.197544
26,14.087081,0.007507,10153.322805999995,342.8690220000001,2018.199779,35151.03090999992,56.35958099999999,0.030236999999999997,3952,46283.437776
26,14.087081,0.007507,10153.322805999995,342.8690220000001,2018.199779,35238.45528199992,56.35958099999999,0.030236999999999997,3952,46370.862396
26,14.087081,0.007507,10153.322805999995,342.8690220000001,2018.199779,35325.54945799992,56.35958099999999,0.030236999999999997,3952,46457.956653
26,14.087081,0.007507,10153.322805999995,342.8690220000001,2105.294171,35325.54945799992,56.35958099999999,0.030236999999999997,3952,46457.956869
26,14.087081,0.007507,10153.322805999995,342.8690220000001,2105.294171,35325.54945799992,56.35958099999999,0.030236999999999997,3950,46457.956889
26,14.087081,0.007507,10251.736208999995,342.8690220000001,2105.294171,35325.54945799992,56.35958099999999,0.030236999999999997,3950,46556.370304
26,14.087081,0.007507,10251.736208999995,342.8690220000001,2105.294171,35325.54945799992,57.65952199999999,0.030236999999999997,3950,46557.670461
26,14.087081,0.007507,10251.736208999995,342.8690220000001,2105.294171,35325.54945799992,57.65952199999999,0.030236999999999997,3937,46557.670541
26,14.087081,0.007507,10340.637169999995,342.8690220000001,2105.294171,35325.54945799992,57.65952199999999,0.030236999999999997,3937,46646.571635
26,14.087081,0.007507,10340.637169999995,354.3854500000001,2105.294171,35325.54945799992,57.65952199999999,0.030236999999999997,3937,46658.088165
26,14.087081,0.007507,10340.637169999995,354.3854500000001,2105.294171,35340.715690999925,57.65952199999999,0.030236999999999997,3937,46673.258435
26,14.087081,0.007507,10340.637169999995,354.3854500000001,2105.294171,35344.284319999926,57.65952199999999,0.030236999999999997,3937,46676.827139
26,14.087081,0.007507,10340.637169999995,354.3854500000001,2105.294171,35357.70049199992,57.65952199999999,0.030236999999999997,3937,46690.243386
26,14.087081,0.007507,10340.637169999995,354.3854500000001,2105.294171,35366.287947999925,57.65952199999999,0.030236999999999997,3937,46698.830949
26,14.087081,0.007507,10340.637169999995,354.3854500000001,2105.294171,35375.274433999926,57.65952199999999,0.030236999999999997,3937,46707.817547
26,14.087081,0.007507,10340.637169999995,354.3854500000001,2105.294171,35384.668793999925,57.65952199999999,0.030236999999999997,3937,46717.211991
26,14.087081,0.007507,10340.637169999995,354.3854500000001,2105.294171,35391.69212299993,57.65952199999999,0.030236999999999997,3937,46724.235415
26,14.087081,0.007507,10340.637169999995,354.3854500000001,2105.294171,35402.79706599993,57.65952199999999,0.030236999999999997,3937,46735.340459
26,14.087081,0.007507,10340.637169999995,354.3854500000001,2105.294171,35402.814428999925,57.65952199999999,0.030236999999999997,3937,46735.357945
26,14.087081,0.007507,10340.637169999995,354.3854500000001,2105.294171,35415.252355999924,57.65952199999999,0.030236999999999997,3937,46747.796001
26,14.087081,0.007507,10340.637169999995,354.3854500000001,2105.294171,35415.26863899992,57.65952199999999,0.030236999999999997,3937,46747.812407
26,14.087081,0.007507,10340.637169999995,354.3854500000001,2105.294171,35415.28207399992,57.65952199999999,0.030236999999999997,3937,46747.825965
26,14.087081,0.007507,10340.637169999995,354.3854500000001,2105.294171,35415.294415999924,57.65952199999999,0.030236999999999997,3937,46747.838405
26,14.087081,0.007507,10340.637169999995,354.3854500000001,2105.294171,35427.56892699993,57.65952199999999,0.030236999999999997,3937,46760.112999
26,14.087081,0.007507,10340.637169999995,354.3854500000001,2105.294171,35427.58180999993,57.65952199999999,0.030236999999999997,3937,46760.125976
26,14.087081,0.007507,10340.637169999995,354.3854500000001,2105.294171,35427.59414499993,57.65952199999999,0.030236999999999997,3937,46760.138406
26,14.087081,0.007507,10340.637169999995,354.3854500000001,2105.294171,35440.49368899993,57.65952199999999,0.030236999999999997,3937,46773.038029
26,14.087081,0.007507,10340.637169999995,354.3854500000001,2105.294171,35440.50606499993,57.65952199999999,0.030236999999999997,3937,46773.050492
26,14.087081,0.007507,10340.637169999995,354.3854500000001,2105.294171,35440.51845499993,57.65952199999999,0.030236999999999997,3937,46773.062971
26,14.087081,0.007507,10340.637169999995,354.3854500000001,2105.294171,35440.53076099993,57.65952199999999,0.030236999999999997,3937,46773.075355
26,14.087081,0.007507,10340.637169999995,354.3854500000001,2105.294171,35440.54308299993,57.65952199999999,0.030236999999999997,3937,46773.087751
26,14.087081,0.007507,10340.637169999995,354.3854500000001,2105.294171,35453.50676199993,57.65952199999999,0.030236999999999997,3937,46786.051499
26,14.087081,0.007507,10340.637169999995,354.3854500000001,2105.294171,35453.51898199993,57.65952199999999,0.030236999999999997,3937,46786.063801
26,14.087081,0.007507,10340.637169999995,354.3854500000001,2105.294171,35453.53121099993,57.65952199999999,0.030236999999999997,3937,46786.076111
26,14.087081,0.007507,10340.637169999995,354.3854500000001,2105.294171,35453.54331399993,57.65952199999999,0.030236999999999997,3937,46786.088288
26,14.087081,0.007507,10340.637169999995,354.3854500000001,2105.294171,35481.36805899993,57.65952199999999,0.030236999999999997,3937,46825.639522
26,14.087081,0.007507,10340.637169999995,354.3854500000001,2105.294171,35504.39694299993,57.65952199999999,0.030236999999999997,3937,46848.668485
26,14.087081,0.007507,10340.637169999995,354.3854500000001,2105.294171,35521.645628999926,57.65952199999999,0.030236999999999997,3937,46865.917251
26,14.087081,0.007507,10340.637169999995,354.3854500000001,2105.294171,35534.83846599993,57.65952199999999,0.030236999999999997,3937,46879.110167
26,14.087081,0.007507,10340.637169999995,354.3854500000001,2105.294171,35554.65036699993,57.65952199999999,0.030236999999999997,3937,46898.922313
26,14.087081,0.007507,10340.637169999995,354.3854500000001,2105.294171,35569.36477299993,57.65952199999999,0.030236999999999997,3937,46913.636806
26,14.087081,0.007507,10340.637169999995,354.3854500000001,2105.294171,35585.71582699993,57.65952199999999,0.030236999999999997,3937,46929.987953
26,14.087081,0.007507,10340.637169999995,354.3854500000001,2105.294171,35603.34698299993,57.65952199999999,0.030236999999999997,3937,46947.619256
26,14.087081,0.007507,10340.637169999995,354.3854500000001,2105.294171,35626.99710199993,57.65952199999999,0.030236999999999997,3937,46971.269506
26,14.087081,0.007507,10340.637169999995,354.3854500000001,2105.294171,35648.16977599993,57.65952199999999,0.030236999999999997,3937,46992.442337
26,14.087081,0.007507,10340.637169999995,354.3854500000001,2105.294171,35673.77478299993,57.65952199999999,0.030236999999999997,3937,47018.047517
26,14.087081,0.007507,10340.637169999995,354.3854500000001,2105.294171,35710.67781799993,57.65952199999999,0.030236999999999997,3937,47054.9507
26,14.087081,0.007507,10340.637169999995,354.3854500000001,2105.294171,35770.31788899993,57.65952199999999,0.030236999999999997,3937,47114.590998
26,14.087081,0.007507,10340.637169999995,354.3854500000001,2105.294171,35858.572299999934,57.65952199999999,0.030236999999999997,3937,47202.845631
26,14.087081,0.007507,10340.637169999995,354.3854500000001,2193.548791,35858.572299999934,57.65952199999999,0.030236999999999997,3937,47202.84584
26,14.087081,0.007507,10340.637169999995,354.3854500000001,2193.548791,35858.572299999934,57.65952199999999,0.030236999999999997,3936,47202.845859
26,14.087081,0.007507,10435.244771999995,354.3854500000001,2193.548791,35858.572299999934,57.65952199999999,0.030236999999999997,3936,47297.453472
26,14.087081,0.007507,10435.244771999995,354.3854500000001,2193.548791,35858.572299999934,59.78582799999999,0.030236999999999997,3936,47299.579997
26,14.087081,0.007507,10435.244771999995,354.3854500000001,2193.548791,35858.572299999934,59.78582799999999,0.030236999999999997,3920,47299.580091
26,14.087081,0.007507,10524.932567999995,354.3854500000001,2193.548791,35858.572299999934,59.78582799999999,0.030236999999999997,3920,47389.268022
26,14.087081,0.007507,10524.932567999995,354.3854500000001,2193.548791,35858.572299999934,59.78582799999999,0.031321999999999996,3920,47389.26938
26,14.087081,0.007507,10524.932567999995,354.3854500000001,2193.548791,35858.572299999934,59.78582799999999,0.031321999999999996,3953,47389.269409
27,14.087081,0.007507,10614.662818999996,354.3854500000001,2193.548791,35858.572299999934,59.78582799999999,0.031321999999999996,3953,47478.99974
27,14.087081,0.007507,10614.662818999996,354.3854500000001,2193.548791,35858.572299999934,61.749422999999986,0.031321999999999996,3953,47480.963557
27,14.087081,0.007507,10614.662818999996,354.3854500000001,2193.548791,35858.572299999934,61.749422999999986,0.031321999999999996,3934,47480.96364
27,14.087081,0.007507,10744.985843999995,354.3854500000001,2193.548791,35858.572299999934,61.749422999999986,0.031321999999999996,3934,47611.286804
27,14.087081,0.007507,10744.985843999995,398.1012700000001,2193.548791,35858.572299999934,61.749422999999986,0.031321999999999996,3934,47655.002746
27,14.087081,0.007507,10744.985843999995,398.1012700000001,2193.548791,35873.305126999934,61.749422999999986,0.031321999999999996,3934,47669.739755
27,14.087081,0.007507,10744.985843999995,398.1012700000001,2193.548791,35879.62312499993,61.749422999999986,0.031321999999999996,3934,47676.057864
27,14.087081,0.007507,10744.985843999995,398.1012700000001,2193.548791,35887.63032499993,61.749422999999986,0.031321999999999996,3934,47684.065141
27,14.087081,0.007507,10744.985843999995,398.1012700000001,2193.548791,35896.31093799993,61.749422999999986,0.031321999999999996,3934,47692.74586
27,14.087081,0.007507,10744.985843999995,398.1012700000001,2193.548791,35903.68652399993,61.749422999999986,0.031321999999999996,3934,47700.121526
27,14.087081,0.007507,10744.985843999995,398.1012700000001,2193.548791,35910.21332299993,61.749422999999986,0.031321999999999996,3934,47706.648413
27,14.087081,0.007507,10744.985843999995,398.1012700000001,2193.548791,35916.90431899993,61.749422999999986,0.031321999999999996,3934,47713.339502
27,14.087081,0.007507,10744.985843999995,398.1012700000001,2193.548791,35925.80704299993,61.749422999999986,0.031321999999999996,3934,47722.242327
27,14.087081,0.007507,10744.985843999995,398.1012700000001,2193.548791,35927.88953199993,61.749422999999986,0.031321999999999996,3934,47724.324935
27,14.087081,0.007507,10744.985843999995,398.1012700000001,2193.548791,35927.90925699993,61.749422999999986,0.031321999999999996,3934,47724.344803
27,14.087081,0.007507,10744.985843999995,398.1012700000001,2193.548791,35927.92580899993,61.749422999999986,0.031321999999999996,3934,47724.361491
27,14.087081,0.007507,10744.985843999995,398.1012700000001,2193.548791,35940.85364399993,61.749422999999986,0.031321999999999996,3934,47737.289428
27,14.087081,0.007507,10744.985843999995,398.1012700000001,2193.548791,35940.87107299993,61.749422999999986,0.031321999999999996,3934,47737.306952
27,14.087081,0.007507,10744.985843999995,398.1012700000001,2193.548791,35940.88739199993,61.749422999999986,0.031321999999999996,3934,47737.323372
27,14.087081,0.007507,10744.985843999995,398.1012700000001,2193.548791,35950.97603299993,61.749422999999986,0.031321999999999996,3934,47747.412117
27,14.087081,0.007507,10744.985843999995,398.1012700000001,2193.548791,35950.99289899993,61.749422999999986,0.031321999999999996,3934,47747.429069
27,14.087081,0.007507,10744.985843999995,398.1012700000001,2193.548791,35951.00938299993,61.749422999999986,0.031321999999999996,3934,47747.445644
27,14.087081,0.007507,10744.985843999995,398.1012700000001,2193.548791,35964.17105999993,61.749422999999986,0.031321999999999996,3934,47760.6074
27,14.087081,0.007507,10744.985843999995,398.1012700000001,2193.548791,35964.18756899993,61.749422999999986,0.031321999999999996,3934,47760.623991
27,14.087081,0.007507,10744.985843999995,398.1012700000001,2193.548791,35964.20417599993,61.749422999999986,0.031321999999999996,3934,47760.640719
27,14.087081,0.007507,10744.985843999995,398.1012700000001,2193.548791,35974.38748599993,61.749422999999986,0.031321999999999996,3934,47770.824142
27,14.087081,0.007507,10744.985843999995,398.1012700000001,2193.548791,35974.404241999924,61.749422999999986,0.031321999999999996,3934,47770.841009
27,14.087081,0.007507,10744.985843999995,398.1012700000001,2193.548791,35974.42140799992,61.749422999999986,0.031321999999999996,3934,47770.8583
27,14.087081,0.007507,10744.985843999995,398.1012700000001,2193.548791,35974.43795199992,61.749422999999986,0.031321999999999996,3934,47770.874957
27,14.087081,0.007507,10744.985843999995,398.1012700000001,2193.548791,35984.63728099992,61.749422999999986,0.031321999999999996,3934,47781.074393
27,14.087081,0.007507,10744.985843999995,398.1012700000001,2193.548791,35984.65365499992,61.749422999999986,0.031321999999999996,3934,47781.090848
27,14.087081,0.007507,10744.985843999995,398.1012700000001,2193.548791,35984.66967799992,61.749422999999986,0.031321999999999996,3934,47781.106954
27,14.087081,0.007507,10744.985843999995,398.1012700000001,2193.548791,35997.93961099992,61.749422999999986,0.031321999999999996,3934,47837.336576
27,14.087081,0.007507,10744.985843999995,398.1012700000001,2193.548791,36010.42816999992,61.749422999999986,0.031321999999999996,3934,47849.825215
27,14.087081,0.007507,10744.985843999995,398.1012700000001,2193.548791,36020.64542399992,61.749422999999986,0.031321999999999996,3934,47860.042551
27,14.087081,0.007507,10744.985843999995,398.1012700000001,2193.548791,36033.567455999924,61.749422999999986,0.031321999999999996,3934,47872.964662
27,14.087081,0.007507,10744.985843999995,398.1012700000001,2193.548791,36044.80341699992,61.749422999999986,0.031321999999999996,3934,47884.200706
27,14.087081,0.007507,10744.985843999995,398.1012700000001,2193.548791,36059.15423899992,61.749422999999986,0.031321999999999996,3934,47898.551613
27,14.087081,0.007507,10744.985843999995,398.1012700000001,2193.548791,36074.79436199992,61.749422999999986,0.031321999999999996,3934,47914.191885
27,14.087081,0.007507,10744.985843999995,398.1012700000001,2193.548791,36097.84890299992,61.749422999999986,0.031321999999999996,3934,47937.24653
27,14.087081,0.007507,10744.985843999995,398.1012700000001,2193.548791,36117.87280699992,61.749422999999986,0.031321999999999996,3934,47957.270567
27,14.087081,0.007507,10744.985843999995,398.1012700000001,2193.548791,36134.09744599992,61.749422999999986,0.031321999999999996,3934,47973.495327
27,14.087081,0.007507,10744.985843999995,398.1012700000001,2193.548791,36154.11663799992,61.749422999999986,0.031321999999999996,3934,47993.514614
27,14.087081,0.007507,10744.985843999995,398.1012700000001,2193.548791,36174.14044699992,61.749422999999986,0.031321999999999996,3934,48013.538561
27,14.087081,0.007507,10744.985843999995,398.1012700000001,2193.548791,36194.16432999992,61.749422999999986,0.031321999999999996,3934,48033.562562
27,14.087081,0.007507,10744.985843999995,398.1012700000001,2193.548791,36210.54546299992,61.749422999999986,0.031321999999999996,3934,48049.943802
27,14.087081,0.007507,10744.985843999995,398.1012700000001,2193.548791,36230.568187999925,61.749422999999986,0.031321999999999996,3934,48069.966611
27,14.087081,0.007507,10744.985843999995,398.1012700000001,2193.548791,36250.59213599993,61.749422999999986,0.031321999999999996,3934,48089.990666
27,14.087081,0.007507,10744.985843999995,398.1012700000001,2193.548791,36270.61694099993,61.749422999999986,0.031321999999999996,3934,48110.015616
27,14.087081,0.007507,10744.985843999995,398.1012700000001,2193.548791,36295.93771899993,61.749422999999986,0.031321999999999996,3934,48135.336536
27,14.087081,0.007507,10744.985843999995,398.1012700000001,2193.548791,36315.95966499993,61.749422999999986,0.031321999999999996,3934,48155.358565
27,14.087081,0.007507,10744.985843999995,398.1012700000001,2193.548791,36335.98356699993,61.749422999999986,0.031321999999999996,3934,48175.38257
27,14.087081,0.007507,10744.985843999995,398.1012700000001,2193.548791,36356.00757599993,61.749422999999986,0.031321999999999996,3934,48195.406678
27,14.087081,0.007507,10744.985843999995,398.1012700000001,2193.548791,36372.22438999993,61.749422999999986,0.031321999999999996,3934,48254.319441
27,14.087081,0.007507,10744.985843999995,398.1012700000001,2193.548791,36386.11798699993,61.749422999999986,0.031321999999999996,3934,48268.213117
27,14.087081,0.007507,10744.985843999995,398.1012700000001,2193.548791,36400.23117899993,61.749422999999986,0.031321999999999996,3934,48282.326392
27,14.087081,0.007507,10744.985843999995,398.1012700000001,2193.548791,36400.24405199993,61.749422999999986,0.031321999999999996,3934,48282.339349
27,14.087081,0.007507,10744.985843999995,398.1012700000001,2193.548791,36400.25680199993,61.749422999999986,0.031321999999999996,3934,48282.352219
27,14.087081,0.007507,10744.985843999995,398.1012700000001,2193.548791,36400.270178999934,61.749422999999986,0.031321999999999996,3934,48282.365709
27,14.087081,0.007507,10744.985843999995,398.1012700000001,2193.548791,36414.42081399993,61.749422999999986,0.031321999999999996,3934,48296.516423
27,14.087081,0.007507,10744.985843999995,398.1012700000001,2193.548791,36414.43345599993,61.749422999999986,0.031321999999999996,3934,48296.529144
27,14.087081,0.007507,10744.985843999995,398.1012700000001,2193.548791,36414.445817999935,61.749422999999986,0.031321999999999996,3934,48296.541586
27,14.087081,0.007507,10744.985843999995,398.1012700000001,2193.548791,36439.70915799993,61.749422999999986,0.031321999999999996,3934,48364.682117
27,14.087081,0.007507,10744.985843999995,398.1012700000001,2193.548791,36455.63189299993,61.749422999999986,0.031321999999999996,3934,48380.604935
27,14.087081,0.007507,10744.985843999995,398.1012700000001,2193.548791,36470.85241899993,61.749422999999986,0.031321999999999996,3934,48395.825542
27,14.087081,0.007507,10744.985843999995,398.1012700000001,2193.548791,36486.14032699993,61.749422999999986,0.031321999999999996,3934,48411.113532
27,14.087081,0.007507,10744.985843999995,398.1012700000001,2193.548791,36509.02112799993,61.749422999999986,0.031321999999999996,3934,48433.994453
27,14.087081,0.007507,10744.985843999995,398.1012700000001,2193.548791,36533.00006199993,61.749422999999986,0.031321999999999996,3934,48457.973474
27,14.087081,0.007507,10744.985843999995,398.1012700000001,2193.548791,36550.363042999925,61.749422999999986,0.031321999999999996,3934,48475.336552
27,14.087081,0.007507,10744.985843999995,398.1012700000001,2193.548791,36568.96166599992,61.749422999999986,0.031321999999999996,3934,48493.935275
27,14.087081,0.007507,10744.985843999995,398.1012700000001,2193.548791,36582.699656999925,61.749422999999986,0.031321999999999996,3934,48507.673385
27,14.087081,0.007507,10744.985843999995,398.1012700000001,2193.548791,36604.33249099992,61.749422999999986,0.031321999999999996,3934,48529.306486
27,14.087081,0.007507,10744.985843999995,398.1012700000001,2193.548791,36636.67347199992,61.749422999999986,0.031321999999999996,3934,48561.647588
27,14.087081,0.007507,10744.985843999995,398.1012700000001,2193.548791,36679.53196899992,61.749422999999986,0.031321999999999996,3934,48604.506228
27,14.087081,0.007507,10744.985843999995,398.1012700000001,2193.548791,36743.21245199992,61.749422999999986,0.031321999999999996,3934,48668.186906
27,14.087081,0.007507,10744.985843999995,398.1012700000001,2193.548791,36763.35172899992,61.749422999999986,0.031321999999999996,3934,48688.326421
27,14.087081,0.007507,10744.985843999995,398.1012700000001,2193.548791,36783.37551299992,61.749422999999986,0.031321999999999996,3934,48708.350551
27,14.087081,0.007507,10744.985843999995,398.1012700000001,2193.548791,36856.50527799992,61.749422999999986,0.031321999999999996,3934,48781.480667
27,14.087081,0.007507,10744.985843999995,398.1012700000001,2193.548791,36876.52701199992,61.749422999999986,0.031321999999999996,3934,48801.502571
27,14.087081,0.007507,10744.985843999995,398.1012700000001,2193.548791,36896.550751999916,61.749422999999986,0.031321999999999996,3934,48821.52656
27,14.087081,0.007507,10744.985843999995,398.1012700000001,2193.548791,36916.57459699992,61.749422999999986,0.031321999999999996,3934,48841.550607
27,14.087081,0.007507,10744.985843999995,398.1012700000001,2193.548791,36996.35693599992,61.749422999999986,0.031321999999999996,3934,48921.333113
27,14.087081,0.007507,10744.985843999995,398.1012700000001,2193.548791,37016.378141999914,61.749422999999986,0.031321999999999996,3934,48941.354443
27,14.087081,0.007507,10744.985843999995,398.1012700000001,2193.548791,37036.40440399991,61.749422999999986,0.031321999999999996,3934,48961.380871
27,14.087081,0.007507,10744.985843999995,398.1012700000001,2193.548791,37112.150434999916,61.749422999999986,0.031321999999999996,3934,49037.127037
27,14.087081,0.007507,10744.985843999995,398.1012700000001,2193.548791,37132.173774999916,61.749422999999986,0.031321999999999996,3934,49057.150493
27,14.087081,0.007507,10744.985843999995,398.1012700000001,2193.548791,37152.197695999916,61.749422999999986,0.031321999999999996,3934,49077.174614
27,14.087081,0.007507,10744.985843999995,398.1012700000001,2193.548791,37235.39392499992,61.749422999999986,0.031321999999999996,3934,49160.370976
27,14.087081,0.007507,10744.985843999995,398.1012700000001,2193.548791,37255.417429999914,61.749422999999986,0.031321999999999996,3934,49180.394596
27,14.087081,0.007507,10744.985843999995,398.1012700000001,2193.548791,37275.44133999992,61.749422999999986,0.031321999999999996,3934,49200.418638
27,14.087081,0.007507,10744.985843999995,398.1012700000001,2193.548791,37359.00547099992,61.749422999999986,0.031321999999999996,3934,49283.982934
27,14.087081,0.007507,10744.985843999995,398.1012700000001,2193.548791,37379.02903699992,61.749422999999986,0.031321999999999996,3934,49304.006592
27,14.087081,0.007507,10744.985843999995,398.1012700000001,2193.548791,37399.05288699992,61.749422999999986,0.031321999999999996,3934,49324.030563
27,14.087081,0.007507,10744.985843999995,398.1012700000001,2193.548791,37419.07691499992,61.749422999999986,0.031321999999999996,3934,49344.0547
27,14.087081,0.007507,10744.985843999995,398.1012700000001,2193.548791,37498.88069399992,61.749422999999986,0.031321999999999996,3934,49423.85863
27,14.087081,0.007507,10744.985843999995,398.1012700000001,2193.548791,37518.90479699992,61.749422999999986,0.031321999999999996,3934,49443.882818
27,14.087081,0.007507,10744.985843999995,398.1012700000001,2193.548791,37538.930724999926,61.749422999999986,0.031321999999999996,3934,49463.908854
27,14.087081,0.007507,10744.985843999995,398.1012700000001,2193.548791,37618.246277999926,61.749422999999986,0.031321999999999996,3934,49543.224508
27,14.087081,0.007507,10744.985843999995,398.1012700000001,2193.548791,37638.268282999925,61.749422999999986,0.031321999999999996,3934,49563.246599
27,14.087081,0.007507,10744.985843999995,398.1012700000001,2193.548791,37658.29213099992,61.749422999999986,0.031321999999999996,3934,49583.270588
27,14.087081,0.007507,10744.985843999995,398.1012700000001,2193.548791,37678.31583199992,61.749422999999986,0.031321999999999996,3934,49603.294386
27,14.087081,0.007507,10744.985843999995,398.1012700000001,2193.548791,37761.08152099992,61.749422999999986,0.031321999999999996,3934,49728.320089
27,14.087081,0.007507,10744.985843999995,398.1012700000001,2193.548791,37838.71063399992,61.749422999999986,0.031321999999999996,3934,49805.949293
27,14.087081,0.007507,10744.985843999995,398.1012700000001,2193.548791,37916.402715999924,61.749422999999986,0.031321999999999996,3934,49883.641455
27,14.087081,0.007507,10744.985843999995,398.1012700000001,2193.548791,38000.16666099992,61.749422999999986,0.031321999999999996,3934,49967.405492
27,14.087081,0.007507,10744.985843999995,398.1012700000001,2193.548791,38078.41075199992,61.749422999999986,0.031321999999999996,3934,50045.649672
27,14.087081,0.007507,10744.985843999995,398.1012700000001,2193.548791,38157.06910899992,61.749422999999986,0.031321999999999996,3934,50124.308125
27,14.087081,0.007507,10744.985843999995,398.1012700000001,2193.548791,38237.915402999926,61.749422999999986,0.031321999999999996,3934,50205.154522
27,14.087081,0.007507,10744.985843999995,398.1012700000001,2193.548791,38257.93932599993,61.749422999999986,0.031321999999999996,3934,50225.178559
27,14.087081,0.007507,10744.985843999995,398.1012700000001,2193.548791,38343.08342199993,61.749422999999986,0.031321999999999996,3934,50310.322866
27,14.087081,0.007507,10744.985843999995,398.1012700000001,2193.548791,38363.10756499993,61.749422999999986,0.031321999999999996,3934,50330.347118
27,14.087081,0.007507,10744.985843999995,398.1012700000001,2193.548791,38383.13090599993,61.749422999999986,0.031321999999999996,3934,50350.370603
27,14.087081,0.007507,10744.985843999995,398.1012700000001,2193.548791,38464.694762999934,61.749422999999986,0.031321999999999996,3934,50431.934595
27,14.087081,0.007507,10744.985843999995,398.1012700000001,2193.548791,38484.718643999935,61.749422999999986,0.031321999999999996,3934,50451.958579
27,14.087081,0.007507,10744.985843999995,398.1012700000001,2193.548791,38504.744842999935,61.749422999999986,0.031321999999999996,3934,50471.984908
27,14.087081,0.007507,10744.985843999995,398.1012700000001,2193.548791,38593.19937199994,61.749422999999986,0.031321999999999996,3934,50560.439552
27,14.087081,0.007507,10744.985843999995,398.1012700000001,2193.548791,38613.222252999934,61.749422999999986,0.031321999999999996,3934,50580.46257
27,14.087081,0.007507,10744.985843999995,398.1012700000001,2193.548791,38633.24885199993,61.749422999999986,0.031321999999999996,3934,50600.489281
27,14.087081,0.007507,10744.985843999995,398.1012700000001,2193.548791,38720.60074899993,61.749422999999986,0.031321999999999996,3934,50687.841283
27,14.087081,0.007507,10744.985843999995,398.1012700000001,2193.548791,38740.621945999934,61.749422999999986,0.031321999999999996,3934,50707.862571
27,14.087081,0.007507,10744.985843999995,398.1012700000001,2193.548791,38760.647807999936,61.749422999999986,0.031321999999999996,3934,50727.888544
27,14.087081,0.007507,10744.985843999995,398.1012700000001,2193.548791,38780.67362799994,61.749422999999986,0.031321999999999996,3934,50747.914654
27,14.087081,0.007507,10744.985843999995,398.1012700000001,2193.548791,38800.69741799994,61.749422999999986,0.031321999999999996,3934,50767.938581
27,14.087081,0.007507,10744.985843999995,398.1012700000001,2193.548791,38820.71729899994,61.749422999999986,0.031321999999999996,3934,50787.958558
27,14.087081,0.007507,10744.985843999995,398.1012700000001,2193.548791,38910.28713699994,61.749422999999986,0.031321999999999996,3934,50919.867621
27,14.087081,0.007507,10744.985843999995,398.1012700000001,2193.548791,38997.18754099994,61.749422999999986,0.031321999999999996,3934,51006.768114
27,14.087081,0.007507,10744.985843999995,398.1012700000001,2193.548791,39087.13023299994,61.749422999999986,0.031321999999999996,3934,51096.710893
27,14.087081,0.007507,10744.985843999995,398.1012700000001,2193.548791,39178.04556299994,61.749422999999986,0.031321999999999996,3934,51187.626318
27,14.087081,0.007507,10744.985843999995,398.1012700000001,2193.548791,39262.008775999944,61.749422999999986,0.031321999999999996,3934,51271.589629
27,14.087081,0.007507,10744.985843999995,398.1012700000001,2193.548791,39348.464542999944,61.749422999999986,0.031321999999999996,3934,51358.045494
27,14.087081,0.007507,10744.985843999995,398.1012700000001,2193.548791,39435.66251899995,61.749422999999986,0.031321999999999996,3934,51445.243632
27,14.087081,0.007507,10744.985843999995,398.1012700000001,2193.548791,39455.685277999946,61.749422999999986,0.031321999999999996,3934,51465.266564
27,14.087081,0.007507,10744.985843999995,398.1012700000001,2193.548791,39551.57409999995,61.749422999999986,0.031321999999999996,3934,51561.155533
27,14.087081,0.007507,10744.985843999995,398.1012700000001,2193.548791,39571.59703899995,61.749422999999986,0.031321999999999996,3934,51581.178583
27,14.087081,0.007507,10744.985843999995,398.1012700000001,2193.548791,39591.62089999995,61.749422999999986,0.031321999999999996,3934,51601.20258
27,14.087081,0.007507,10744.985843999995,398.1012700000001,2193.548791,39679.94350599995,61.749422999999986,0.031321999999999996,3934,51689.525326
27,14.087081,0.007507,10744.985843999995,398.1012700000001,2193.548791,39699.960687999956,61.749422999999986,0.031321999999999996,3934,51709.542651
27,14.087081,0.007507,10744.985843999995,398.1012700000001,2193.548791,39719.98805399996,61.749422999999986,0.031321999999999996,3934,51729.570187
27,14.087081,0.007507,10744.985843999995,398.1012700000001,2193.548791,39808.51456099996,61.749422999999986,0.031321999999999996,3934,51818.096818
27,14.087081,0.007507,10744.985843999995,398.1012700000001,2193.548791,39828.53620899996,61.749422999999986,0.031321999999999996,3934,51838.118557
27,14.087081,0.007507,10744.985843999995,398.1012700000001,2193.548791,39848.562330999965,61.749422999999986,0.031321999999999996,3934,51858.144791
27,14.087081,0.007507,10744.985843999995,398.1012700000001,2193.548791,39941.52971399997,61.749422999999986,0.031321999999999996,3934,51951.112289
27,14.087081,0.007507,10744.985843999995,398.1012700000001,2193.548791,39961.55187899997,61.749422999999986,0.031321999999999996,3934,51971.134545
27,14.087081,0.007507,10744.985843999995,398.1012700000001,2193.548791,39981.57579599997,61.749422999999986,0.031321999999999996,3934,51991.158568
27,14.087081,0.007507,10744.985843999995,398.1012700000001,2193.548791,40071.37031499997,61.749422999999986,0.031321999999999996,3934,52080.953195
27,14.087081,0.007507,10744.985843999995,398.1012700000001,2193.548791,40091.395447999974,61.749422999999986,0.031321999999999996,3934,52100.978417
27,14.087081,0.007507,10744.985843999995,398.1012700000001,2193.548791,40111.41946999997,61.749422999999986,0.031321999999999996,3934,52121.002572
27,14.087081,0.007507,10744.985843999995,398.1012700000001,2193.548791,40131.44345199997,61.749422999999986,0.031321999999999996,3934,52141.02666
27,14.087081,0.007507,10744.985843999995,398.1012700000001,2193.548791,40220.80292899997,61.749422999999986,0.031321999999999996,3934,52230.386279
27,14.087081,0.007507,10744.985843999995,398.1012700000001,2193.548791,40240.827141999966,61.749422999999986,0.031321999999999996,3934,52250.41058
27,14.087081,0.007507,10744.985843999995,398.1012700000001,2193.548791,40260.85108799997,61.749422999999986,0.031321999999999996,3934,52270.434629
27,14.087081,0.007507,10744.985843999995,398.1012700000001,2193.548791,40349.860735999966,61.749422999999986,0.031321999999999996,3934,52401.932383
27,14.087081,0.007507,10744.985843999995,398.1012700000001,2193.548791,40440.309728999964,61.749422999999986,0.031321999999999996,3934,52492.381461
27,14.087081,0.007507,10744.985843999995,398.1012700000001,2283.998046,40440.309728999964,61.749422999999986,0.031321999999999996,3934,52492.381723
27,14.087081,0.007507,10744.985843999995,398.1012700000001,2283.998046,40440.309728999964,61.749422999999986,0.031321999999999996,3928,52492.381746
27,14.087081,0.007507,10838.540071999996,398.1012700000001,2283.998046,40440.309728999964,61.749422999999986,0.031321999999999996,3928,52585.935986
27,14.087081,0.007507,10838.540071999996,398.1012700000001,2283.998046,40440.309728999964,61.749422999999986,0.032448,3928,52585.93741
27,14.087081,0.007507,10838.540071999996,398.1012700000001,2283.998046,40440.309728999964,61.749422999999986,0.032448,3953,52585.937443
28,14.087081,0.007507,10931.070365999996,398.1012700000001,2283.998046,40440.309728999964,61.749422999999986,0.032448,3953,52678.467821
28,14.087081,0.007507,10931.070365999996,398.1012700000001,2283.998046,40440.309728999964,63.79553699999999,0.032448,3953,52680.514192
28,14.087081,0.007507,10931.070365999996,398.1012700000001,2283.998046,40440.309728999964,63.79553699999999,0.032448,3936,52680.514272
28,14.087081,0.007507,11033.419344999997,398.1012700000001,2283.998046,40440.309728999964,63.79553699999999,0.032448,3936,52782.863419
28,14.087081,0.007507,11033.419344999997,398.1012700000001,2283.998046,40440.309728999964,65.84335399999999,0.032448,3936,52784.911489
28,14.087081,0.007507,11033.419344999997,398.1012700000001,2283.998046,40440.309728999964,65.84335399999999,0.032448,3930,52784.911567
28,14.087081,0.007507,11122.866056999997,398.1012700000001,2283.998046,40440.309728999964,65.84335399999999,0.032448,3930,52874.358425
28,14.087081,0.007507,11122.866056999997,398.1012700000001,2283.998046,40440.309728999964,65.84335399999999,0.033019,3930,52874.359275
28,14.087081,0.007507,11122.866056999997,398.1012700000001,2283.998046,40440.309728999964,65.84335399999999,0.033019,3947,52874.359302
29,14.087081,0.007507,11213.625154999998,398.1012700000001,2283.998046,40440.309728999964,65.84335399999999,0.033019,3947,52965.118471
29,14.087081,0.007507,11213.625154999998,398.1012700000001,2283.998046,40440.309728999964,67.661633,0.033019,3947,52966.936998
29,14.087081,0.007507,11213.625154999998,398.1012700000001,2283.998046,40440.309728999964,67.661633,0.033019,3942,52966.937076
29,14.087081,0.007507,11300.817389999998,398.1012700000001,2283.998046,40440.309728999964,67.661633,0.033019,3942,53054.129462
29,14.087081,0.007507,11300.817389999998,398.1012700000001,2283.998046,40440.309728999964,69.456424,0.033019,3942,53055.924495
29,14.087081,0.007507,11300.817389999998,398.1012700000001,2283.998046,40440.309728999964,69.456424,0.033019,3930,53055.924584
29,14.087081,0.007507,11395.365306999998,398.1012700000001,2283.998046,40440.309728999964,69.456424,0.033019,3930,53150.472653
29,14.087081,0.007507,11395.365306999998,398.1012700000001,2283.998046,40440.309728999964,69.456424,0.033866,3930,53150.473793
29,14.087081,0.007507,11395.365306999998,398.1012700000001,2283.998046,40440.309728999964,69.456424,0.033866,3945,53150.473822
30,14.087081,0.007507,11491.034132999997,398.1012700000001,2283.998046,40440.309728999964,69.456424,0.033866,3945,53246.142724
30,14.087081,0.007507,11491.034132999997,398.1012700000001,2283.998046,40440.309728999964,71.516744,0.033866,3945,53248.203295
30,14.087081,0.007507,11491.034132999997,398.1012700000001,2283.998046,40440.309728999964,71.516744,0.033866,3938,53248.203382
30,14.087081,0.007507,11579.787524999998,398.1012700000001,2283.998046,40440.309728999964,71.516744,0.033866,3938,53336.956953
30,14.087081,0.007507,11579.787524999998,398.1012700000001,2283.998046,40440.309728999964,71.516744,0.034284,3938,53336.957653
30,14.087081,0.007507,11579.787524999998,398.1012700000001,2283.998046,40440.309728999964,71.516744,0.034284,3952,53336.957681
31,14.087081,0.007507,11669.714591999998,398.1012700000001,2283.998046,40440.309728999964,71.516744,0.034284,3952,53426.88482
31,14.087081,0.007507,11669.714591999998,398.1012700000001,2283.998046,40440.309728999964,73.36460600000001,0.034284,3952,53428.732916
31,14.087081,0.007507,11669.714591999998,398.1012700000001,2283.998046,40440.309728999964,73.36460600000001,0.034284,3945,53428.732998
31,14.087081,0.007507,11780.714166999998,398.1012700000001,2283.998046,40440.309728999964,73.36460600000001,0.034284,3945,53539.732729
31,14.087081,0.007507,11780.714166999998,407.6695990000001,2283.998046,40440.309728999964,73.36460600000001,0.034284,3945,53549.301221
31,14.087081,0.007507,11780.714166999998,407.6695990000001,2283.998046,40446.795609999965,73.36460600000001,0.034284,3945,53555.791209
31,14.087081,0.007507,11780.714166999998,407.6695990000001,2283.998046,40457.21747099997,73.36460600000001,0.034284,3945,53566.213145
31,14.087081,0.007507,11780.714166999998,407.6695990000001,2283.998046,40463.90073699997,73.36460600000001,0.034284,3945,53572.896488
31,14.087081,0.007507,11780.714166999998,407.6695990000001,2283.998046,40471.344418999965,73.36460600000001,0.034284,3945,53580.340248
31,14.087081,0.007507,11780.714166999998,407.6695990000001,2283.998046,40480.13621499996,73.36460600000001,0.034284,3945,53589.132127
31,14.087081,0.007507,11780.714166999998,407.6695990000001,2283.998046,40487.515049999965,73.36460600000001,0.034284,3945,53596.511048
31,14.087081,0.007507,11780.714166999998,407.6695990000001,2283.998046,40505.062500999964,73.36460600000001,0.034284,3945,53614.058589
31,14.087081,0.007507,11780.714166999998,407.6695990000001,2283.998046,40516.01282799996,73.36460600000001,0.034284,3945,53625.009016
31,14.087081,0.007507,11780.714166999998,407.6695990000001,2283.998046,40518.37612699996,73.36460600000001,0.034284,3945,53627.372434
31,14.087081,0.007507,11780.714166999998,407.6695990000001,2283.998046,40532.00715099996,73.36460600000001,0.034284,3945,53641.003595
31,14.087081,0.007507,11780.714166999998,407.6695990000001,2283.998046,40532.08559599996,73.36460600000001,0.034284,3945,53641.082161
31,14.087081,0.007507,11780.714166999998,407.6695990000001,2283.998046,40532.15038799996,73.36460600000001,0.034284,3945,53641.147094
31,14.087081,0.007507,11780.714166999998,407.6695990000001,2283.998046,40532.20744799996,73.36460600000001,0.034284,3945,53641.20429
31,14.087081,0.007507,11780.714166999998,407.6695990000001,2283.998046,40532.25946599996,73.36460600000001,0.034284,3945,53641.256419
31,14.087081,0.007507,11780.714166999998,407.6695990000001,2283.998046,40532.30932299996,73.36460600000001,0.034284,3945,53641.306364
31,14.087081,0.007507,11780.714166999998,407.6695990000001,2283.998046,40551.909043999956,73.36460600000001,0.034284,3945,53660.90616
31,14.087081,0.007507,11780.714166999998,407.6695990000001,2283.998046,40551.959092999954,73.36460600000001,0.034284,3945,53660.956294
31,14.087081,0.007507,11780.714166999998,407.6695990000001,2283.998046,40552.00914599995,73.36460600000001,0.034284,3945,53661.006434
31,14.087081,0.007507,11780.714166999998,407.6695990000001,2283.998046,40552.058839999954,73.36460600000001,0.034284,3945,53661.056209
31,14.087081,0.007507,11780.714166999998,407.6695990000001,2283.998046,40552.10781499995,73.36460600000001,0.034284,3945,53661.105259
31,14.087081,0.007507,11780.714166999998,407.6695990000001,2283.998046,40565.81996899995,73.36460600000001,0.034284,3945,53674.817492
31,14.087081,0.007507,11780.714166999998,407.6695990000001,2283.998046,40565.86916399995,73.36460600000001,0.034284,3945,53674.866765
31,14.087081,0.007507,11780.714166999998,407.6695990000001,2283.998046,40565.91808099995,73.36460600000001,0.034284,3945,53674.915761
31,14.087081,0.007507,11780.714166999998,407.6695990000001,2283.998046,40579.79961799995,73.36460600000001,0.034284,3945,53698.378212
31,14.087081,0.007507,11780.714166999998,407.6695990000001,2283.998046,40593.700344999954,73.36460600000001,0.034284,3945,53712.279019
31,14.087081,0.007507,11780.714166999998,407.6695990000001,2283.998046,40618.29277299996,73.36460600000001,0.034284,3945,53736.871528
31,14.087081,0.007507,11780.714166999998,407.6695990000001,2283.998046,40632.88504199996,73.36460600000001,0.034284,3945,53751.463911
31,14.087081,0.007507,11780.714166999998,407.6695990000001,2283.998046,40647.66726799996,73.36460600000001,0.034284,3945,53766.246227
31,14.087081,0.007507,11780.714166999998,407.6695990000001,2283.998046,40663.40979399996,73.36460600000001,0.034284,3945,53781.988841
31,14.087081,0.007507,11780.714166999998,407.6695990000001,2283.998046,40681.07750999997,73.36460600000001,0.034284,3945,53799.656695
31,14.087081,0.007507,11780.714166999998,407.6695990000001,2283.998046,40702.791545999964,73.36460600000001,0.034284,3945,53821.370833
31,14.087081,0.007507,11780.714166999998,407.6695990000001,2283.998046,40728.76911599997,73.36460600000001,0.034284,3945,53847.348537
31,14.087081,0.007507,11780.714166999998,407.6695990000001,2283.998046,40768.109167999966,73.36460600000001,0.034284,3945,53886.688727
31,14.087081,0.007507,11780.714166999998,407.6695990000001,2283.998046,40768.36990199997,73.36460600000001,0.034284,3945,53886.949667
31,14.087081,0.007507,11780.714166999998,407.6695990000001,2283.998046,40768.57643799997,73.36460600000001,0.034284,3945,53887.156506
31,14.087081,0.007507,11780.714166999998,407.6695990000001,2283.998046,40812.689525999966,73.36460600000001,0.034284,3945,53931.269791
31,14.087081,0.007507,11780.714166999998,407.6695990000001,2283.998046,40812.90555299997,73.36460600000001,0.034284,3945,53931.486042
31,14.087081,0.007507,11780.714166999998,407.6695990000001,2283.998046,40813.11040299997,73.36460600000001,0.034284,3945,53931.691085
31,14.087081,0.007507,11780.714166999998,407.6695990000001,2283.998046,40856.109296999966,73.36460600000001,0.034284,3945,53974.690129
31,14.087081,0.007507,11780.714166999998,407.6695990000001,2283.998046,40856.32041999997,73.36460600000001,0.034284,3945,53974.901376
31,14.087081,0.007507,11780.714166999998,407.6695990000001,2283.998046,40856.525279999965,73.36460600000001,0.034284,3945,53975.106392
31,14.087081,0.007507,11780.714166999998,407.6695990000001,2283.998046,40900.57386099997,73.36460600000001,0.034284,3945,54019.155102
31,14.087081,0.007507,11780.714166999998,407.6695990000001,2283.998046,40900.78446699997,73.36460600000001,0.034284,3945,54019.365819
31,14.087081,0.007507,11780.714166999998,407.6695990000001,2283.998046,40900.99128999997,73.36460600000001,0.034284,3945,54019.572789
31,14.087081,0.007507,11780.714166999998,407.6695990000001,2283.998046,40945.93607899997,73.36460600000001,0.034284,3945,54064.517715
31,14.087081,0.007507,11780.714166999998,407.6695990000001,2283.998046,40946.14349799997,73.36460600000001,0.034284,3945,54064.725233
31,14.087081,0.007507,11780.714166999998,407.6695990000001,2283.998046,40946.34998299997,73.36460600000001,0.034284,3945,54064.931848
31,14.087081,0.007507,11780.714166999998,407.6695990000001,2283.998046,40946.55613299997,73.36460600000001,0.034284,3945,54065.138108
31,14.087081,0.007507,11780.714166999998,407.6695990000001,2283.998046,40991.41182899997,73.36460600000001,0.034284,3945,54109.993913
31,14.087081,0.007507,11780.714166999998,407.6695990000001,2283.998046,40991.61503899997,73.36460600000001,0.034284,3945,54110.197205
31,14.087081,0.007507,11780.714166999998,407.6695990000001,2283.998046,40991.81997399997,73.36460600000001,0.034284,3945,54110.402237
31,14.087081,0.007507,11780.714166999998,407.6695990000001,2283.998046,41036.69938799997,73.36460600000001,0.034284,3945,54155.281762
31,14.087081,0.007507,11780.714166999998,407.6695990000001,2283.998046,41036.90367199997,73.36460600000001,0.034284,3945,54155.486159
31,14.087081,0.007507,11780.714166999998,407.6695990000001,2283.998046,41037.10980199997,73.36460600000001,0.034284,3945,54155.692397
31,14.087081,0.007507,11780.714166999998,407.6695990000001,2283.998046,41082.72766199997,73.36460600000001,0.034284,3945,54201.31039
31,14.087081,0.007507,11780.714166999998,407.6695990000001,2283.998046,41082.93326499997,73.36460600000001,0.034284,3945,54201.516073
31,14.087081,0.007507,11780.714166999998,407.6695990000001,2283.998046,41083.14030799997,73.36460600000001,0.034284,3945,54201.72322
31,14.087081,0.007507,11780.714166999998,407.6695990000001,2283.998046,41083.34650299997,73.36460600000001,0.034284,3945,54201.929525
31,14.087081,0.007507,11780.714166999998,407.6695990000001,2283.998046,41128.53360899997,73.36460600000001,0.034284,3945,54256.676538
31,14.087081,0.007507,11780.714166999998,407.6695990000001,2283.998046,41174.06520299997,73.36460600000001,0.034284,3945,54302.208243
31,14.087081,0.007507,11780.714166999998,407.6695990000001,2283.998046,41219.48731899997,73.36460600000001,0.034284,3945,54347.630438
31,14.087081,0.007507,11780.714166999998,407.6695990000001,2283.998046,41220.47558299997,73.36460600000001,0.034284,3945,54348.618783
31,14.087081,0.007507,11780.714166999998,407.6695990000001,2283.998046,41221.46007699997,73.36460600000001,0.034284,3945,54349.603386
31,14.087081,0.007507,11780.714166999998,407.6695990000001,2283.998046,41222.44879299997,73.36460600000001,0.034284,3945,54350.592214
31,14.087081,0.007507,11780.714166999998,407.6695990000001,2283.998046,41268.061407999965,73.36460600000001,0.034284,3945,54396.204939
31,14.087081,0.007507,11780.714166999998,407.6695990000001,2283.998046,41269.048963999965,73.36460600000001,0.034284,3945,54397.192572
31,14.087081,0.007507,11780.714166999998,407.6695990000001,2283.998046,41270.04094199996,73.36460600000001,0.034284,3945,54398.184664
31,14.087081,0.007507,11780.714166999998,407.6695990000001,2283.998046,41322.39794999996,73.36460600000001,0.034284,3945,54460.093045
31,14.087081,0.007507,11780.714166999998,407.6695990000001,2283.998046,41373.86117999996,73.36460600000001,0.034284,3945,54511.556355
31,14.087081,0.007507,11780.714166999998,407.6695990000001,2283.998046,41419.042561999966,73.36460600000001,0.034284,3945,54556.73782
31,14.087081,0.007507,11780.714166999998,407.6695990000001,2283.998046,41465.109872999965,73.36460600000001,0.034284,3945,54602.80522
31,14.087081,0.007507,11780.714166999998,407.6695990000001,2283.998046,41511.487728999964,73.36460600000001,0.034284,3945,54649.183159
31,14.087081,0.007507,11780.714166999998,407.6695990000001,2283.998046,41565.254241999966,73.36460600000001,0.034284,3945,54702.949762
31,14.087081,0.007507,11780.714166999998,407.6695990000001,2283.998046,41613.331310999965,73.36460600000001,0.034284,3945,54751.026973
31,14.087081,0.007507,11780.714166999998,407.6695990000001,2283.998046,41664.12219599997,73.36460600000001,0.034284,3945,54801.817965
31,14.087081,0.007507,11780.714166999998,407.6695990000001,2283.998046,41728.47345699997,73.36460600000001,0.034284,3945,54866.16935
31,14.087081,0.007507,11780.714166999998,407.6695990000001,2283.998046,41728.61274299997,73.36460600000001,0.034284,3945,54866.308799
31,14.087081,0.007507,11780.714166999998,407.6695990000001,2283.998046,41796.28054999997,73.36460600000001,0.034284,3945,54933.976932
31,14.087081,0.007507,11780.714166999998,407.6695990000001,2283.998046,41796.43084999997,73.36460600000001,0.034284,3945,54934.127437
31,14.087081,0.007507,11780.714166999998,407.6695990000001,2283.998046,41796.56959199997,73.36460600000001,0.034284,3945,54934.266352
31,14.087081,0.007507,11780.714166999998,407.6695990000001,2283.998046,41796.70253899997,73.36460600000001,0.034284,3945,54934.399427
31,14.087081,0.007507,11780.714166999998,407.6695990000001,2283.998046,41796.83085399997,73.36460600000001,0.034284,3945,54934.527845
31,14.087081,0.007507,11780.714166999998,407.6695990000001,2283.998046,41860.39159099997,73.36460600000001,0.034284,3945,54998.088696
31,14.087081,0.007507,11780.714166999998,407.6695990000001,2283.998046,41860.54121099997,73.36460600000001,0.034284,3945,54998.238422
31,14.087081,0.007507,11780.714166999998,407.6695990000001,2283.998046,41860.67075499997,73.36460600000001,0.034284,3945,54998.368078
31,14.087081,0.007507,11780.714166999998,407.6695990000001,2283.998046,41860.80103999997,73.36460600000001,0.034284,3945,54998.498455
31,14.087081,0.007507,11780.714166999998,407.6695990000001,2283.998046,41924.75226799997,73.36460600000001,0.034284,3945,55062.449768
31,14.087081,0.007507,11780.714166999998,407.6695990000001,2283.998046,41924.881323999965,73.36460600000001,0.034284,3945,55062.578961
31,14.087081,0.007507,11780.714166999998,407.6695990000001,2283.998046,41925.009549999966,73.36460600000001,0.034284,3945,55062.707457
31,14.087081,0.007507,11780.714166999998,407.6695990000001,2283.998046,41989.41211499996,73.36460600000001,0.034284,3945,55127.110152
31,14.087081,0.007507,11780.714166999998,407.6695990000001,2283.998046,41989.53973499996,73.36460600000001,0.034284,3945,55127.237854
31,14.087081,0.007507,11780.714166999998,407.6695990000001,2283.998046,41989.66677899996,73.36460600000001,0.034284,3945,55127.364986
31,14.087081,0.007507,11780.714166999998,407.6695990000001,2283.998046,42053.272359999966,73.36460600000001,0.034284,3945,55190.970705
31,14.087081,0.007507,11780.714166999998,407.6695990000001,2283.998046,42053.39989899997,73.36460600000001,0.034284,3945,55191.098322
31,14.087081,0.007507,11780.714166999998,407.6695990000001,2283.998046,42053.52800399997,73.36460600000001,0.034284,3945,55191.226514
31,14.087081,0.007507,11780.714166999998,407.6695990000001,2283.998046,42124.41704099997,73.36460600000001,0.034284,3945,55262.115628
31,14.087081,0.007507,11780.714166999998,407.6695990000001,2283.998046,42124.54681299997,73.36460600000001,0.034284,3945,55262.245514
31,14.087081,0.007507,11780.714166999998,407.6695990000001,2283.998046,42124.67685399997,73.36460600000001,0.034284,3945,55262.375672
31,14.087081,0.007507,11780.714166999998,407.6695990000001,2283.998046,42188.094057999966,73.36460600000001,0.034284,3945,55335.330967
31,14.087081,0.007507,11780.714166999998,407.6695990000001,2283.998046,42251.65458699997,73.36460600000001,0.034284,3945,55398.891575
31,14.087081,0.007507,11780.714166999998,407.6695990000001,2283.998046,42315.54759999997,73.36460600000001,0.034284,3945,55462.784666
31,14.087081,0.007507,11780.714166999998,407.6695990000001,2283.998046,42387.19105799997,73.36460600000001,0.034284,3945,55534.428237
31,14.087081,0.007507,11780.714166999998,407.6695990000001,2283.998046,42460.22033899997,73.36460600000001,0.034284,3945,55607.457602
31,14.087081,0.007507,11780.714166999998,407.6695990000001,2283.998046,42524.98599299997,73.36460600000001,0.034284,3945,55672.223349
31,14.087081,0.007507,11780.714166999998,407.6695990000001,2283.998046,42597.44778099997,73.36460600000001,0.034284,3945,55744.685242
31,14.087081,0.007507,11780.714166999998,407.6695990000001,2283.998046,42669.34014099997,73.36460600000001,0.034284,3945,55816.577711
31,14.087081,0.007507,11780.714166999998,407.6695990000001,2283.998046,42745.48285399997,73.36460600000001,0.034284,3945,55892.720557
31,14.087081,0.007507,11780.714166999998,407.6695990000001,2283.998046,42833.590751999975,73.36460600000001,0.034284,3945,55980.828616
31,14.087081,0.007507,11780.714166999998,407.6695990000001,2283.998046,42926.14407999998,73.36460600000001,0.034284,3945,56073.382088
31,14.087081,0.007507,11780.714166999998,407.6695990000001,2376.551605,42926.14407999998,73.36460600000001,0.034284,3945,56073.382319
31,14.087081,0.007507,11780.714166999998,407.6695990000001,2376.551605,42926.14407999998,73.36460600000001,0.034284,3941,56073.382337
31,14.087081,0.007507,11869.910820999998,407.6695990000001,2376.551605,42926.14407999998,73.36460600000001,0.034284,3941,56162.579003
31,14.087081,0.007507,11869.910820999998,407.6695990000001,2376.551605,42926.14407999998,73.36460600000001,0.035155,3941,56162.58022
31,14.087081,0.007507,11869.910820999998,407.6695990000001,2376.551605,42926.14407999998,73.36460600000001,0.035155,3954,56162.580244
32,14.087081,0.007507,11965.901787999997,407.6695990000001,2376.551605,42926.14407999998,73.36460600000001,0.035155,3954,56258.571291
32,14.087081,0.007507,11965.901787999997,407.6695990000001,2376.551605,42926.14407999998,75.64160400000002,0.035155,3954,56260.84855
32,14.087081,0.007507,11965.901787999997,407.6695990000001,2376.551605,42926.14407999998,75.64160400000002,0.035155,3944,56260.848644
32,14.087081,0.007507,12060.726397999997,407.6695990000001,2376.551605,42926.14407999998,75.64160400000002,0.035155,3944,56355.673428
32,14.087081,0.007507,12060.726397999997,407.6695990000001,2376.551605,42926.14407999998,75.64160400000002,0.035594,3944,56355.674175
32,14.087081,0.007507,12060.726397999997,407.6695990000001,2376.551605,42926.14407999998,75.64160400000002,0.035594,3957,56355.674202
33,14.087081,0.007507,12157.147338999997,407.6695990000001,2376.551605,42926.14407999998,75.64160400000002,0.035594,3957,56452.09528
33,14.087081,0.007507,12157.147338999997,407.6695990000001,2376.551605,42926.14407999998,77.73301400000001,0.035594,3957,56454.18694
33,14.087081,0.007507,12157.147338999997,407.6695990000001,2376.551605,42926.14407999998,77.73301400000001,0.035594,3943,56454.18702
33,14.087081,0.007507,12267.928379999998,407.6695990000001,2376.551605,42926.14407999998,77.73301400000001,0.035594,3943,56564.968212
33,14.087081,0.007507,12267.928379999998,526.0854940000002,2376.551605,42926.14407999998,77.73301400000001,0.035594,3943,56683.384474
33,14.087081,0.007507,12267.928379999998,526.0854940000002,2376.551605,42938.17583399998,77.73301400000001,0.035594,3943,56695.423251
33,14.087081,0.007507,12267.928379999998,526.0854940000002,2376.551605,42947.98963599998,77.73301400000001,0.035594,3943,56705.237124
33,14.087081,0.007507,12267.928379999998,526.0854940000002,2376.551605,42961.906264999976,77.73301400000001,0.035594,3943,56719.153828
33,14.087081,0.007507,12267.928379999998,526.0854940000002,2376.551605,42969.03199999998,77.73301400000001,0.035594,3943,56726.279636
33,14.087081,0.007507,12267.928379999998,526.0854940000002,2376.551605,42977.313735999975,77.73301400000001,0.035594,3943,56734.561453
33,14.087081,0.007507,12267.928379999998,526.0854940000002,2376.551605,42984.821624999975,77.73301400000001,0.035594,3943,56742.06943
33,14.087081,0.007507,12267.928379999998,526.0854940000002,2376.551605,42991.60797399998,77.73301400000001,0.035594,3943,56748.855867
33,14.087081,0.007507,12267.928379999998,526.0854940000002,2376.551605,43001.423344999974,77.73301400000001,0.035594,3943,56758.671337
33,14.087081,0.007507,12267.928379999998,526.0854940000002,2376.551605,43018.594531999974,77.73301400000001,0.035594,3943,56775.842642
33,14.087081,0.007507,12267.928379999998,526.0854940000002,2376.551605,43047.59985699997,77.73301400000001,0.035594,3943,56804.84812
33,14.087081,0.007507,12267.928379999998,526.0854940000002,2376.551605,43048.62874199997,77.73301400000001,0.035594,3943,56805.877209
33,14.087081,0.007507,12267.928379999998,526.0854940000002,2376.551605,43090.016987999974,77.73301400000001,0.035594,3943,56847.265715
33,14.087081,0.007507,12267.928379999998,526.0854940000002,2376.551605,43090.25289699998,77.73301400000001,0.035594,3943,56847.501967
33,14.087081,0.007507,12267.928379999998,526.0854940000002,2376.551605,43090.450855999974,77.73301400000001,0.035594,3943,56847.70088
33,14.087081,0.007507,12267.928379999998,526.0854940000002,2376.551605,43090.614562999974,77.73301400000001,0.035594,3943,56847.864883
33,14.087081,0.007507,12267.928379999998,526.0854940000002,2376.551605,43143.04209999998,77.73301400000001,0.035594,3943,56900.292575
33,14.087081,0.007507,12267.928379999998,526.0854940000002,2376.551605,43143.227400999975,77.73301400000001,0.035594,3943,56900.478064
33,14.087081,0.007507,12267.928379999998,526.0854940000002,2376.551605,43143.39088199998,77.73301400000001,0.035594,3943,56900.641707
33,14.087081,0.007507,12267.928379999998,526.0854940000002,2376.551605,43197.165227999976,77.73301400000001,0.035594,3943,56954.416177
33,14.087081,0.007507,12267.928379999998,526.0854940000002,2376.551605,43197.33223299998,77.73301400000001,0.035594,3943,56954.583291
33,14.087081,0.007507,12267.928379999998,526.0854940000002,2376.551605,43197.49779899998,77.73301400000001,0.035594,3943,56954.748994
33,14.087081,0.007507,12267.928379999998,526.0854940000002,2376.551605,43197.65791599998,77.73301400000001,0.035594,3943,56954.909235
33,14.087081,0.007507,12267.928379999998,526.0854940000002,2376.551605,43197.81805399998,77.73301400000001,0.035594,3943,56955.069489
33,14.087081,0.007507,12267.928379999998,526.0854940000002,2376.551605,43197.97730599998,77.73301400000001,0.035594,3943,56955.228845
33,14.087081,0.007507,12267.928379999998,526.0854940000002,2376.551605,43198.13723899998,77.73301400000001,0.035594,3943,56955.388877
33,14.087081,0.007507,12267.928379999998,526.0854940000002,2376.551605,43198.29562999998,77.73301400000001,0.035594,3943,56955.547357
33,14.087081,0.007507,12267.928379999998,526.0854940000002,2376.551605,43198.455160999976,77.73301400000001,0.035594,3943,56955.706988
33,14.087081,0.007507,12267.928379999998,526.0854940000002,2376.551605,43198.566228999975,77.73301400000001,0.035594,3943,57070.215999
33,14.087081,0.007507,12267.928379999998,526.0854940000002,2376.551605,43253.45118799998,77.73301400000001,0.035594,3943,57244.184181
33,14.087081,0.007507,12267.928379999998,526.0854940000002,2376.551605,43300.87025199998,77.73301400000001,0.035594,3943,57291.603325
33,14.087081,0.007507,12267.928379999998,526.0854940000002,2376.551605,43346.42584099998,77.73301400000001,0.035594,3943,57337.158993
33,14.087081,0.007507,12267.928379999998,526.0854940000002,2376.551605,43392.390559999985,77.73301400000001,0.035594,3943,57383.123794
33,14.087081,0.007507,12267.928379999998,526.0854940000002,2376.551605,43439.26633999999,77.73301400000001,0.035594,3943,57429.99966
33,14.087081,0.007507,12267.928379999998,526.0854940000002,2376.551605,43494.769342999985,77.73301400000001,0.035594,3943,57485.502753
33,14.087081,0.007507,12267.928379999998,526.0854940000002,2376.551605,43552.05081099999,77.73301400000001,0.035594,3943,57542.784316
33,14.087081,0.007507,12267.928379999998,526.0854940000002,2376.551605,43552.196163999986,77.73301400000001,0.035594,3943,57542.929817
33,14.087081,0.007507,12267.928379999998,526.0854940000002,2376.551605,43552.33919699999,77.73301400000001,0.035594,3943,57543.073028
33,14.087081,0.007507,12267.928379999998,526.0854940000002,2376.551605,43610.49515699998,77.73301400000001,0.035594,3943,57601.229144
33,14.087081,0.007507,12267.928379999998,526.0854940000002,2376.551605,43610.640323999985,77.73301400000001,0.035594,3943,57601.374405
33,14.087081,0.007507,12267.928379999998,526.0854940000002,2376.551605,43610.783268999985,77.73301400000001,0.035594,3943,57601.517458
33,14.087081,0.007507,12267.928379999998,526.0854940000002,2376.551605,43662.82898799999,77.73301400000001,0.035594,3943,57653.563294
33,14.087081,0.007507,12267.928379999998,526.0854940000002,2376.551605,43662.99536599999,77.73301400000001,0.035594,3943,57653.729798
33,14.087081,0.007507,12267.928379999998,526.0854940000002,2376.551605,43663.15245899999,77.73301400000001,0.035594,3943,57653.887041
33,14.087081,0.007507,12267.928379999998,526.0854940000002,2376.551605,43663.29548199999,77.73301400000001,0.035594,3943,57654.030209
33,14.087081,0.007507,12267.928379999998,526.0854940000002,2376.551605,43663.43864299999,77.73301400000001,0.035594,3943,57654.173511
33,14.087081,0.007507,12267.928379999998,526.0854940000002,2376.551605,43713.499758999984,77.73301400000001,0.035594,3943,57704.234761
33,14.087081,0.007507,12267.928379999998,526.0854940000002,2376.551605,43713.64132599998,77.73301400000001,0.035594,3943,57704.376409
33,14.087081,0.007507,12267.928379999998,526.0854940000002,2376.551605,43713.782536999985,77.73301400000001,0.035594,3943,57704.517706
33,14.087081,0.007507,12267.928379999998,526.0854940000002,2376.551605,43713.92408199998,77.73301400000001,0.035594,3943,57704.659333
33,14.087081,0.007507,12267.928379999998,526.0854940000002,2376.551605,43770.888433999986,77.73301400000001,0.035594,3943,57881.306998
33,14.087081,0.007507,12267.928379999998,526.0854940000002,2376.551605,43822.36746799999,77.73301400000001,0.035594,3943,57932.78611
33,14.087081,0.007507,12267.928379999998,526.0854940000002,2376.551605,43873.54419199999,77.73301400000001,0.035594,3943,57983.962918
33,14.087081,0.007507,12267.928379999998,526.0854940000002,2376.551605,43873.794827999984,77.73301400000001,0.035594,3943,57984.213638
33,14.087081,0.007507,12267.928379999998,526.0854940000002,2376.551605,43874.04698999998,77.73301400000001,0.035594,3943,57984.465917
33,14.087081,0.007507,12267.928379999998,526.0854940000002,2376.551605,43874.29816499998,77.73301400000001,0.035594,3943,57984.717188
33,14.087081,0.007507,12267.928379999998,526.0854940000002,2376.551605,43874.550629999976,77.73301400000001,0.035594,3943,57984.969758
33,14.087081,0.007507,12267.928379999998,526.0854940000002,2376.551605,43931.48227399997,77.73301400000001,0.035594,3943,58156.182085
33,14.087081,0.007507,12267.928379999998,526.0854940000002,2376.551605,43981.285796999975,77.73301400000001,0.035594,3943,58205.985692
33,14.087081,0.007507,12267.928379999998,526.0854940000002,2376.551605,44037.71163399998,77.73301400000001,0.035594,3943,58262.411608
33,14.087081,0.007507,12267.928379999998,526.0854940000002,2376.551605,44088.45738299998,77.73301400000001,0.035594,3943,58313.157442
33,14.087081,0.007507,12267.928379999998,526.0854940000002,2376.551605,44145.86105799998,77.73301400000001,0.035594,3943,58370.561204
33,14.087081,0.007507,12267.928379999998,526.0854940000002,2376.551605,44204.22456699998,77.73301400000001,0.035594,3943,58428.924802
33,14.087081,0.007507,12267.928379999998,526.0854940000002,2376.551605,44257.643674999985,77.73301400000001,0.035594,3943,58482.344013
33,14.087081,0.007507,12267.928379999998,526.0854940000002,2376.551605,44315.139094999984,77.73301400000001,0.035594,3943,58539.839538
33,14.087081,0.007507,12267.928379999998,526.0854940000002,2376.551605,44378.81227699998,77.73301400000001,0.035594,3943,58603.512899
33,14.087081,0.007507,12267.928379999998,526.0854940000002,2376.551605,44398.787522999985,77.73301400000001,0.035594,3943,58623.488325
33,14.087081,0.007507,12267.928379999998,526.0854940000002,2376.551605,44467.66035799999,77.73301400000001,0.035594,3943,58692.361663
33,14.087081,0.007507,12267.928379999998,526.0854940000002,2376.551605,44468.01868599999,77.73301400000001,0.035594,3943,58692.72013
33,14.087081,0.007507,12267.928379999998,526.0854940000002,2376.551605,44468.36594599999,77.73301400000001,0.035594,3943,58693.067595
33,14.087081,0.007507,12267.928379999998,526.0854940000002,2376.551605,44630.190769999994,77.73301400000001,0.035594,3943,58854.892659
33,14.087081,0.007507,12267.928379999998,526.0854940000002,2376.551605,44630.53966899999,77.73301400000001,0.035594,3943,58855.241677
33,14.087081,0.007507,12267.928379999998,526.0854940000002,2376.551605,44630.87934099999,77.73301400000001,0.035594,3943,58855.581484
33,14.087081,0.007507,12267.928379999998,526.0854940000002,2376.551605,44631.219872999995,77.73301400000001,0.035594,3943,58855.922164
33,14.087081,0.007507,12267.928379999998,526.0854940000002,2376.551605,44796.406628,77.73301400000001,0.035594,3943,59021.10903
33,14.087081,0.007507,12267.928379999998,526.0854940000002,2376.551605,44796.751177,77.73301400000001,0.035594,3943,59021.453676
33,14.087081,0.007507,12267.928379999998,526.0854940000002,2376.551605,44797.094837,77.73301400000001,0.035594,3943,59021.79744
33,14.087081,0.007507,12267.928379999998,526.0854940000002,2376.551605,44962.273644999994,77.73301400000001,0.035594,3943,59186.976365
33,14.087081,0.007507,12267.928379999998,526.0854940000002,2376.551605,44962.611258,77.73301400000001,0.035594,3943,59187.314069
33,14.087081,0.007507,12267.928379999998,526.0854940000002,2376.551605,44962.957931,77.73301400000001,0.035594,3943,59187.660925
33,14.087081,0.007507,12267.928379999998,526.0854940000002,2376.551605,45127.590631,77.73301400000001,0.035594,3943,59352.293731
33,14.087081,0.007507,12267.928379999998,526.0854940000002,2376.551605,45127.931288,77.73301400000001,0.035594,3943,59352.634476
33,14.087081,0.007507,12267.928379999998,526.0854940000002,2376.551605,45128.278945,77.73301400000001,0.035594,3943,59352.982223
33,14.087081,0.007507,12267.928379999998,526.0854940000002,2376.551605,45296.559852,77.73301400000001,0.035594,3943,59521.263239
33,14.087081,0.007507,12267.928379999998,526.0854940000002,2376.551605,45296.898799999995,77.73301400000001,0.035594,3943,59521.60227
33,14.087081,0.007507,12267.928379999998,526.0854940000002,2376.551605,45297.24597899999,77.73301400000001,0.035594,3943,59521.949567
33,14.087081,0.007507,12267.928379999998,526.0854940000002,2376.551605,45297.59011699999,77.73301400000001,0.035594,3943,59522.293795
33,14.087081,0.007507,12267.928379999998,526.0854940000002,2376.551605,45466.22392499999,77.73301400000001,0.035594,3943,59690.927683
33,14.087081,0.007507,12267.928379999998,526.0854940000002,2376.551605,45466.56893599999,77.73301400000001,0.035594,3943,59691.272773
33,14.087081,0.007507,12267.928379999998,526.0854940000002,2376.551605,45466.913150999986,77.73301400000001,0.035594,3943,59691.617065
33,14.087081,0.007507,12267.928379999998,526.0854940000002,2376.551605,45634.75043899999,77.73301400000001,0.035594,3943,59976.50163
33,14.087081,0.007507,12267.928379999998,526.0854940000002,2376.551605,45804.83405199999,77.73301400000001,0.035594,3943,60146.58532
33,14.087081,0.007507,12267.928379999998,526.0854940000002,2376.551605,45976.49192699999,77.73301400000001,0.035594,3943,60318.243276
33,14.087081,0.007507,12267.928379999998,526.0854940000002,2376.551605,46153.57132099999,77.73301400000001,0.035594,3943,60495.322754
33,14.087081,0.007507,12267.928379999998,526.0854940000002,2376.551605,46323.08063499999,77.73301400000001,0.035594,3943,60664.832155
33,14.087081,0.007507,12267.928379999998,526.0854940000002,2376.551605,46494.335887999994,77.73301400000001,0.035594,3943,60836.087501
33,14.087081,0.007507,12267.928379999998,526.0854940000002,2376.551605,46495.15706599999,77.73301400000001,0.035594,3943,60836.90878
33,14.087081,0.007507,12267.928379999998,526.0854940000002,2376.551605,46673.55546599999,77.73301400000001,0.035594,3943,61015.307278
33,14.087081,0.007507,12267.928379999998,526.0854940000002,2376.551605,46852.27121099999,77.73301400000001,0.035594,3943,61194.023133
33,14.087081,0.007507,12267.928379999998,526.0854940000002,2376.551605,47036.078515999994,77.73301400000001,0.035594,3943,61377.830554
33,14.087081,0.007507,12267.928379999998,526.0854940000002,2376.551605,47232.714654999996,77.73301400000001,0.035594,3943,61574.46682
33,14.087081,0.007507,12267.928379999998,526.0854940000002,2376.551605,47446.464576,77.73301400000001,0.035594,3943,61788.21697
33,14.087081,0.007507,12267.928379999998,526.0854940000002,2376.551605,47660.889334,77.73301400000001,0.035594,3943,62002.641816
33,14.087081,0.007507,12267.928379999998,526.0854940000002,2590.976576,47660.889334,77.73301400000001,0.035594,3943,62002.642029
33,14.087081,0.007507,12267.928379999998,526.0854940000002,2590.976576,47660.889334,77.73301400000001,0.035594,3938,62002.642048
33,14.087081,0.007507,12484.417134999998,526.0854940000002,2590.976576,47660.889334,77.73301400000001,0.035594,3938,62219.130814
33,14.087081,0.007507,12484.417134999998,526.0854940000002,2590.976576,47660.889334,115.55705,0.035594,3938,62256.955119
33,14.087081,0.007507,12484.417134999998,526.0854940000002,2590.976576,47660.889334,115.55705,0.035594,3906,62256.955203
33,14.087081,0.007507,12702.464446999998,526.0854940000002,2590.976576,47660.889334,115.55705,0.035594,3906,62475.002679
33,14.087081,0.007507,12702.464446999998,526.0854940000002,2590.976576,47660.889334,115.55705,0.036475,3906,62475.003867
33,14.087081,0.007507,12702.464446999998,526.0854940000002,2590.976576,47660.889334,115.55705,0.036475,3917,62475.003898
34,14.087081,0.007507,12919.615651999999,526.0854940000002,2590.976576,47660.889334,115.55705,0.036475,3917,62692.155182
34,14.087081,0.007507,12919.615651999999,526.0854940000002,2590.976576,47660.889334,174.695793,0.036475,3917,62751.294223
34,14.087081,0.007507,12919.615651999999,526.0854940000002,2590.976576,47660.889334,174.695793,0.036475,3900,62751.294308
34,14.087081,0.007507,13030.771250999998,526.0854940000002,2590.976576,47660.889334,174.695793,0.036475,3900,62862.450083
34,14.087081,0.007507,13030.771250999998,640.3932970000002,2590.976576,47660.889334,174.695793,0.036475,3900,62976.758008
34,14.087081,0.007507,13030.771250999998,640.3932970000002,2590.976576,47675.303366,174.695793,0.036475,3900,62991.176142
34,14.087081,0.007507,13030.771250999998,640.3932970000002,2590.976576,47688.411233,174.695793,0.036475,3900,63004.284086
34,14.087081,0.007507,13030.771250999998,640.3932970000002,2590.976576,47696.993023999996,174.695793,0.036475,3900,63012.865958
34,14.087081,0.007507,13030.771250999998,640.3932970000002,2590.976576,47703.583622,174.695793,0.036475,3900,63019.456636
34,14.087081,0.007507,13030.771250999998,640.3932970000002,2590.976576,47712.959505,174.695793,0.036475,3900,63028.832599
34,14.087081,0.007507,13030.771250999998,640.3932970000002,2590.976576,47724.683144,174.695793,0.036475,3900,63040.556357
34,14.087081,0.007507,13030.771250999998,640.3932970000002,2590.976576,47732.313175,174.695793,0.036475,3900,63048.186479
34,14.087081,0.007507,13030.771250999998,640.3932970000002,2590.976576,47753.226506000006,174.695793,0.036475,3900,63069.09991
34,14.087081,0.007507,13030.771250999998,640.3932970000002,2590.976576,47772.42014000001,174.695793,0.036475,3900,63088.293666
34,14.087081,0.007507,13030.771250999998,640.3932970000002,2590.976576,47804.14975200001,174.695793,0.036475,3900,63120.023425
34,14.087081,0.007507,13030.771250999998,640.3932970000002,2590.976576,47805.253952000014,174.695793,0.036475,3900,63121.127836
34,14.087081,0.007507,13030.771250999998,640.3932970000002,2590.976576,47805.39280800001,174.695793,0.036475,3900,63121.267082
34,14.087081,0.007507,13030.771250999998,640.3932970000002,2590.976576,47852.62938100001,174.695793,0.036475,3900,63168.503931
34,14.087081,0.007507,13030.771250999998,640.3932970000002,2590.976576,47852.78773700001,174.695793,0.036475,3900,63168.662433
34,14.087081,0.007507,13030.771250999998,640.3932970000002,2590.976576,47852.92541300001,174.695793,0.036475,3900,63168.800298
34,14.087081,0.007507,13030.771250999998,640.3932970000002,2590.976576,47853.05230100001,174.695793,0.036475,3900,63168.927344
34,14.087081,0.007507,13030.771250999998,640.3932970000002,2590.976576,47853.17460500001,174.695793,0.036475,3900,63169.049789
34,14.087081,0.007507,13030.771250999998,640.3932970000002,2590.976576,47853.29290700001,174.695793,0.036475,3900,63169.1682
34,14.087081,0.007507,13030.771250999998,640.3932970000002,2590.976576,47853.40854500001,174.695793,0.036475,3900,63169.283932
34,14.087081,0.007507,13030.771250999998,640.3932970000002,2590.976576,47853.52399400001,174.695793,0.036475,3900,63169.399464
34,14.087081,0.007507,13030.771250999998,640.3932970000002,2590.976576,47853.64157900001,174.695793,0.036475,3900,63169.517185
34,14.087081,0.007507,13030.771250999998,640.3932970000002,2590.976576,47853.75847800001,174.695793,0.036475,3900,63169.634202
34,14.087081,0.007507,13030.771250999998,640.3932970000002,2590.976576,47893.20713100001,174.695793,0.036475,3900,63209.082954
34,14.087081,0.007507,13030.771250999998,640.3932970000002,2590.976576,47893.32294500001,174.695793,0.036475,3900,63209.198855
34,14.087081,0.007507,13030.771250999998,640.3932970000002,2590.976576,47893.44058200001,174.695793,0.036475,3900,63209.316595
34,14.087081,0.007507,13030.771250999998,640.3932970000002,2590.976576,47935.29890200001,174.695793,0.036475,3900,63360.466803
34,14.087081,0.007507,13030.771250999998,640.3932970000002,2590.976576,47974.42639200001,174.695793,0.036475,3900,63399.594376
34,14.087081,0.007507,13030.771250999998,640.3932970000002,2590.976576,48014.59826300001,174.695793,0.036475,3900,63439.766362
34,14.087081,0.007507,13030.771250999998,640.3932970000002,2590.976576,48062.608314000005,174.695793,0.036475,3900,63487.776494
34,14.087081,0.007507,13030.771250999998,640.3932970000002,2590.976576,48103.685101,174.695793,0.036475,3900,63528.853367
34,14.087081,0.007507,13030.771250999998,640.3932970000002,2590.976576,48153.714901,174.695793,0.036475,3900,63578.883257
34,14.087081,0.007507,13030.771250999998,640.3932970000002,2590.976576,48196.619677,174.695793,0.036475,3900,63621.788137
34,14.087081,0.007507,13030.771250999998,640.3932970000002,2590.976576,48243.532769000005,174.695793,0.036475,3900,63668.701388
34,14.087081,0.007507,13030.771250999998,640.3932970000002,2590.976576,48303.65936800001,174.695793,0.036475,3900,63728.828258
34,14.087081,0.007507,13030.771250999998,640.3932970000002,2590.976576,48376.73595500001,174.695793,0.036475,3900,63801.904985
34,14.087081,0.007507,13030.771250999998,640.3932970000002,2590.976576,48472.27331100001,174.695793,0.036475,3900,63897.442551
34,14.087081,0.007507,13030.771250999998,640.3932970000002,2590.976576,48583.66386800001,174.695793,0.036475,3900,64008.833281
34,14.087081,0.007507,13030.771250999998,640.3932970000002,2702.367383,48583.66386800001,174.695793,0.036475,3900,64008.833531
34,14.087081,0.007507,13030.771250999998,640.3932970000002,2702.367383,48583.66386800001,174.695793,0.036475,3899,64008.833551
34,14.087081,0.007507,13139.908924999998,640.3932970000002,2702.367383,48583.66386800001,174.695793,0.036475,3899,64117.971236
34,14.087081,0.007507,13139.908924999998,640.3932970000002,2702.367383,48583.66386800001,174.695793,0.036475,3901,64117.971626
35,14.087081,0.007507,13143.505142999998,640.3932970000002,2702.367383,48583.66386800001,174.695793,0.036475,3901,64121.567938
35,14.087081,0.007507,13143.505142999998,640.3932970000002,2702.367383,48583.66386800001,174.695793,0.037806,3901,64121.569504
35,14.087081,0.007507,13143.505142999998,640.3932970000002,2702.367383,48583.66386800001,174.695793,0.037806,3912,64121.56953
36,14.087081,0.007507,13147.153992999998,640.3932970000002,2702.367383,48583.66386800001,174.695793,0.037806,3912,64125.218453
36,14.087081,0.007507,13147.153992999998,640.3932970000002,2702.367383,48583.66386800001,174.799646,0.037806,3912,64125.322447
36,14.087081,0.007507,13147.153992999998,640.3932970000002,2702.367383,48583.66386800001,174.799646,0.037806,3911,64125.32253
36,14.087081,0.007507,13258.251349999999,640.3932970000002,2702.367383,48583.66386800001,174.799646,0.037806,3911,64236.419977
36,14.087081,0.007507,13258.251349999999,640.3932970000002,2702.367383,48583.66386800001,174.799646,0.038263,3911,64236.420763
36,14.087081,0.007507,13258.251349999999,640.3932970000002,2702.367383,48583.66386800001,174.799646,0.038263,3920,64236.420786
37,14.087081,0.007507,13375.297337999998,640.3932970000002,2702.367383,48583.66386800001,174.799646,0.038263,3920,64353.466847
37,14.087081,0.007507,13375.297337999998,640.3932970000002,2702.367383,48583.66386800001,182.068133,0.038263,3920,64360.735657
37,14.087081,0.007507,13375.297337999998,640.3932970000002,2702.367383,48583.66386800001,182.068133,0.038263,3907,64360.735735
37,14.087081,0.007507,13518.591497999998,640.3932970000002,2702.367383,48583.66386800001,182.068133,0.038263,3907,64504.0301
37,14.087081,0.007507,13518.591497999998,640.3932970000002,2702.367383,48583.66386800001,182.068133,0.038322999999999996,3907,64504.03055
37,14.087081,0.007507,13518.591497999998,640.3932970000002,2702.367383,48583.66386800001,182.068133,0.038322999999999996,3916,64504.030572
38,14.087081,0.007507,13664.286768999998,640.3932970000002,2702.367383,48583.66386800001,182.068133,0.038322999999999996,3916,64649.725921
38,14.087081,0.007507,13664.286768999998,640.3932970000002,2702.367383,48583.66386800001,193.18791399999998,0.038322999999999996,3916,64660.846035
38,14.087081,0.007507,13664.286768999998,640.3932970000002,2702.367383,48583.66386800001,193.18791399999998,0.038322999999999996,3901,64660.846119
38,14.087081,0.007507,13795.495966999999,640.3932970000002,2702.367383,48583.66386800001,193.18791399999998,0.038322999999999996,3901,64792.055557
38,14.087081,0.007507,13795.495966999999,640.3932970000002,2702.367383,48583.66386800001,193.18791399999998,0.038408,3901,64792.056272
38,14.087081,0.007507,13795.495966999999,640.3932970000002,2702.367383,48583.66386800001,193.18791399999998,0.038408,3907,64792.056309
39,14.087081,0.007507,13923.347757,640.3932970000002,2702.367383,48583.66386800001,193.18791399999998,0.038408,3907,64919.908225
39,14.087081,0.007507,13923.347757,640.3932970000002,2702.367383,48583.66386800001,203.67979599999998,0.038408,3907,64930.400424
39,14.087081,0.007507,13923.347757,640.3932970000002,2702.367383,48583.66386800001,203.67979599999998,0.038408,3903,64930.400514
39,14.087081,0.007507,14021.218626,640.3932970000002,2702.367383,48583.66386800001,203.67979599999998,0.038408,3903,65028.271606
39,14.087081,0.007507,14021.218626,650.7462510000001,2702.367383,48583.66386800001,203.67979599999998,0.038408,3903,65038.624672
39,14.087081,0.007507,14021.218626,650.7462510000001,2702.367383,48598.70113300001,203.67979599999998,0.038408,3903,65053.666006
39,14.087081,0.007507,14021.218626,650.7462510000001,2702.367383,48604.61142800001,203.67979599999998,0.038408,3903,65059.576378
39,14.087081,0.007507,14021.218626,650.7462510000001,2702.367383,48611.13501700001,203.67979599999998,0.038408,3903,65066.100068
39,14.087081,0.007507,14021.218626,650.7462510000001,2702.367383,48619.921609000005,203.67979599999998,0.038408,3903,65074.886737
39,14.087081,0.007507,14021.218626,650.7462510000001,2702.367383,48627.14552300001,203.67979599999998,0.038408,3903,65082.110766
39,14.087081,0.007507,14021.218626,650.7462510000001,2702.367383,48635.60089000001,203.67979599999998,0.038408,3903,65090.566217
39,14.087081,0.007507,14021.218626,650.7462510000001,2702.367383,48642.80966900001,203.67979599999998,0.038408,3903,65097.775086
39,14.087081,0.007507,14021.218626,650.7462510000001,2702.367383,48653.56037400001,203.67979599999998,0.038408,3903,65108.525892
39,14.087081,0.007507,14021.218626,650.7462510000001,2702.367383,48672.884729000005,203.67979599999998,0.038408,3903,65127.850515
39,14.087081,0.007507,14021.218626,650.7462510000001,2702.367383,48709.581547,203.67979599999998,0.038408,3903,65164.547484
39,14.087081,0.007507,14021.218626,650.7462510000001,2702.367383,48778.888247,203.67979599999998,0.038408,3903,65233.854393
39,14.087081,0.007507,14021.218626,650.7462510000001,2702.367383,48778.973589,203.67979599999998,0.038408,3903,65233.941087
39,14.087081,0.007507,14021.218626,650.7462510000001,2702.367383,48885.515278,203.67979599999998,0.038408,3903,65340.483132
39,14.087081,0.007507,14021.218626,650.7462510000001,2702.367383,48885.602363,203.67979599999998,0.038408,3903,65340.570481
39,14.087081,0.007507,14021.218626,650.7462510000001,2702.367383,48885.6889,203.67979599999998,0.038408,3903,65340.657291
39,14.087081,0.007507,14021.218626,650.7462510000001,2702.367383,48885.767924,203.67979599999998,0.038408,3903,65340.736544
39,14.087081,0.007507,14021.218626,650.7462510000001,2702.367383,48885.840939,203.67979599999998,0.038408,3903,65340.809721
39,14.087081,0.007507,14021.218626,650.7462510000001,2702.367383,48885.91098,203.67979599999998,0.038408,3903,65340.87989
39,14.087081,0.007507,14021.218626,650.7462510000001,2702.367383,48885.979803,203.67979599999998,0.038408,3903,65340.948815
39,14.087081,0.007507,14021.218626,650.7462510000001,2702.367383,48993.716555,203.67979599999998,0.038408,3903,65448.685657
39,14.087081,0.007507,14021.218626,650.7462510000001,2702.367383,48993.78629,203.67979599999998,0.038408,3903,65448.755539
39,14.087081,0.007507,14021.218626,650.7462510000001,2702.367383,48993.85655999999,203.67979599999998,0.038408,3903,65448.825946
39,14.087081,0.007507,14021.218626,650.7462510000001,2702.367383,48993.92502799999,203.67979599999998,0.038408,3903,65448.894504
39,14.087081,0.007507,14021.218626,650.7462510000001,2702.367383,48993.99385199999,203.67979599999998,0.038408,3903,65448.96341
39,14.087081,0.007507,14021.218626,650.7462510000001,2702.367383,48994.064633999995,203.67979599999998,0.038408,3903,65449.034268
39,14.087081,0.007507,14021.218626,650.7462510000001,2702.367383,49101.802702999994,203.67979599999998,0.038408,3903,65556.77241
39,14.087081,0.007507,14021.218626,650.7462510000001,2702.367383,49101.871328999994,203.67979599999998,0.038408,3903,65556.841116
39,14.087081,0.007507,14021.218626,650.7462510000001,2702.367383,49101.941716999994,203.67979599999998,0.038408,3903,65556.911582
39,14.087081,0.007507,14021.218626,650.7462510000001,2702.367383,49204.85105499999,203.67979599999998,0.038408,3903,65659.820991
39,14.087081,0.007507,14021.218626,650.7462510000001,2702.367383,49204.92182299999,203.67979599999998,0.038408,3903,65659.891842
39,14.087081,0.007507,14021.218626,650.7462510000001,2702.367383,49204.99246699999,203.67979599999998,0.038408,3903,65659.962561
39,14.087081,0.007507,14021.218626,650.7462510000001,2702.367383,49314.67869399999,203.67979599999998,0.038408,3903,65778.661068
39,14.087081,0.007507,14021.218626,650.7462510000001,2702.367383,49314.74787599999,203.67979599999998,0.038408,3903,65778.730366
39,14.087081,0.007507,14021.218626,650.7462510000001,2702.367383,49314.817439999984,203.67979599999998,0.038408,3903,65778.800052
39,14.087081,0.007507,14021.218626,650.7462510000001,2702.367383,49424.631766999984,203.67979599999998,0.038408,3903,65897.578325
39,14.087081,0.007507,14021.218626,650.7462510000001,2702.367383,49528.159344999985,203.67979599999998,0.038408,3903,66001.106023
39,14.087081,0.007507,14021.218626,650.7462510000001,2702.367383,49634.26651299999,203.67979599999998,0.038408,3903,66107.213273
39,14.087081,0.007507,14021.218626,650.7462510000001,2702.367383,49743.78149099999,203.67979599999998,0.038408,3903,66216.728336
39,14.087081,0.007507,14021.218626,650.7462510000001,2702.367383,49848.19595199999,203.67979599999998,0.038408,3903,66321.142888
39,14.087081,0.007507,14021.218626,650.7462510000001,2702.367383,49964.25379599999,203.67979599999998,0.038408,3903,66437.200822
39,14.087081,0.007507,14021.218626,650.7462510000001,2702.367383,50070.47377399999,203.67979599999998,0.038408,3903,66543.420903
39,14.087081,0.007507,14021.218626,650.7462510000001,2702.367383,50186.92620599999,203.67979599999998,0.038408,3903,66659.873448
39,14.087081,0.007507,14021.218626,650.7462510000001,2702.367383,50310.06693699999,203.67979599999998,0.038408,3903,66783.014308
39,14.087081,0.007507,14021.218626,650.7462510000001,2702.367383,50439.10356799999,203.67979599999998,0.038408,3903,66912.051076
39,14.087081,0.007507,14021.218626,650.7462510000001,2831.404239,50439.10356799999,203.67979599999998,0.038408,3903,66912.051301
39,14.087081,0.007507,14021.218626,650.7462510000001,2831.404239,50439.10356799999,203.67979599999998,0.038408,3901,66912.05132
39,14.087081,0.007507,14145.706979,650.7462510000001,2831.404239,50439.10356799999,203.67979599999998,0.038408,3901,67036.539685
39,14.087081,0.007507,14145.706979,650.7462510000001,2831.404239,50439.10356799999,214.07437299999998,0.038408,3901,67046.934595
39,14.087081,0.007507,14145.706979,650.7462510000001,2831.404239,50439.10356799999,214.07437299999998,0.038408,3896,67046.934673
39,14.087081,0.007507,14276.073101,650.7462510000001,2831.404239,50439.10356799999,214.07437299999998,0.038408,3896,67177.301015
39,14.087081,0.007507,14276.073101,650.7462510000001,2831.404239,50439.10356799999,224.50556099999997,0.038408,3896,67187.732519
39,14.087081,0.007507,14276.073101,650.7462510000001,2831.404239,50439.10356799999,224.50556099999997,0.038408,3895,67187.732608
39,14.087081,0.007507,14401.917283,650.7462510000001,2831.404239,50439.10356799999,224.50556099999997,0.038408,3895,67313.577003
39,14.087081,0.007507,14401.917283,650.7462510000001,2831.404239,50439.10356799999,234.97065099999998,0.038408,3895,67324.042631
39,14.087081,0.007507,14401.917283,650.7462510000001,2831.404239,50439.10356799999,234.97065099999998,0.038487,3895,67324.042823
39,14.087081,0.007507,14401.917283,650.7462510000001,2831.404239,50439.10356799999,234.97065099999998,0.038487,3899,67324.042841
40,14.087081,0.007507,14539.559904000002,650.7462510000001,2831.404239,50439.10356799999,234.97065099999998,0.038487,3899,67461.685543
40,14.087081,0.007507,14539.559904000002,650.7462510000001,2831.404239,50439.10356799999,245.69253799999998,0.038487,3899,67472.407781
40,14.087081,0.007507,14539.559904000002,650.7462510000001,2831.404239,50439.10356799999,245.69253799999998,0.038521,3899,67472.407921
40,14.087081,0.007507,14539.559904000002,650.7462510000001,2831.404239,50439.10356799999,245.69253799999998,0.038521,3903,67472.407938
41,14.087081,0.007507,14670.041537000001,650.7462510000001,2831.404239,50439.10356799999,245.69253799999998,0.038521,3903,67602.889658
41,14.087081,0.007507,14670.041537000001,650.7462510000001,2831.404239,50439.10356799999,256.555837,0.038521,3903,67613.753301
41,14.087081,0.007507,14670.041537000001,650.7462510000001,2831.404239,50439.10356799999,256.555837,0.038557,3903,67613.753451
41,14.087081,0.007507,14670.041537000001,650.7462510000001,2831.404239,50439.10356799999,256.555837,0.038557,3905,67613.753468
42,14.087081,0.007507,14800.330854000002,650.7462510000001,2831.404239,50439.10356799999,256.555837,0.038557,3905,67744.042868
42,14.087081,0.007507,14800.330854000002,650.7462510000001,2831.404239,50439.10356799999,267.00876,0.038557,3905,67754.496137
42,14.087081,0.007507,14800.330854000002,650.7462510000001,2831.404239,50439.10356799999,267.00876,0.038581000000000004,3905,67754.496287
