turn,parse_dot,top_sort,cmin,revoke_seed,crash_tog,crash_tog_exec,fixpoint_tog,new_tog,opened_tog,sum_cost
1,70.085786,0.0,0.0,0.0,0.0,0.0,0.0,0.0,0.0,72.657416
1,70.085786,0.050468,0.0,0.0,0.0,0.0,0.0,0.0,0.0,73.744858
1,70.085786,0.050468,2.496651,0.0,0.0,0.0,0.0,0.0,0.0,76.251582
1,70.085786,0.050468,2.496651,0.0,0.0,0.0,0.0,0.0,3783,76.252135
2,70.085786,0.050468,4.984918,0.0,0.0,0.0,0.0,0.0,3783,78.740541
2,70.085786,0.050468,4.984918,1.005332,0.0,0.0,0.0,0.0,3783,79.745983
2,70.085786,0.050468,4.984918,1.005332,0.0,6.328372,0.0,0.0,3783,86.079648
2,70.085786,0.050468,4.984918,1.005332,0.0,13.137587,0.0,0.0,3783,92.888934
2,70.085786,0.050468,4.984918,1.005332,0.0,20.810081,0.0,0.0,3783,100.561506
2,70.085786,0.050468,4.984918,1.005332,0.0,29.877083,0.0,0.0,3783,109.628584
2,70.085786,0.050468,4.984918,1.005332,0.0,41.630932,0.0,0.0,3783,121.382512
2,70.085786,0.050468,4.984918,1.005332,0.0,55.894112,0.0,0.0,3783,135.645769
2,70.085786,0.050468,4.984918,1.005332,0.0,61.885637,0.0,0.0,3783,141.637387
2,70.085786,0.050468,4.984918,1.005332,0.0,68.535421,0.0,0.0,3783,148.287274
2,70.085786,0.050468,4.984918,1.005332,0.0,76.258419,0.0,0.0,3783,156.010397
2,70.085786,0.050468,4.984918,1.005332,0.0,76.263642,0.0,0.0,3783,156.01579
2,70.085786,0.050468,4.984918,1.005332,0.0,85.221804,0.0,0.0,3783,164.97417
2,70.085786,0.050468,4.984918,1.005332,0.0,85.227636,0.0,0.0,3783,164.980205
2,70.085786,0.050468,4.984918,1.005332,0.0,85.232924,0.0,0.0,3783,164.985707
2,70.085786,0.050468,4.984918,1.005332,0.0,85.237939,0.0,0.0,3783,164.990838
2,70.085786,0.050468,4.984918,1.005332,0.0,94.489814,0.0,0.0,3783,174.242812
2,70.085786,0.050468,4.984918,1.005332,0.0,94.494782,0.0,0.0,3783,174.247887
2,70.085786,0.050468,4.984918,1.005332,0.0,94.499726,0.0,0.0,3783,174.252933
2,70.085786,0.050468,4.984918,1.005332,0.0,103.89755699999999,0.0,0.0,3783,183.650846
2,70.085786,0.050468,4.984918,1.005332,0.0,103.90279399999999,0.0,0.0,3783,183.656179
2,70.085786,0.050468,4.984918,1.005332,0.0,103.90790599999998,0.0,0.0,3783,183.661395
2,70.085786,0.050468,4.984918,1.005332,0.0,113.37684499999999,0.0,0.0,3783,193.130413
2,70.085786,0.050468,4.984918,1.005332,0.0,113.381976,0.0,0.0,3783,193.13564
2,70.085786,0.050468,4.984918,1.005332,0.0,113.38712799999999,0.0,0.0,3783,193.140868
2,70.085786,0.050468,4.984918,1.005332,0.0,120.366115,0.0,0.0,3783,200.119919
2,70.085786,0.050468,4.984918,1.005332,0.0,120.37142,0.0,0.0,3783,200.125337
2,70.085786,0.050468,4.984918,1.005332,0.0,120.376436,0.0,0.0,3783,200.130461
2,70.085786,0.050468,4.984918,1.005332,0.0,120.381336,0.0,0.0,3783,200.13543
2,70.085786,0.050468,4.984918,1.005332,0.0,120.38604600000001,0.0,0.0,3783,200.140201
2,70.085786,0.050468,4.984918,1.005332,0.0,120.391046,0.0,0.0,3783,200.145261
2,70.085786,0.050468,4.984918,1.005332,0.0,120.396112,0.0,0.0,3783,201.130649
2,70.085786,0.050468,4.984918,1.005332,0.0,120.401651,0.0,0.0,3783,202.128176
2,70.085786,0.050468,4.984918,1.005332,0.0,120.407459,0.0,0.0,3783,203.115429
2,70.085786,0.050468,4.984918,1.005332,0.0,127.390663,0.0,0.0,3783,211.096204
2,70.085786,0.050468,4.984918,1.005332,0.0,134.37965,0.0,0.0,3783,218.085272
2,70.085786,0.050468,4.984918,1.005332,0.0,141.35091599999998,0.0,0.0,3783,225.056621
2,70.085786,0.050468,4.984918,1.005332,0.0,148.321724,0.0,0.0,3783,232.027509
2,70.085786,0.050468,4.984918,1.005332,0.0,155.338503,0.0,0.0,3783,239.044368
2,70.085786,0.050468,4.984918,1.005332,0.0,162.454004,0.0,0.0,3783,246.159959
2,70.085786,0.050468,4.984918,1.005332,0.0,169.678203,0.0,0.0,3783,253.384252
2,70.085786,0.050468,4.984918,1.005332,0.0,177.156648,0.0,0.0,3783,260.862803
2,70.085786,0.050468,4.984918,1.005332,0.0,185.113543,0.0,0.0,3783,268.81983
2,70.085786,0.050468,4.984918,1.005332,0.0,194.123775,0.0,0.0,3783,277.830262
2,70.085786,0.050468,4.984918,1.005332,0.0,205.10929199999998,0.0,0.0,3783,288.816196
2,70.085786,0.050468,4.984918,1.005332,0.0,217.64492199999998,0.0,0.0,3783,301.35206
2,70.085786,0.050468,4.984918,1.005332,12.535943,217.64492199999998,0.0,0.0,3783,301.352373
2,70.085786,0.050468,4.984918,1.005332,12.535943,217.64492199999998,0.0,0.0,3779,301.35242
2,70.085786,0.050468,13.542711,1.005332,12.535943,217.64492199999998,0.0,0.0,3779,309.910224
2,70.085786,0.050468,13.542711,1.005332,12.535943,217.64492199999998,0.0,0.0,3896,309.911624
3,70.085786,0.050468,22.271081000000002,1.005332,12.535943,217.64492199999998,0.0,0.0,3896,318.640088
3,70.085786,0.050468,22.271081000000002,1.005332,12.535943,217.64492199999998,0.14113,0.0,3896,318.781357
3,70.085786,0.050468,22.271081000000002,1.005332,12.535943,217.64492199999998,0.14113,0.0,3893,318.781674
3,70.085786,0.050468,28.686995000000003,1.005332,12.535943,217.64492199999998,0.14113,0.0,3893,325.197705
3,70.085786,0.050468,28.686995000000003,2.414264,12.535943,217.64492199999998,0.14113,0.0,3893,326.606749
3,70.085786,0.050468,28.686995000000003,2.414264,12.535943,223.98957299999998,0.14113,0.0,3893,332.956768
3,70.085786,0.050468,28.686995000000003,2.414264,12.535943,230.79276299999998,0.14113,0.0,3893,339.760039
3,70.085786,0.050468,28.686995000000003,2.414264,12.535943,238.45725199999998,0.14113,0.0,3893,347.424611
3,70.085786,0.050468,28.686995000000003,2.414264,12.535943,247.622945,0.14113,0.0,3893,356.590384
3,70.085786,0.050468,28.686995000000003,2.414264,12.535943,259.415307,0.14113,0.0,3893,368.382854
3,70.085786,0.050468,28.686995000000003,2.414264,12.535943,273.73972,0.14113,0.0,3893,382.707353
3,70.085786,0.050468,28.686995000000003,2.414264,12.535943,279.741746,0.14113,0.0,3893,388.709468
3,70.085786,0.050468,28.686995000000003,2.414264,12.535943,286.37866399999996,0.14113,0.0,3893,395.346489
3,70.085786,0.050468,28.686995000000003,2.414264,12.535943,294.28482599999995,0.14113,0.0,3893,403.252773
3,70.085786,0.050468,28.686995000000003,2.414264,12.535943,294.29306899999995,0.14113,0.0,3893,403.26119
3,70.085786,0.050468,28.686995000000003,2.414264,12.535943,303.45990399999994,0.14113,0.0,3893,412.428244
3,70.085786,0.050468,28.686995000000003,2.414264,12.535943,308.47028399999994,0.14113,0.0,3893,417.438799
3,70.085786,0.050468,28.686995000000003,2.414264,12.535943,308.4822029999999,0.14113,0.0,3893,417.450935
3,70.085786,0.050468,28.686995000000003,2.414264,12.535943,318.5758619999999,0.14113,0.0,3893,427.544731
3,70.085786,0.050468,28.686995000000003,2.414264,12.535943,328.0809799999999,0.14113,0.0,3893,437.050001
3,70.085786,0.050468,28.686995000000003,2.414264,12.535943,328.0881609999999,0.14113,0.0,3893,437.057294
3,70.085786,0.050468,28.686995000000003,2.414264,12.535943,328.0958279999999,0.14113,0.0,3893,437.065097
3,70.085786,0.050468,28.686995000000003,2.414264,12.535943,337.70366199999995,0.14113,0.0,3893,446.673021
3,70.085786,0.050468,28.686995000000003,2.414264,12.535943,337.71046899999993,0.14113,0.0,3893,446.67992
3,70.085786,0.050468,28.686995000000003,2.414264,12.535943,337.71728299999995,0.14113,0.0,3893,446.686842
3,70.085786,0.050468,28.686995000000003,2.414264,12.535943,337.72400999999996,0.14113,0.0,3893,446.693641
3,70.085786,0.050468,28.686995000000003,2.414264,12.535943,337.73148,0.14113,0.0,3893,446.701182
3,70.085786,0.050468,28.686995000000003,2.414264,12.535943,337.73913,0.14113,0.0,3893,446.708912
3,70.085786,0.050468,28.686995000000003,2.414264,12.535943,337.746406,0.14113,0.0,3893,446.71626
3,70.085786,0.050468,28.686995000000003,2.414264,12.535943,337.75377799999995,0.14113,0.0,3893,446.723699
3,70.085786,0.050468,28.686995000000003,2.414264,12.535943,347.38660999999996,0.14113,0.0,3893,457.781449
3,70.085786,0.050468,28.686995000000003,2.414264,12.535943,357.06526199999996,0.14113,0.0,3893,467.460176
3,70.085786,0.050468,28.686995000000003,2.414264,12.535943,366.608643,0.14113,0.0,3893,477.003639
3,70.085786,0.050468,28.686995000000003,2.414264,12.535943,376.27968699999997,0.14113,0.0,3893,486.674762
3,70.085786,0.050468,28.686995000000003,2.414264,12.535943,385.967725,0.14113,0.0,3893,496.362879
3,70.085786,0.050468,28.686995000000003,2.414264,12.535943,395.86578599999996,0.14113,0.0,3893,506.261027
3,70.085786,0.050468,28.686995000000003,2.414264,12.535943,405.60417099999995,0.14113,0.0,3893,515.999504
3,70.085786,0.050468,28.686995000000003,2.414264,12.535943,405.61267499999997,0.14113,0.0,3893,516.008125
3,70.085786,0.050468,28.686995000000003,2.414264,12.535943,405.62125599999996,0.14113,0.0,3893,516.016842
3,70.085786,0.050468,28.686995000000003,2.414264,12.535943,405.62996599999997,0.14113,0.0,3893,516.025677
3,70.085786,0.050468,28.686995000000003,2.414264,12.535943,415.440773,0.14113,0.0,3893,525.836566
3,70.085786,0.050468,28.686995000000003,2.414264,12.535943,415.449319,0.14113,0.0,3893,525.845197
3,70.085786,0.050468,28.686995000000003,2.414264,12.535943,415.457641,0.14113,0.0,3893,525.853605
3,70.085786,0.050468,28.686995000000003,2.414264,12.535943,415.46594200000004,0.14113,0.0,3893,525.861974
3,70.085786,0.050468,28.686995000000003,2.414264,12.535943,425.34682100000003,0.14113,0.0,3893,535.742917
3,70.085786,0.050468,28.686995000000003,2.414264,12.535943,425.35532600000005,0.14113,0.0,3893,535.751508
3,70.085786,0.050468,28.686995000000003,2.414264,12.535943,425.36392400000005,0.14113,0.0,3893,535.760184
3,70.085786,0.050468,28.686995000000003,2.414264,12.535943,435.25031000000007,0.14113,0.0,3893,545.646651
3,70.085786,0.050468,28.686995000000003,2.414264,12.535943,435.25833200000005,0.14113,0.0,3893,545.654752
3,70.085786,0.050468,28.686995000000003,2.414264,12.535943,435.26652200000007,0.14113,0.0,3893,545.663012
3,70.085786,0.050468,28.686995000000003,2.414264,12.535943,435.27467500000006,0.14113,0.0,3893,545.671231
3,70.085786,0.050468,28.686995000000003,2.414264,12.535943,444.91974100000004,0.14113,0.0,3893,556.689755
3,70.085786,0.050468,28.686995000000003,2.414264,12.535943,454.46116000000006,0.14113,0.0,3893,566.231253
3,70.085786,0.050468,28.686995000000003,2.414264,12.535943,464.03395700000004,0.14113,0.0,3893,575.804134
3,70.085786,0.050468,28.686995000000003,2.414264,12.535943,473.69546800000006,0.14113,0.0,3893,585.465725
3,70.085786,0.050468,28.686995000000003,2.414264,12.535943,483.06479500000006,0.14113,0.0,3893,594.835135
3,70.085786,0.050468,28.686995000000003,2.414264,12.535943,492.5819900000001,0.14113,0.0,3893,604.352421
3,70.085786,0.050468,28.686995000000003,2.414264,12.535943,502.2916160000001,0.14113,0.0,3893,614.062139
3,70.085786,0.050468,28.686995000000003,2.414264,12.535943,507.3021760000001,0.14113,0.0,3893,619.072841
3,70.085786,0.050468,28.686995000000003,2.414264,12.535943,512.3158950000001,0.14113,0.0,3893,624.086702
3,70.085786,0.050468,28.686995000000003,2.414264,12.535943,522.0853500000001,0.14113,0.0,3893,633.856273
3,70.085786,0.050468,28.686995000000003,2.414264,12.535943,527.09572,0.14113,0.0,3893,638.866749
3,70.085786,0.050468,28.686995000000003,2.414264,12.535943,532.1075470000001,0.14113,0.0,3893,643.878702
3,70.085786,0.050468,28.686995000000003,2.414264,12.535943,537.1223520000001,0.14113,0.0,3893,648.89362
3,70.085786,0.050468,28.686995000000003,2.414264,12.535943,546.960674,0.14113,0.0,3893,658.732045
3,70.085786,0.050468,28.686995000000003,2.414264,12.535943,551.967253,0.14113,0.0,3893,663.738711
3,70.085786,0.050468,28.686995000000003,2.414264,12.535943,556.979149,0.14113,0.0,3893,668.75071
3,70.085786,0.050468,28.686995000000003,2.414264,12.535943,561.994069,0.14113,0.0,3893,673.765729
3,70.085786,0.050468,28.686995000000003,2.414264,12.535943,571.831408,0.14113,0.0,3893,683.60318
3,70.085786,0.050468,28.686995000000003,2.414264,12.535943,576.838865,0.14113,0.0,3893,688.610719
3,70.085786,0.050468,28.686995000000003,2.414264,12.535943,581.8536140000001,0.14113,0.0,3893,693.625564
3,70.085786,0.050468,28.686995000000003,2.414264,12.535943,591.6599640000001,0.14113,0.0,3893,703.432038
3,70.085786,0.050468,28.686995000000003,2.414264,12.535943,596.6665800000001,0.14113,0.0,3893,708.438729
3,70.085786,0.050468,28.686995000000003,2.414264,12.535943,601.6784500000001,0.14113,0.0,3893,713.450689
3,70.085786,0.050468,28.686995000000003,2.414264,12.535943,611.4436130000001,0.14113,0.0,3893,724.606533
3,70.085786,0.050468,28.686995000000003,2.414264,12.535943,611.4514360000002,0.14113,0.0,3893,724.614435
3,70.085786,0.050468,28.686995000000003,2.414264,12.535943,611.4598740000001,0.14113,0.0,3893,724.622956
3,70.085786,0.050468,28.686995000000003,2.414264,12.535943,621.2325650000001,0.14113,0.0,3893,735.784924
3,70.085786,0.050468,28.686995000000003,2.414264,12.535943,630.9919410000001,0.14113,0.0,3893,745.544383
3,70.085786,0.050468,28.686995000000003,2.414264,12.535943,640.8447420000001,0.14113,0.0,3893,755.397264
3,70.085786,0.050468,28.686995000000003,2.414264,12.535943,650.7351670000002,0.14113,0.0,3893,765.28777
3,70.085786,0.050468,28.686995000000003,2.414264,12.535943,660.7179260000001,0.14113,0.0,3893,775.270615
3,70.085786,0.050468,28.686995000000003,2.414264,12.535943,670.8865680000001,0.14113,0.0,3893,785.439347
3,70.085786,0.050468,28.686995000000003,2.414264,12.535943,681.2642750000001,0.14113,0.0,3893,795.817152
3,70.085786,0.050468,28.686995000000003,2.414264,12.535943,692.1022040000001,0.14113,0.0,3893,806.655192
3,70.085786,0.050468,28.686995000000003,2.414264,12.535943,703.5409910000002,0.14113,0.0,3893,818.09411
3,70.085786,0.050468,28.686995000000003,2.414264,12.535943,703.6302690000002,0.14113,0.0,3893,818.183569
3,70.085786,0.050468,28.686995000000003,2.414264,12.535943,703.7080600000003,0.14113,0.0,3893,818.261587
3,70.085786,0.050468,28.686995000000003,2.414264,12.535943,715.3851790000002,0.14113,0.0,3893,829.938872
3,70.085786,0.050468,28.686995000000003,2.414264,12.535943,715.4664880000003,0.14113,0.0,3893,830.020315
3,70.085786,0.050468,28.686995000000003,2.414264,12.535943,715.5465520000002,0.14113,0.0,3893,830.100555
3,70.085786,0.050468,28.686995000000003,2.414264,12.535943,715.6242560000003,0.14113,0.0,3893,830.178426
3,70.085786,0.050468,28.686995000000003,2.414264,12.535943,727.3875410000003,0.14113,0.0,3893,841.941826
3,70.085786,0.050468,28.686995000000003,2.414264,12.535943,727.4645010000003,0.14113,0.0,3893,842.018883
3,70.085786,0.050468,28.686995000000003,2.414264,12.535943,727.5381440000002,0.14113,0.0,3893,842.092643
3,70.085786,0.050468,28.686995000000003,2.414264,12.535943,727.6130200000002,0.14113,0.0,3893,842.167602
3,70.085786,0.050468,28.686995000000003,2.414264,12.535943,739.4246000000003,0.14113,0.0,3893,853.979291
3,70.085786,0.050468,28.686995000000003,2.414264,12.535943,739.4975110000003,0.14113,0.0,3893,854.052289
3,70.085786,0.050468,28.686995000000003,2.414264,12.535943,739.5748410000002,0.14113,0.0,3893,854.129711
3,70.085786,0.050468,28.686995000000003,2.414264,12.535943,739.6511440000003,0.14113,0.0,3893,854.206091
3,70.085786,0.050468,28.686995000000003,2.414264,12.535943,751.4856870000003,0.14113,0.0,3893,866.040729
3,70.085786,0.050468,28.686995000000003,2.414264,12.535943,751.5580170000003,0.14113,0.0,3893,866.113141
3,70.085786,0.050468,28.686995000000003,2.414264,12.535943,751.6312880000003,0.14113,0.0,3893,866.186486
3,70.085786,0.050468,28.686995000000003,2.414264,12.535943,763.5820600000003,0.14113,0.0,3893,878.137355
3,70.085786,0.050468,28.686995000000003,2.414264,12.535943,763.6562610000003,0.14113,0.0,3893,878.21163
3,70.085786,0.050468,28.686995000000003,2.414264,12.535943,763.7324050000003,0.14113,0.0,3893,878.287864
3,70.085786,0.050468,28.686995000000003,2.414264,12.535943,776.1577490000003,0.14113,0.0,3893,892.170714
3,70.085786,0.050468,28.686995000000003,2.414264,12.535943,788.4142150000004,0.14113,0.0,3893,904.427263
3,70.085786,0.050468,28.686995000000003,2.414264,12.535943,801.2704740000004,0.14113,0.0,3893,917.283607
3,70.085786,0.050468,28.686995000000003,2.414264,12.535943,813.9490880000004,0.14113,0.0,3893,929.962306
3,70.085786,0.050468,28.686995000000003,2.414264,12.535943,827.2009090000004,0.14113,0.0,3893,943.214231
3,70.085786,0.050468,28.686995000000003,2.414264,12.535943,841.0666750000004,0.14113,0.0,3893,957.080107
3,70.085786,0.050468,28.686995000000003,2.414264,12.535943,854.6130500000004,0.14113,0.0,3893,970.626582
3,70.085786,0.050468,28.686995000000003,2.414264,12.535943,869.1653610000004,0.14113,0.0,3893,985.179015
3,70.085786,0.050468,28.686995000000003,2.414264,12.535943,884.4793450000004,0.14113,0.0,3893,1000.493136
3,70.085786,0.050468,28.686995000000003,2.414264,12.535943,884.6777330000004,0.14113,0.0,3893,1000.691719
3,70.085786,0.050468,28.686995000000003,2.414264,12.535943,900.7698330000004,0.14113,0.0,3893,1016.784107
3,70.085786,0.050468,28.686995000000003,2.414264,12.535943,900.9850270000004,0.14113,0.0,3893,1016.999489
3,70.085786,0.050468,28.686995000000003,2.414264,12.535943,901.1860050000004,0.14113,0.0,3893,1017.200764
3,70.085786,0.050468,28.686995000000003,2.414264,12.535943,916.8110840000004,0.14113,0.0,3893,1032.826022
3,70.085786,0.050468,28.686995000000003,2.414264,12.535943,917.0189970000004,0.14113,0.0,3893,1033.034071
3,70.085786,0.050468,28.686995000000003,2.414264,12.535943,917.2199090000004,0.14113,0.0,3893,1033.235178
3,70.085786,0.050468,28.686995000000003,2.414264,12.535943,932.9633960000003,0.14113,0.0,3893,1048.978821
3,70.085786,0.050468,28.686995000000003,2.414264,12.535943,933.1687630000004,0.14113,0.0,3893,1049.184372
3,70.085786,0.050468,28.686995000000003,2.414264,12.535943,933.3682440000003,0.14113,0.0,3893,1049.384036
3,70.085786,0.050468,28.686995000000003,2.414264,12.535943,933.5658080000004,0.14113,0.0,3893,1049.581764
3,70.085786,0.050468,28.686995000000003,2.414264,12.535943,933.7635560000004,0.14113,0.0,3893,1049.779654
3,70.085786,0.050468,28.686995000000003,2.414264,12.535943,949.3551190000004,0.14113,0.0,3893,1065.371325
3,70.085786,0.050468,28.686995000000003,2.414264,12.535943,949.5515790000004,0.14113,0.0,3893,1065.567875
3,70.085786,0.050468,28.686995000000003,2.414264,12.535943,949.7491450000005,0.14113,0.0,3893,1065.765554
3,70.085786,0.050468,28.686995000000003,2.414264,12.535943,965.4167340000005,0.14113,0.0,3893,1081.433247
3,70.085786,0.050468,28.686995000000003,2.414264,12.535943,965.6133550000005,0.14113,0.0,3893,1081.629953
3,70.085786,0.050468,28.686995000000003,2.414264,12.535943,965.8118710000006,0.14113,0.0,3893,1081.828571
3,70.085786,0.050468,28.686995000000003,2.414264,12.535943,981.9226610000005,0.14113,0.0,3893,1097.939463
3,70.085786,0.050468,28.686995000000003,2.414264,12.535943,982.1227730000005,0.14113,0.0,3893,1098.139656
3,70.085786,0.050468,28.686995000000003,2.414264,12.535943,982.3265280000005,0.14113,0.0,3893,1098.343512
3,70.085786,0.050468,28.686995000000003,2.414264,12.535943,998.0292910000005,0.14113,0.0,3893,1114.046374
3,70.085786,0.050468,28.686995000000003,2.414264,12.535943,998.2296370000005,0.14113,0.0,3893,1114.246803
3,70.085786,0.050468,28.686995000000003,2.414264,12.535943,998.4370220000005,0.14113,0.0,3893,1114.454288
3,70.085786,0.050468,28.686995000000003,2.414264,12.535943,1014.8388690000005,0.14113,0.0,3893,1132.390611
3,70.085786,0.050468,28.686995000000003,2.414264,12.535943,1032.5770950000006,0.14113,0.0,3893,1150.128933
3,70.085786,0.050468,28.686995000000003,2.414264,12.535943,1049.9208180000005,0.14113,0.0,3893,1167.483803
3,70.085786,0.050468,28.686995000000003,2.414264,12.535943,1067.3689390000004,0.14113,0.0,3893,1184.93202
3,70.085786,0.050468,28.686995000000003,2.414264,12.535943,1084.1865780000005,0.14113,0.0,3893,1201.749789
3,70.085786,0.050468,28.686995000000003,2.414264,12.535943,1101.2699890000006,0.14113,0.0,3893,1218.833302
3,70.085786,0.050468,28.686995000000003,2.414264,12.535943,1117.8713530000007,0.14113,0.0,3893,1235.434775
3,70.085786,0.050468,28.686995000000003,2.414264,12.535943,1136.1398590000006,0.14113,0.0,3893,1253.703411
3,70.085786,0.050468,28.686995000000003,2.414264,12.535943,1136.4406840000006,0.14113,0.0,3893,1254.004396
3,70.085786,0.050468,28.686995000000003,2.414264,12.535943,1154.9705910000007,0.14113,0.0,3893,1272.534513
3,70.085786,0.050468,28.686995000000003,2.414264,12.535943,1155.2790960000007,0.14113,0.0,3893,1272.843171
3,70.085786,0.050468,28.686995000000003,2.414264,12.535943,1155.5814650000007,0.14113,0.0,3893,1273.14574
3,70.085786,0.050468,28.686995000000003,2.414264,12.535943,1174.4024520000007,0.14113,0.0,3893,1291.966895
3,70.085786,0.050468,28.686995000000003,2.414264,12.535943,1174.7051720000006,0.14113,0.0,3893,1292.269749
3,70.085786,0.050468,28.686995000000003,2.414264,12.535943,1175.0068440000007,0.14113,0.0,3893,1292.571654
3,70.085786,0.050468,28.686995000000003,2.414264,12.535943,1194.4501030000006,0.14113,0.0,3893,1312.015139
3,70.085786,0.050468,28.686995000000003,2.414264,12.535943,1194.7512000000006,0.14113,0.0,3893,1312.316367
3,70.085786,0.050468,28.686995000000003,2.414264,12.535943,1195.0536250000007,0.14113,0.0,3893,1312.618949
3,70.085786,0.050468,28.686995000000003,2.414264,12.535943,1214.5358550000008,0.14113,0.0,3893,1332.101316
3,70.085786,0.050468,28.686995000000003,2.414264,12.535943,1214.8361150000007,0.14113,0.0,3893,1332.401675
3,70.085786,0.050468,28.686995000000003,2.414264,12.535943,1215.1362310000006,0.14113,0.0,3893,1332.701921
3,70.085786,0.050468,28.686995000000003,2.414264,12.535943,1234.4910070000005,0.14113,0.0,3893,1352.056864
3,70.085786,0.050468,28.686995000000003,2.414264,12.535943,1234.7909880000004,0.14113,0.0,3893,1352.356941
3,70.085786,0.050468,28.686995000000003,2.414264,12.535943,1235.0912500000004,0.14113,0.0,3893,1352.657328
3,70.085786,0.050468,28.686995000000003,2.414264,12.535943,1254.4562410000003,0.14113,0.0,3893,1372.022441
3,70.085786,0.050468,28.686995000000003,2.414264,12.535943,1254.7547900000004,0.14113,0.0,3893,1372.321086
3,70.085786,0.050468,28.686995000000003,2.414264,12.535943,1255.0573680000005,0.14113,0.0,3893,1372.623775
3,70.085786,0.050468,28.686995000000003,2.414264,12.535943,1255.3545360000005,0.14113,0.0,3893,1372.921057
3,70.085786,0.050468,28.686995000000003,2.414264,12.535943,1255.6522930000006,0.14113,0.0,3893,1373.218924
3,70.085786,0.050468,28.686995000000003,2.414264,12.535943,1275.6518010000007,0.14113,0.0,3893,1394.914256
3,70.085786,0.050468,28.686995000000003,2.414264,12.535943,1296.4301710000007,0.14113,0.0,3893,1415.692724
3,70.085786,0.050468,28.686995000000003,2.414264,12.535943,1316.8523730000006,0.14113,0.0,3893,1436.115043
3,70.085786,0.050468,28.686995000000003,2.414264,12.535943,1337.5934510000006,0.14113,0.0,3893,1456.856248
3,70.085786,0.050468,28.686995000000003,2.414264,12.535943,1358.3989820000006,0.14113,0.0,3893,1477.661879
3,70.085786,0.050468,28.686995000000003,2.414264,12.535943,1358.9215520000007,0.14113,0.0,3893,1478.184559
3,70.085786,0.050468,28.686995000000003,2.414264,12.535943,1359.4513210000007,0.14113,0.0,3893,1478.714494
3,70.085786,0.050468,28.686995000000003,2.414264,12.535943,1359.9799640000008,0.14113,0.0,3893,1479.243257
3,70.085786,0.050468,28.686995000000003,2.414264,12.535943,1381.1213640000008,0.14113,0.0,3893,1500.384806
3,70.085786,0.050468,28.686995000000003,2.414264,12.535943,1381.6488260000008,0.14113,0.0,3893,1500.912363
3,70.085786,0.050468,28.686995000000003,2.414264,12.535943,1382.1931580000007,0.14113,0.0,3893,1501.456857
3,70.085786,0.050468,28.686995000000003,2.414264,12.535943,1404.9273170000008,0.14113,0.0,3893,1524.191167
3,70.085786,0.050468,28.686995000000003,2.414264,12.535943,1405.4693460000008,0.14113,0.0,3893,1524.733318
3,70.085786,0.050468,28.686995000000003,2.414264,12.535943,1406.0141830000007,0.14113,0.0,3893,1525.278303
3,70.085786,0.050468,28.686995000000003,2.414264,12.535943,1406.5581430000007,0.14113,0.0,3893,1525.822372
3,70.085786,0.050468,28.686995000000003,2.414264,12.535943,1431.2018810000006,0.14113,0.0,3893,1552.732141
3,70.085786,0.050468,28.686995000000003,2.414264,12.535943,1455.7041160000006,0.14113,0.0,3893,1577.234503
3,70.085786,0.050468,28.686995000000003,2.414264,12.535943,1478.7944190000005,0.14113,0.0,3893,1600.324928
3,70.085786,0.050468,28.686995000000003,2.414264,12.535943,1501.3775220000005,0.14113,0.0,3893,1622.908156
3,70.085786,0.050468,28.686995000000003,2.414264,12.535943,1524.3594550000005,0.14113,0.0,3893,1645.890196
3,70.085786,0.050468,28.686995000000003,2.414264,12.535943,1546.9122110000005,0.14113,0.0,3893,1668.443106
3,70.085786,0.050468,28.686995000000003,2.414264,12.535943,1569.6840860000004,0.14113,0.0,3893,1691.215101
3,70.085786,0.050468,28.686995000000003,2.414264,12.535943,1592.2100540000004,0.14113,0.0,3893,1713.741256
3,70.085786,0.050468,28.686995000000003,2.414264,12.535943,1611.9997320000004,0.14113,0.0,3893,1733.53116
3,70.085786,0.050468,28.686995000000003,2.414264,32.326001,1611.9997320000004,0.14113,0.0,3893,1733.53154
3,70.085786,0.050468,28.686995000000003,2.414264,32.326001,1611.9997320000004,0.14113,0.0,3885,1733.531564
3,70.085786,0.050468,42.699045000000005,2.414264,32.326001,1611.9997320000004,0.14113,0.0,3885,1747.543626
3,70.085786,0.050468,42.699045000000005,2.414264,32.326001,1611.9997320000004,0.409979,0.0,3885,1747.812647
3,70.085786,0.050468,42.699045000000005,2.414264,32.326001,1611.9997320000004,0.409979,0.0,3848,1747.812831
3,70.085786,0.050468,60.831135,2.414264,32.326001,1611.9997320000004,0.409979,0.0,3848,1765.945023
3,70.085786,0.050468,60.831135,2.414264,32.326001,1611.9997320000004,0.409979,0.0,3851,1765.945236
4,70.085786,0.050468,77.639366,2.414264,32.326001,1611.9997320000004,0.409979,0.0,3851,1782.753563
4,70.085786,0.050468,77.639366,2.414264,32.326001,1611.9997320000004,0.747501,0.0,3851,1783.091441
4,70.085786,0.050468,77.639366,2.414264,32.326001,1611.9997320000004,0.747501,0.0,3663,1783.091547
4,70.085786,0.050468,96.165623,2.414264,32.326001,1611.9997320000004,0.747501,0.0,3663,1801.618025
4,70.085786,0.050468,96.165623,5.58953,32.326001,1611.9997320000004,0.747501,0.0,3663,1804.793462
4,70.085786,0.050468,96.165623,5.58953,32.326001,1620.7679450000005,0.747501,0.0,3663,1813.571354
4,70.085786,0.050468,96.165623,5.58953,32.326001,1630.8973890000004,0.747501,0.0,3663,1823.700918
4,70.085786,0.050468,96.165623,5.58953,32.326001,1642.8503720000003,0.747501,0.0,3663,1835.654028
4,70.085786,0.050468,96.165623,5.58953,32.326001,1656.9232830000003,0.747501,0.0,3663,1849.727067
4,70.085786,0.050468,96.165623,5.58953,32.326001,1673.6959060000004,0.747501,0.0,3663,1866.499822
4,70.085786,0.050468,96.165623,5.58953,32.326001,1693.1021660000004,0.747501,0.0,3663,1885.906178
4,70.085786,0.050468,96.165623,5.58953,32.326001,1702.5353730000004,0.747501,0.0,3663,1895.339536
4,70.085786,0.050468,96.165623,5.58953,32.326001,1707.5483480000005,0.747501,0.0,3663,1900.352658
4,70.085786,0.050468,96.165623,5.58953,32.326001,1731.5123300000005,0.747501,0.0,3663,1924.316795
4,70.085786,0.050468,96.165623,5.58953,32.326001,1736.5240460000005,0.747501,0.0,3663,1929.328652
4,70.085786,0.050468,96.165623,5.58953,32.326001,1741.5375360000005,0.747501,0.0,3663,1934.342291
4,70.085786,0.050468,96.165623,5.58953,32.326001,1765.1505570000004,0.747501,0.0,3663,1957.955483
4,70.085786,0.050468,96.165623,5.58953,32.326001,1770.1617770000005,0.747501,0.0,3663,1962.966829
4,70.085786,0.050468,96.165623,5.58953,32.326001,1775.1759890000005,0.747501,0.0,3663,1967.981199
4,70.085786,0.050468,96.165623,5.58953,32.326001,1780.1934690000005,0.747501,0.0,3663,1972.998816
4,70.085786,0.050468,96.165623,5.58953,32.326001,1804.3988340000005,0.747501,0.0,3663,1997.204314
4,70.085786,0.050468,96.165623,5.58953,32.326001,1809.4065740000005,0.747501,0.0,3663,2002.212143
4,70.085786,0.050468,96.165623,5.58953,32.326001,1814.4196260000006,0.747501,0.0,3663,2007.225287
4,70.085786,0.050468,96.165623,5.58953,32.326001,1839.2481660000005,0.747501,0.0,3663,2032.053961
4,70.085786,0.050468,96.165623,5.58953,32.326001,1844.2615440000006,0.747501,0.0,3663,2037.067433
4,70.085786,0.050468,96.165623,5.58953,32.326001,1849.2747860000006,0.747501,0.0,3663,2042.080809
4,70.085786,0.050468,96.165623,5.58953,32.326001,1873.1088880000007,0.747501,0.0,3663,2069.01576
4,70.085786,0.050468,96.165623,5.58953,32.326001,1895.9177660000007,0.747501,0.0,3663,2091.824762
4,70.085786,0.050468,96.165623,5.58953,32.326001,1903.1418010000007,0.747501,0.0,3663,2099.048924
4,70.085786,0.050468,96.165623,5.58953,32.326001,1903.1541320000006,0.747501,0.0,3663,2099.061388
4,70.085786,0.050468,96.165623,5.58953,32.326001,1903.1656260000007,0.747501,0.0,3663,2099.072993
4,70.085786,0.050468,96.165623,5.58953,32.326001,1910.5039620000007,0.747501,0.0,3663,2109.1577
4,70.085786,0.050468,96.165623,5.58953,32.326001,1934.1560660000007,0.747501,0.0,3663,2135.877382
4,70.085786,0.050468,96.165623,5.58953,32.326001,1958.0090110000008,0.747501,0.0,3663,2159.730459
4,70.085786,0.050468,96.165623,5.58953,32.326001,1958.0179420000009,0.747501,0.0,3663,2159.739513
4,70.085786,0.050468,96.165623,5.58953,32.326001,1958.025654000001,0.747501,0.0,3663,2159.747345
4,70.085786,0.050468,96.165623,5.58953,32.326001,1958.037192000001,0.747501,0.0,3663,2159.758988
4,70.085786,0.050468,96.165623,5.58953,32.326001,1958.0450070000009,0.747501,0.0,3663,2163.111962
4,70.085786,0.050468,96.165623,5.58953,32.326001,1982.190137000001,0.747501,0.0,3663,2190.744369
4,70.085786,0.050468,96.165623,5.58953,32.326001,2007.928507000001,0.747501,0.0,3663,2216.482855
4,70.085786,0.050468,96.165623,5.58953,32.326001,2032.887405000001,0.747501,0.0,3663,2241.44187
4,70.085786,0.050468,96.165623,5.58953,32.326001,2032.8951680000011,0.747501,0.0,3663,2241.449755
4,70.085786,0.050468,96.165623,5.58953,32.326001,2032.903302000001,0.747501,0.0,3663,2241.457988
4,70.085786,0.050468,96.165623,5.58953,32.326001,2032.911135000001,0.747501,0.0,3663,2241.465925
4,70.085786,0.050468,96.165623,5.58953,32.326001,2032.919090000001,0.747501,0.0,3663,2241.473978
4,70.085786,0.050468,96.165623,5.58953,32.326001,2057.025416000001,0.747501,0.0,3663,2268.566524
4,70.085786,0.050468,96.165623,5.58953,32.326001,2080.7992600000007,0.747501,0.0,3663,2292.340459
4,70.085786,0.050468,96.165623,5.58953,32.326001,2104.775506000001,0.747501,0.0,3663,2316.316828
4,70.085786,0.050468,96.165623,5.58953,32.326001,2104.783667000001,0.747501,0.0,3663,2316.325076
4,70.085786,0.050468,96.165623,5.58953,32.326001,2104.790664000001,0.747501,0.0,3663,2316.332149
4,70.085786,0.050468,96.165623,5.58953,32.326001,2104.797386000001,0.747501,0.0,3663,2316.33894
4,70.085786,0.050468,96.165623,5.58953,32.326001,2129.104570000001,0.747501,0.0,3663,2340.646192
4,70.085786,0.050468,96.165623,5.58953,32.326001,2129.113203000001,0.747501,0.0,3663,2340.654954
4,70.085786,0.050468,96.165623,5.58953,32.326001,2129.119932000001,0.747501,0.0,3663,2340.661775
4,70.085786,0.050468,96.165623,5.58953,32.326001,2129.135068000001,0.747501,0.0,3663,2343.579849
4,70.085786,0.050468,96.165623,5.58953,32.326001,2154.241806000001,0.747501,0.0,3663,2371.4555
4,70.085786,0.050468,96.165623,5.58953,32.326001,2180.663639000001,0.747501,0.0,3663,2397.877605
4,70.085786,0.050468,96.165623,5.58953,32.326001,2206.467283000001,0.747501,0.0,3663,2423.681372
4,70.085786,0.050468,96.165623,5.58953,32.326001,2234.939461000001,0.747501,0.0,3663,2452.153646
4,70.085786,0.050468,96.165623,5.58953,32.326001,2266.030241000001,0.747501,0.0,3663,2483.244555
4,70.085786,0.050468,96.165623,5.58953,32.326001,2300.488124000001,0.747501,0.0,3663,2517.702532
4,70.085786,0.050468,96.165623,5.58953,32.326001,2305.919180000001,0.747501,0.0,3663,2523.133697
4,70.085786,0.050468,96.165623,5.58953,32.326001,2318.2959620000006,0.747501,0.0,3663,2535.510663
4,70.085786,0.050468,96.165623,5.58953,32.326001,2323.3077950000006,0.747501,0.0,3663,2540.522614
4,70.085786,0.050468,96.165623,5.58953,32.326001,2359.568942000001,0.747501,0.0,3663,2576.783866
4,70.085786,0.050468,96.165623,5.58953,32.326001,2364.5796960000007,0.747501,0.0,3663,2581.79475
4,70.085786,0.050468,96.165623,5.58953,32.326001,2369.595488000001,0.747501,0.0,3663,2586.81068
4,70.085786,0.050468,96.165623,5.58953,32.326001,2374.611460000001,0.747501,0.0,3663,2591.82679
4,70.085786,0.050468,96.165623,5.58953,32.326001,2409.575829000001,0.747501,0.0,3663,2626.791293
4,70.085786,0.050468,96.165623,5.58953,32.326001,2414.583212000001,0.747501,0.0,3663,2631.798757
4,70.085786,0.050468,96.165623,5.58953,32.326001,2419.599028000001,0.747501,0.0,3663,2636.814715
4,70.085786,0.050468,96.165623,5.58953,32.326001,2424.614497000001,0.747501,0.0,3663,2641.830316
4,70.085786,0.050468,96.165623,5.58953,32.326001,2429.626832000001,0.747501,0.0,3663,2649.398695
4,70.085786,0.050468,96.165623,5.58953,32.326001,2464.8019600000007,0.747501,0.0,3663,2687.855165
4,70.085786,0.050468,96.165623,5.58953,32.326001,2501.3691440000007,0.747501,0.0,3663,2724.422474
4,70.085786,0.050468,96.165623,5.58953,32.326001,2537.4360630000006,0.747501,0.0,3663,2760.489521
4,70.085786,0.050468,96.165623,5.58953,32.326001,2575.3110510000006,0.747501,0.0,3663,2798.364637
4,70.085786,0.050468,96.165623,5.58953,32.326001,2575.3450230000008,0.747501,0.0,3663,2798.398737
4,70.085786,0.050468,96.165623,5.58953,32.326001,2614.2914190000006,0.747501,0.0,3663,2837.345272
4,70.085786,0.050468,96.165623,5.58953,32.326001,2614.310165000001,0.747501,0.0,3663,2837.364143
4,70.085786,0.050468,96.165623,5.58953,32.326001,2614.331087000001,0.747501,0.0,3663,2837.385194
4,70.085786,0.050468,96.165623,5.58953,32.326001,2652.990047000001,0.747501,0.0,3663,2876.044293
4,70.085786,0.050468,96.165623,5.58953,32.326001,2653.0087930000013,0.747501,0.0,3663,2876.063164
4,70.085786,0.050468,96.165623,5.58953,32.326001,2653.0288350000014,0.747501,0.0,3663,2876.083342
4,70.085786,0.050468,96.165623,5.58953,32.326001,2691.5027360000013,0.747501,0.0,3663,2914.557391
4,70.085786,0.050468,96.165623,5.58953,32.326001,2691.522244000001,0.747501,0.0,3663,2914.577021
4,70.085786,0.050468,96.165623,5.58953,32.326001,2691.539847000001,0.747501,0.0,3663,2914.594751
4,70.085786,0.050468,96.165623,5.58953,32.326001,2691.5582950000007,0.747501,0.0,3663,2914.61332
4,70.085786,0.050468,96.165623,5.58953,32.326001,2729.3181990000007,0.747501,0.0,3663,2955.251868
4,70.085786,0.050468,96.165623,5.58953,32.326001,2768.9446090000006,0.747501,0.0,3663,2994.878401
4,70.085786,0.050468,96.165623,5.58953,32.326001,2808.7299900000007,0.747501,0.0,3663,3034.663883
4,70.085786,0.050468,96.165623,5.58953,32.326001,2849.8721580000006,0.747501,0.0,3663,3075.80618
4,70.085786,0.050468,96.165623,5.58953,32.326001,2855.3716860000004,0.747501,0.0,3663,3082.420642
4,70.085786,0.050468,96.165623,5.58953,32.326001,2898.2377960000003,0.747501,0.0,3663,3125.286887
4,70.085786,0.050468,96.165623,5.58953,32.326001,2903.249635,0.747501,0.0,3663,3130.298854
4,70.085786,0.050468,96.165623,5.58953,32.326001,2946.142229,0.747501,0.0,3663,3173.191606
4,70.085786,0.050468,96.165623,5.58953,32.326001,2951.154675,0.747501,0.0,3663,3178.204184
4,70.085786,0.050468,96.165623,5.58953,32.326001,2956.16577,0.747501,0.0,3663,3183.215428
4,70.085786,0.050468,96.165623,5.58953,32.326001,2961.180933,0.747501,0.0,3663,3188.230722
4,70.085786,0.050468,96.165623,5.58953,32.326001,3003.705466,0.747501,0.0,3663,3230.755382
4,70.085786,0.050468,96.165623,5.58953,32.326001,3008.714099,0.747501,0.0,3663,3235.764137
4,70.085786,0.050468,96.165623,5.58953,32.326001,3013.72511,0.747501,0.0,3663,3240.775281
4,70.085786,0.050468,96.165623,5.58953,32.326001,3018.736821,0.747501,0.0,3663,3245.78714
4,70.085786,0.050468,96.165623,5.58953,32.326001,3023.74721,0.747501,0.0,3663,3253.745287
4,70.085786,0.050468,96.165623,5.58953,32.326001,3067.269425,0.747501,0.0,3663,3300.213697
4,70.085786,0.050468,96.165623,5.58953,32.326001,3110.285685,0.747501,0.0,3663,3343.230047
4,70.085786,0.050468,96.165623,5.58953,32.326001,3153.1931729999997,0.747501,0.0,3663,3386.137662
4,70.085786,0.050468,96.165623,5.58953,32.326001,3158.2021939999995,0.747501,0.0,3663,3391.146772
4,70.085786,0.050468,96.165623,5.58953,32.326001,3163.2180949999997,0.747501,0.0,3663,3396.162773
4,70.085786,0.050468,96.165623,5.58953,32.326001,3168.233923,0.747501,0.0,3663,3401.178725
4,70.085786,0.050468,96.165623,5.58953,32.326001,3173.2456899999997,0.747501,0.0,3663,3406.19061
4,70.085786,0.050468,96.165623,5.58953,32.326001,3178.2560719999997,0.747501,0.0,3663,3414.018851
4,70.085786,0.050468,96.165623,5.58953,32.326001,3183.2700919999997,0.747501,0.0,3663,3421.954818
4,70.085786,0.050468,96.165623,5.58953,32.326001,3188.279044,0.747501,0.0,3663,3429.73879
4,70.085786,0.050468,96.165623,5.58953,32.326001,3193.286753,0.747501,0.0,3663,3437.599431
4,70.085786,0.050468,96.165623,5.58953,32.326001,3198.298598,0.747501,0.0,3663,3445.702695
4,70.085786,0.050468,96.165623,5.58953,32.326001,3203.3122749999998,0.747501,0.0,3663,3453.554959
4,70.085786,0.050468,96.165623,5.58953,32.326001,3208.322995,0.747501,0.0,3663,3461.662736
4,70.085786,0.050468,96.165623,5.58953,32.326001,3213.330886,0.747501,0.0,3663,3469.505074
4,70.085786,0.050468,96.165623,5.58953,32.326001,3218.342427,0.747501,0.0,3663,3477.426765
4,70.085786,0.050468,96.165623,5.58953,32.326001,3223.355416,0.747501,0.0,3663,3485.726839
4,70.085786,0.050468,96.165623,5.58953,32.326001,3228.365221,0.747501,0.0,3663,3493.582703
4,70.085786,0.050468,96.165623,5.58953,32.326001,3233.374128,0.747501,0.0,3663,3501.61473
4,70.085786,0.050468,96.165623,5.58953,32.326001,3238.384264,0.747501,0.0,3663,3509.458876
4,70.085786,0.050468,96.165623,5.58953,32.326001,3243.395016,0.747501,0.0,3663,3517.262801
4,70.085786,0.050468,96.165623,5.58953,32.326001,3248.409218,0.747501,0.0,3663,3525.052322
4,70.085786,0.050468,96.165623,5.58953,32.326001,3253.4207399999996,0.747501,0.0,3663,3533.050844
4,70.085786,0.050468,96.165623,5.58953,32.326001,3258.4328679999994,0.747501,0.0,3663,3540.794794
4,70.085786,0.050468,96.165623,5.58953,32.326001,3263.4444299999996,0.747501,0.0,3663,3548.562871
4,70.085786,0.050468,96.165623,5.58953,32.326001,3268.4578949999996,0.747501,0.0,3663,3556.44687
4,70.085786,0.050468,96.165623,5.58953,32.326001,3273.4686709999996,0.747501,0.0,3663,3564.459366
4,70.085786,0.050468,96.165623,5.58953,32.326001,3278.4802109999996,0.747501,0.0,3663,3572.454834
4,70.085786,0.050468,96.165623,5.58953,32.326001,3283.4917159999995,0.747501,0.0,3663,3580.322726
4,70.085786,0.050468,96.165623,5.58953,32.326001,3327.7039609999997,0.747501,0.0,3663,3627.420552
4,70.085786,0.050468,96.165623,5.58953,32.326001,3332.7180609999996,0.747501,0.0,3663,3632.434779
4,70.085786,0.050468,96.165623,5.58953,32.326001,3337.7338399999994,0.747501,0.0,3663,3637.450696
4,70.085786,0.050468,96.165623,5.58953,32.326001,3342.7474049999996,0.747501,0.0,3663,3645.406899
4,70.085786,0.050468,96.165623,5.58953,32.326001,3347.7599089999994,0.747501,0.0,3663,3653.346889
4,70.085786,0.050468,96.165623,5.58953,32.326001,3352.7684109999996,0.747501,0.0,3663,3662.062673
4,70.085786,0.050468,96.165623,5.58953,32.326001,3395.6502629999995,0.747501,0.0,3663,3707.787662
4,70.085786,0.050468,96.165623,5.58953,32.326001,3430.4681249999994,0.747501,0.0,3663,3742.605651
4,70.085786,0.050468,96.165623,5.58953,32.326001,3466.8355919999995,0.747501,0.0,3663,3778.973244
4,70.085786,0.050468,96.165623,5.58953,32.326001,3506.5861939999995,0.747501,0.0,3663,3818.72394
4,70.085786,0.050468,96.165623,5.58953,32.326001,3547.5541749999993,0.747501,0.0,3663,3859.692051
4,70.085786,0.050468,96.165623,5.58953,32.326001,3547.7854059999995,0.747501,0.0,3663,3859.92342
4,70.085786,0.050468,96.165623,5.58953,32.326001,3562.3902729999995,0.747501,0.0,3663,3874.528452
4,70.085786,0.050468,96.165623,5.58953,32.326001,3606.6077829999995,0.747501,0.0,3663,3918.746103
4,70.085786,0.050468,96.165623,5.58953,32.326001,3606.6180719999993,0.747501,0.0,3663,3918.75653
4,70.085786,0.050468,96.165623,5.58953,32.326001,3606.628063999999,0.747501,0.0,3663,3918.766652
4,70.085786,0.050468,96.165623,5.58953,32.326001,3606.637607999999,0.747501,0.0,3663,3918.776323
4,70.085786,0.050468,96.165623,5.58953,32.326001,3606.644261999999,0.747501,0.0,3663,3918.783064
4,70.085786,0.050468,96.165623,5.58953,32.326001,3651.2687469999987,0.747501,0.0,3663,3963.407623
4,70.085786,0.050468,96.165623,5.58953,32.326001,3651.2775959999985,0.747501,0.0,3663,3963.416603
4,70.085786,0.050468,96.165623,5.58953,32.326001,3651.2842199999986,0.747501,0.0,3663,3963.423319
4,70.085786,0.050468,96.165623,5.58953,32.326001,3696.6686349999986,0.747501,0.0,3663,4011.84018
4,70.085786,0.050468,96.165623,5.58953,32.326001,3740.9839829999987,0.747501,0.0,3663,4056.15565
4,70.085786,0.050468,96.165623,5.58953,32.326001,3785.934190999999,0.747501,0.0,3663,4101.10595
4,70.085786,0.050468,96.165623,5.58953,32.326001,3821.592592999999,0.747501,0.0,3663,4136.764474
4,70.085786,0.050468,96.165623,5.58953,32.326001,3821.836367999999,0.747501,0.0,3663,4137.008381
4,70.085786,0.050468,96.165623,5.58953,32.326001,3822.061251999999,0.747501,0.0,3663,4137.233422
4,70.085786,0.050468,96.165623,5.58953,32.326001,3857.009535999999,0.747501,0.0,3663,4172.181848
4,70.085786,0.050468,96.165623,5.58953,32.326001,3857.240564999999,0.747501,0.0,3663,4172.41301
4,70.085786,0.050468,96.165623,5.58953,32.326001,3857.465411999999,0.747501,0.0,3663,4172.638013
4,70.085786,0.050468,96.165623,5.58953,32.326001,3857.691934999999,0.747501,0.0,3663,4172.864681
4,70.085786,0.050468,96.165623,5.58953,32.326001,3857.921976999999,0.747501,0.0,3663,4173.094877
4,70.085786,0.050468,96.165623,5.58953,32.326001,3893.704382999999,0.747501,0.0,3663,4211.954596
4,70.085786,0.050468,96.165623,5.58953,32.326001,3930.166437999999,0.747501,0.0,3663,4248.416777
4,70.085786,0.050468,96.165623,5.58953,32.326001,3966.490198999999,0.747501,0.0,3663,4284.740661
4,70.085786,0.050468,96.165623,5.58953,32.326001,4004.690218999999,0.747501,0.0,3663,4322.940808
4,70.085786,0.050468,96.165623,5.58953,32.326001,4043.4720349999993,0.747501,0.0,3663,4361.722745
4,70.085786,0.050468,96.165623,5.58953,32.326001,4048.4876719999993,0.747501,0.0,3663,4366.738516
4,70.085786,0.050468,96.165623,5.58953,32.326001,4050.9467609999992,0.747501,0.0,3663,4369.197754
4,70.085786,0.050468,96.165623,5.58953,32.326001,4088.105484999999,0.747501,0.0,3663,4406.356637
4,70.085786,0.050468,96.165623,5.58953,32.326001,4093.1154619999993,0.747501,0.0,3663,4411.366737
4,70.085786,0.050468,96.165623,5.58953,32.326001,4093.2209469999993,0.747501,0.0,3663,4411.472354
4,70.085786,0.050468,96.165623,5.58953,32.326001,4093.4484919999995,0.747501,0.0,3663,4411.700052
4,70.085786,0.050468,96.165623,5.58953,32.326001,4130.481943999999,0.747501,0.0,3663,4451.729488
4,70.085786,0.050468,96.165623,5.58953,32.326001,4135.495018,0.747501,0.0,3663,4456.742685
4,70.085786,0.050468,96.165623,5.58953,32.326001,4140.510861999999,0.747501,0.0,3663,4461.758658
4,70.085786,0.050468,96.165623,5.58953,32.326001,4177.329565999999,0.747501,0.0,3663,4501.51314
4,70.085786,0.050468,96.165623,5.58953,32.326001,4182.339018999999,0.747501,0.0,3663,4506.522709
4,70.085786,0.050468,96.165623,5.58953,32.326001,4219.277877999999,0.747501,0.0,3663,4543.4617
4,70.085786,0.050468,96.165623,5.58953,32.326001,4224.286847999999,0.747501,0.0,3663,4548.470787
4,70.085786,0.050468,96.165623,5.58953,32.326001,4229.302638999999,0.747501,0.0,3663,4553.486711
4,70.085786,0.050468,96.165623,5.58953,32.326001,4266.872468999999,0.747501,0.0,3663,4594.112233
4,70.085786,0.050468,96.165623,5.58953,32.326001,4304.109543999999,0.747501,0.0,3663,4631.349425
4,70.085786,0.050468,96.165623,5.58953,32.326001,4343.351004999999,0.747501,0.0,3663,4670.590995
4,70.085786,0.050468,96.165623,5.58953,32.326001,4381.0836869999985,0.747501,0.0,3663,4708.323801
4,70.085786,0.050468,96.165623,5.58953,32.326001,4386.094463999999,0.747501,0.0,3663,4713.334698
4,70.085786,0.050468,96.165623,5.58953,32.326001,4422.0463359999985,0.747501,0.0,3663,4749.286702
4,70.085786,0.050468,96.165623,5.58953,32.326001,4427.058198999998,0.747501,0.0,3663,4754.298661
4,70.085786,0.050468,96.165623,5.58953,32.326001,4432.070105999998,0.747501,0.0,3663,4759.310698
4,70.085786,0.050468,96.165623,5.58953,32.326001,4460.853140999999,0.747501,0.0,3663,4788.093826
4,70.085786,0.050468,96.165623,5.58953,32.326001,4465.865877999999,0.747501,0.0,3663,4793.106689
4,70.085786,0.050468,96.165623,5.58953,32.326001,4470.881782999999,0.747501,0.0,3663,4798.122726
4,70.085786,0.050468,96.165623,5.58953,32.326001,4475.897718999999,0.747501,0.0,3663,4803.138795
4,70.085786,0.050468,96.165623,5.58953,32.326001,4480.913798999999,0.747501,0.0,3663,4808.155004
4,70.085786,0.050468,96.165623,5.58953,32.326001,4509.050333999999,0.747501,0.0,3663,4839.101369
4,70.085786,0.050468,96.165623,5.58953,32.326001,4536.547000999999,0.747501,0.0,3663,4866.598161
4,70.085786,0.050468,96.165623,5.58953,32.326001,4565.232693999999,0.747501,0.0,3663,4895.336597
4,70.085786,0.050468,96.165623,5.58953,32.326001,4594.776883999999,0.747501,0.0,3663,4924.880913
4,70.085786,0.050468,96.165623,5.58953,32.326001,4624.880679999999,0.747501,0.0,3663,4954.984836
4,70.085786,0.050468,96.165623,5.58953,32.326001,4641.050361,0.747501,0.0,3663,4971.154651
4,70.085786,0.050468,96.165623,5.58953,32.326001,4652.90812,0.747501,0.0,3663,4983.012554
4,70.085786,0.050468,96.165623,5.58953,32.326001,4666.567217,0.747501,0.0,3663,4996.671769
4,70.085786,0.050468,96.165623,5.58953,32.326001,4681.790386,0.747501,0.0,3663,5011.895134
4,70.085786,0.050468,96.165623,5.58953,32.326001,4701.1839,0.747501,0.0,3663,5031.288848
4,70.085786,0.050468,96.165623,5.58953,32.326001,4701.231925,0.747501,0.0,3663,5031.33715
4,70.085786,0.050468,96.165623,5.58953,32.326001,4701.275273,0.747501,0.0,3663,5031.381106
4,70.085786,0.050468,96.165623,5.58953,32.326001,4701.31209,0.747501,0.0,3663,5031.418245
4,70.085786,0.050468,96.165623,5.58953,32.326001,4721.758216,0.747501,0.0,3663,5051.864633
4,70.085786,0.050468,96.165623,5.58953,32.326001,4721.796097,0.747501,0.0,3663,5051.902745
4,70.085786,0.050468,96.165623,5.58953,32.326001,4721.828694000001,0.747501,0.0,3663,5051.935561
4,70.085786,0.050468,96.165623,5.58953,32.326001,4721.863142000001,0.747501,0.0,3663,5051.970188
4,70.085786,0.050468,96.165623,5.58953,32.326001,4721.898765000001,0.747501,0.0,3663,5052.006013
4,70.085786,0.050468,96.165623,5.58953,32.326001,4721.934483000001,0.747501,0.0,3663,5052.041895
4,70.085786,0.050468,96.165623,5.58953,32.326001,4721.992105000001,0.747501,0.0,3663,5052.099647
4,70.085786,0.050468,96.165623,5.58953,32.326001,4722.053179000001,0.747501,0.0,3663,5052.16087
4,70.085786,0.050468,96.165623,5.58953,32.326001,4722.088610000002,0.747501,0.0,3663,5052.196448
4,70.085786,0.050468,96.165623,5.58953,32.326001,4742.554881000002,0.747501,0.0,3663,5072.662842
4,70.085786,0.050468,96.165623,5.58953,32.326001,4742.586800000002,0.747501,0.0,3663,5072.694876
4,70.085786,0.050468,96.165623,5.58953,32.326001,4742.620885000002,0.747501,0.0,3663,5072.729108
4,70.085786,0.050468,96.165623,5.58953,32.326001,4763.158215000002,0.747501,0.0,3663,5096.191182
4,70.085786,0.050468,96.165623,5.58953,32.326001,4785.3742040000025,0.747501,0.0,3663,5118.407255
4,70.085786,0.050468,96.165623,5.58953,32.326001,4807.423988000002,0.747501,0.0,3663,5140.457166
4,70.085786,0.050468,96.165623,5.58953,32.326001,4828.383034000002,0.747501,0.0,3663,5161.416335
4,70.085786,0.050468,96.165623,5.58953,32.326001,4849.791224000002,0.747501,0.0,3663,5182.82465
4,70.085786,0.050468,96.165623,5.58953,32.326001,4872.582597000002,0.747501,0.0,3663,5205.616161
4,70.085786,0.050468,96.165623,5.58953,32.326001,4895.511896000003,0.747501,0.0,3663,5228.54561
4,70.085786,0.050468,96.165623,5.58953,32.326001,4917.604940000003,0.747501,0.0,3663,5250.638824
4,70.085786,0.050468,96.165623,5.58953,32.326001,4942.693521000003,0.747501,0.0,3663,5275.727608
4,70.085786,0.050468,96.165623,5.58953,32.326001,4972.998233000003,0.747501,0.0,3663,5306.032618
4,70.085786,0.050468,96.165623,5.58953,32.326001,5385.742736000003,0.747501,0.0,3663,5718.77755
4,70.085786,0.050468,96.165623,5.58953,32.326001,5415.268994000003,0.747501,0.0,3663,5749.840813
4,70.085786,0.050468,96.165623,5.58953,61.852637,5415.268994000003,0.747501,0.0,3663,5749.841191
4,70.085786,0.050468,96.165623,5.58953,61.852637,5415.268994000003,0.747501,0.0,3616,5749.841212
4,70.085786,0.050468,129.63885399999998,5.58953,61.852637,5415.268994000003,0.747501,0.0,3616,5783.314454
4,70.085786,0.050468,129.63885399999998,5.58953,61.852637,5415.268994000003,0.747501,0.0,3817,5783.31502
5,70.085786,0.050468,159.19533199999998,5.58953,61.852637,5415.268994000003,0.747501,0.0,3817,5812.871648
5,70.085786,0.050468,159.19533199999998,5.58953,61.852637,5415.268994000003,1.6435089999999999,0.0,3817,5813.767906
5,70.085786,0.050468,159.19533199999998,5.58953,61.852637,5415.268994000003,1.6435089999999999,0.0,3707,5813.767998
5,70.085786,0.050468,189.44123,5.58953,61.852637,5415.268994000003,1.6435089999999999,0.0,3707,5844.014054
5,70.085786,0.050468,189.44123,8.668202,61.852637,5415.268994000003,1.6435089999999999,0.0,3707,5847.092842
5,70.085786,0.050468,189.44123,8.668202,61.852637,5424.291154000003,1.6435089999999999,0.0,3707,5856.121352
5,70.085786,0.050468,189.44123,8.668202,61.852637,5433.391231000003,1.6435089999999999,0.0,3707,5865.221546
5,70.085786,0.050468,189.44123,8.668202,61.852637,5443.6566310000035,1.6435089999999999,0.0,3707,5875.487061
5,70.085786,0.050468,189.44123,8.668202,61.852637,5455.304154000003,1.6435089999999999,0.0,3707,5887.134705
5,70.085786,0.050468,189.44123,8.668202,61.852637,5470.3363240000035,1.6435089999999999,0.0,3707,5902.167
5,70.085786,0.050468,189.44123,8.668202,61.852637,5488.332471000003,1.6435089999999999,0.0,3707,5920.163282
5,70.085786,0.050468,189.44123,8.668202,61.852637,5515.361979000003,1.6435089999999999,0.0,3707,5947.192927
5,70.085786,0.050468,189.44123,8.668202,61.852637,5530.901138000003,1.6435089999999999,0.0,3707,5962.732202
5,70.085786,0.050468,189.44123,8.668202,61.852637,5567.243211000003,1.6435089999999999,0.0,3707,5999.074471
5,70.085786,0.050468,189.44123,8.668202,61.852637,5611.067959000003,1.6435089999999999,0.0,3707,6042.899338
5,70.085786,0.050468,189.44123,8.668202,61.852637,5622.926269000002,1.6435089999999999,0.0,3707,6054.757831
5,70.085786,0.050468,189.44123,8.668202,61.852637,5640.690120000002,1.6435089999999999,0.0,3707,6072.521883
5,70.085786,0.050468,189.44123,8.668202,61.852637,5643.821911000002,1.6435089999999999,0.0,3707,6075.654119
5,70.085786,0.050468,189.44123,8.668202,61.852637,5643.8406890000015,1.6435089999999999,0.0,3707,6075.673372
5,70.085786,0.050468,189.44123,8.668202,61.852637,5662.345050000002,1.6435089999999999,0.0,3707,6094.17815
5,70.085786,0.050468,189.44123,8.668202,61.852637,5662.3590220000015,1.6435089999999999,0.0,3707,6094.192404
5,70.085786,0.050468,189.44123,8.668202,61.852637,5662.371048000002,1.6435089999999999,0.0,3707,6094.204663
5,70.085786,0.050468,189.44123,8.668202,61.852637,5683.181573000002,1.6435089999999999,0.0,3707,6115.015336
5,70.085786,0.050468,189.44123,8.668202,61.852637,5683.193700000002,1.6435089999999999,0.0,3707,6115.027682
5,70.085786,0.050468,189.44123,8.668202,61.852637,5683.205300000001,1.6435089999999999,0.0,3707,6115.039497
5,70.085786,0.050468,189.44123,8.668202,61.852637,5705.032166000002,1.6435089999999999,0.0,3707,6136.866534
5,70.085786,0.050468,189.44123,8.668202,61.852637,5705.045126000002,1.6435089999999999,0.0,3707,6136.879706
5,70.085786,0.050468,189.44123,8.668202,61.852637,5705.057385000002,1.6435089999999999,0.0,3707,6136.892141
5,70.085786,0.050468,189.44123,8.668202,61.852637,5705.072181000002,1.6435089999999999,0.0,3707,6136.907084
5,70.085786,0.050468,189.44123,8.668202,61.852637,5705.084935000003,1.6435089999999999,0.0,3707,6136.919976
5,70.085786,0.050468,189.44123,8.668202,61.852637,5705.096782000002,1.6435089999999999,0.0,3707,6136.931943
5,70.085786,0.050468,189.44123,8.668202,61.852637,5727.178765000002,1.6435089999999999,0.0,3707,6159.014043
5,70.085786,0.050468,189.44123,8.668202,61.852637,5727.199156000002,1.6435089999999999,0.0,3707,6159.034575
5,70.085786,0.050468,189.44123,8.668202,61.852637,5727.216822000002,1.6435089999999999,0.0,3707,6159.052359
5,70.085786,0.050468,189.44123,8.668202,61.852637,5727.234731000002,1.6435089999999999,0.0,3707,6159.070377
5,70.085786,0.050468,189.44123,8.668202,61.852637,5727.253504000002,1.6435089999999999,0.0,3707,6159.089249
5,70.085786,0.050468,189.44123,8.668202,61.852637,5748.632623000002,1.6435089999999999,0.0,3707,6183.681354
5,70.085786,0.050468,189.44123,8.668202,61.852637,5768.988752000002,1.6435089999999999,0.0,3707,6204.037611
5,70.085786,0.050468,189.44123,8.668202,61.852637,5790.576662000002,1.6435089999999999,0.0,3707,6225.625642
5,70.085786,0.050468,189.44123,8.668202,61.852637,5811.0479730000025,1.6435089999999999,0.0,3707,6246.097287
5,70.085786,0.050468,189.44123,8.668202,61.852637,5832.476080000002,1.6435089999999999,0.0,3707,6267.525521
5,70.085786,0.050468,189.44123,8.668202,61.852637,5853.588298000002,1.6435089999999999,0.0,3707,6288.63788
5,70.085786,0.050468,189.44123,8.668202,61.852637,5874.528513000002,1.6435089999999999,0.0,3707,6309.578204
5,70.085786,0.050468,189.44123,8.668202,61.852637,5898.176351000002,1.6435089999999999,0.0,3707,6333.226233
5,70.085786,0.050468,189.44123,8.668202,61.852637,5922.528408000002,1.6435089999999999,0.0,3707,6357.578439
5,70.085786,0.050468,189.44123,8.668202,61.852637,5952.057460000002,1.6435089999999999,0.0,3707,6387.107769
5,70.085786,0.050468,189.44123,8.668202,61.852637,5952.149728000002,1.6435089999999999,0.0,3707,6387.20047
5,70.085786,0.050468,189.44123,8.668202,61.852637,5982.072118000002,1.6435089999999999,0.0,3707,6417.123419
5,70.085786,0.050468,189.44123,8.668202,61.852637,5982.1138740000015,1.6435089999999999,0.0,3707,6417.165513
5,70.085786,0.050468,189.44123,8.668202,61.852637,5982.155796000002,1.6435089999999999,0.0,3707,6417.207915
5,70.085786,0.050468,189.44123,8.668202,61.852637,5982.196782000002,1.6435089999999999,0.0,3707,6417.249275
5,70.085786,0.050468,189.44123,8.668202,61.852637,6015.161076000002,1.6435089999999999,0.0,3707,6450.213801
5,70.085786,0.050468,189.44123,8.668202,61.852637,6015.2040860000025,1.6435089999999999,0.0,3707,6450.25705
5,70.085786,0.050468,189.44123,8.668202,61.852637,6015.245873000003,1.6435089999999999,0.0,3707,6450.299114
5,70.085786,0.050468,189.44123,8.668202,61.852637,6048.333721000003,1.6435089999999999,0.0,3707,6483.387176
5,70.085786,0.050468,189.44123,8.668202,61.852637,6048.3765870000025,1.6435089999999999,0.0,3707,6483.430224
5,70.085786,0.050468,189.44123,8.668202,61.852637,6048.418154000003,1.6435089999999999,0.0,3707,6483.472001
5,70.085786,0.050468,189.44123,8.668202,61.852637,6048.459367000003,1.6435089999999999,0.0,3707,6483.51339
5,70.085786,0.050468,189.44123,8.668202,61.852637,6080.150047000003,1.6435089999999999,0.0,3707,6515.204215
5,70.085786,0.050468,189.44123,8.668202,61.852637,6080.188556000003,1.6435089999999999,0.0,3707,6515.242863
5,70.085786,0.050468,189.44123,8.668202,61.852637,6080.228817000003,1.6435089999999999,0.0,3707,6515.283292
5,70.085786,0.050468,189.44123,8.668202,61.852637,6113.625245000003,1.6435089999999999,0.0,3707,6548.679856
5,70.085786,0.050468,189.44123,8.668202,61.852637,6113.665360000003,1.6435089999999999,0.0,3707,6548.7201
5,70.085786,0.050468,189.44123,8.668202,61.852637,6113.706904000002,1.6435089999999999,0.0,3707,6548.761761
5,70.085786,0.050468,189.44123,8.668202,61.852637,6113.748238000002,1.6435089999999999,0.0,3707,6548.803235
5,70.085786,0.050468,189.44123,8.668202,61.852637,6113.785982000002,1.6435089999999999,0.0,3707,6548.841097
5,70.085786,0.050468,189.44123,8.668202,61.852637,6146.780453000002,1.6435089999999999,0.0,3707,6581.835695
5,70.085786,0.050468,189.44123,8.668202,61.852637,6146.819747000002,1.6435089999999999,0.0,3707,6581.875109
5,70.085786,0.050468,189.44123,8.668202,61.852637,6146.8587350000025,1.6435089999999999,0.0,3707,6581.914226
5,70.085786,0.050468,189.44123,8.668202,61.852637,6178.261754000003,1.6435089999999999,0.0,3707,6616.299026
5,70.085786,0.050468,189.44123,8.668202,61.852637,6211.419321000003,1.6435089999999999,0.0,3707,6649.456714
5,70.085786,0.050468,189.44123,8.668202,61.852637,6243.487394000003,1.6435089999999999,0.0,3707,6681.524908
5,70.085786,0.050468,189.44123,8.668202,61.852637,6276.5290680000035,1.6435089999999999,0.0,3707,6714.566705
5,70.085786,0.050468,189.44123,8.668202,61.852637,6311.4274680000035,1.6435089999999999,0.0,3707,6749.465238
5,70.085786,0.050468,189.44123,8.668202,61.852637,6345.416986000004,1.6435089999999999,0.0,3707,6783.454916
5,70.085786,0.050468,189.44123,8.668202,61.852637,6380.346160000004,1.6435089999999999,0.0,3707,6818.384252
5,70.085786,0.050468,189.44123,8.668202,61.852637,6416.634347000004,1.6435089999999999,0.0,3707,6854.672618
5,70.085786,0.050468,189.44123,8.668202,61.852637,6453.293902000004,1.6435089999999999,0.0,3707,6891.332363
5,70.085786,0.050468,189.44123,8.668202,98.512572,6453.293902000004,1.6435089999999999,0.0,3707,6891.332743
5,70.085786,0.050468,189.44123,8.668202,98.512572,6453.293902000004,1.6435089999999999,0.0,3705,6891.332766
5,70.085786,0.050468,226.573852,8.668202,98.512572,6453.293902000004,1.6435089999999999,0.0,3705,6928.465407
5,70.085786,0.050468,226.573852,8.668202,98.512572,6453.293902000004,1.6435089999999999,0.0,3721,6928.466013
6,70.085786,0.050468,256.78742,8.668202,98.512572,6453.293902000004,1.6435089999999999,0.0,3721,6958.679746
6,70.085786,0.050468,256.78742,8.668202,98.512572,6453.293902000004,1.6435089999999999,0.032074,3721,6958.712123
6,70.085786,0.050468,256.78742,8.668202,98.512572,6453.293902000004,1.6435089999999999,0.032074,14252,6958.712209
7,70.085786,0.050468,498.257113,8.668202,98.512572,6453.293902000004,1.6435089999999999,0.032074,14252,7200.182008
7,70.085786,0.050468,498.257113,23.833723,98.512572,6453.293902000004,1.6435089999999999,0.032074,14252,7215.34765
7,70.085786,0.050468,498.257113,23.833723,98.512572,6462.4564050000035,1.6435089999999999,0.032074,14252,7224.525703
7,70.085786,0.050468,498.257113,23.833723,98.512572,6471.4401970000035,1.6435089999999999,0.032074,14252,7233.509618
7,70.085786,0.050468,498.257113,23.833723,98.512572,6481.742158000004,1.6435089999999999,0.032074,14252,7243.811704
7,70.085786,0.050468,498.257113,23.833723,98.512572,6494.076601000003,1.6435089999999999,0.032074,14252,7256.146274
7,70.085786,0.050468,498.257113,23.833723,98.512572,6510.072266000004,1.6435089999999999,0.032074,14252,7272.142068
7,70.085786,0.050468,498.257113,23.833723,98.512572,6530.966131000004,1.6435089999999999,0.032074,14252,7293.036081
7,70.085786,0.050468,498.257113,23.833723,98.512572,6539.915738000003,1.6435089999999999,0.032074,14252,7301.985834
7,70.085786,0.050468,498.257113,23.833723,98.512572,6539.921136000004,1.6435089999999999,0.032074,14252,7301.991355
7,70.085786,0.050468,498.257113,23.833723,98.512572,6539.926252000004,1.6435089999999999,0.032074,14252,7301.996589
7,70.085786,0.050468,498.257113,23.833723,98.512572,6539.931441000004,1.6435089999999999,0.032074,14252,7302.001872
7,70.085786,0.050468,498.257113,23.833723,98.512572,6539.936539000004,1.6435089999999999,0.032074,14252,7302.007052
7,70.085786,0.050468,498.257113,23.833723,98.512572,6539.941638000004,1.6435089999999999,0.032074,14252,7302.012228
7,70.085786,0.050468,498.257113,23.833723,98.512572,6539.946697000004,1.6435089999999999,0.032074,14252,7302.017362
7,70.085786,0.050468,498.257113,23.833723,98.512572,6539.952049000004,1.6435089999999999,0.032074,14252,7302.022789
7,70.085786,0.050468,498.257113,23.833723,98.512572,6548.954677000004,1.6435089999999999,0.032074,14252,7311.025503
7,70.085786,0.050468,498.257113,23.833723,98.512572,6548.959984000005,1.6435089999999999,0.032074,14252,7311.030931
7,70.085786,0.050468,498.257113,23.833723,98.512572,6548.965235000004,1.6435089999999999,0.032074,14252,7311.036278
7,70.085786,0.050468,498.257113,23.833723,98.512572,6557.938858000004,1.6435089999999999,0.032074,14252,7334.555709
7,70.085786,0.050468,498.257113,23.833723,98.512572,6566.763470000004,1.6435089999999999,0.032074,14252,7343.380414
7,70.085786,0.050468,498.257113,23.833723,98.512572,6575.403311000005,1.6435089999999999,0.032074,14252,7352.020381
7,70.085786,0.050468,498.257113,23.833723,98.512572,6584.667192000004,1.6435089999999999,0.032074,14252,7361.284383
7,70.085786,0.050468,498.257113,23.833723,98.512572,6594.043403000004,1.6435089999999999,0.032074,14252,7370.660723
7,70.085786,0.050468,498.257113,23.833723,98.512572,6603.5800190000045,1.6435089999999999,0.032074,14252,7380.197473
7,70.085786,0.050468,498.257113,23.833723,98.512572,6614.234735000005,1.6435089999999999,0.032074,14252,7390.852331
7,70.085786,0.050468,498.257113,23.833723,98.512572,6625.420789000004,1.6435089999999999,0.032074,14252,7402.038575
7,70.085786,0.050468,498.257113,23.833723,98.512572,6625.429769000004,1.6435089999999999,0.032074,14252,7402.047749
7,70.085786,0.050468,498.257113,23.833723,98.512572,6625.438487000004,1.6435089999999999,0.032074,14252,7402.056691
7,70.085786,0.050468,498.257113,23.833723,98.512572,6637.478709000004,1.6435089999999999,0.032074,14252,7414.097066
7,70.085786,0.050468,498.257113,23.833723,98.512572,6637.487488000003,1.6435089999999999,0.032074,14252,7414.106013
7,70.085786,0.050468,498.257113,23.833723,98.512572,6637.495864000003,1.6435089999999999,0.032074,14252,7414.114544
7,70.085786,0.050468,498.257113,23.833723,98.512572,6637.504131000003,1.6435089999999999,0.032074,14252,7414.122943
7,70.085786,0.050468,498.257113,23.833723,98.512572,6649.688720000004,1.6435089999999999,0.032074,14252,7426.307647
7,70.085786,0.050468,498.257113,23.833723,98.512572,6649.697334000004,1.6435089999999999,0.032074,14252,7426.316394
7,70.085786,0.050468,498.257113,23.833723,98.512572,6649.704985000004,1.6435089999999999,0.032074,14252,7426.324147
7,70.085786,0.050468,498.257113,23.833723,98.512572,6649.712279000004,1.6435089999999999,0.032074,14252,7426.331526
7,70.085786,0.050468,498.257113,23.833723,98.512572,6649.720626000004,1.6435089999999999,0.032074,14252,7426.339986
7,70.085786,0.050468,498.257113,23.833723,98.512572,6661.112297000004,1.6435089999999999,0.032074,14252,7437.731765
7,70.085786,0.050468,498.257113,23.833723,98.512572,6661.120383000004,1.6435089999999999,0.032074,14252,7437.739973
7,70.085786,0.050468,498.257113,23.833723,98.512572,6661.128639000004,1.6435089999999999,0.032074,14252,7437.748349
7,70.085786,0.050468,498.257113,23.833723,98.512572,6672.810656000004,1.6435089999999999,0.032074,14252,7449.430477
7,70.085786,0.050468,498.257113,23.833723,98.512572,6672.819280000004,1.6435089999999999,0.032074,14252,7449.439224
7,70.085786,0.050468,498.257113,23.833723,98.512572,6672.828069000005,1.6435089999999999,0.032074,14252,7449.448125
7,70.085786,0.050468,498.257113,23.833723,98.512572,6685.785292000005,1.6435089999999999,0.032074,14252,7478.091806
7,70.085786,0.050468,498.257113,23.833723,98.512572,6696.842887000005,1.6435089999999999,0.032074,14252,7489.149522
7,70.085786,0.050468,498.257113,23.833723,98.512572,6707.853030000006,1.6435089999999999,0.032074,14252,7500.159788
7,70.085786,0.050468,498.257113,23.833723,98.512572,6719.559809000006,1.6435089999999999,0.032074,14252,7511.866689
7,70.085786,0.050468,498.257113,23.833723,98.512572,6732.049956000006,1.6435089999999999,0.032074,14252,7524.356959
7,70.085786,0.050468,498.257113,23.833723,98.512572,6745.760853000006,1.6435089999999999,0.032074,14252,7538.067985
7,70.085786,0.050468,498.257113,23.833723,98.512572,6760.235476000006,1.6435089999999999,0.032074,14252,7552.542742
7,70.085786,0.050468,498.257113,23.833723,98.512572,6774.4385320000065,1.6435089999999999,0.032074,14252,7566.745911
7,70.085786,0.050468,498.257113,23.833723,98.512572,6790.926024000007,1.6435089999999999,0.032074,14252,7583.233627
7,70.085786,0.050468,498.257113,23.833723,98.512572,6804.089677000006,1.6435089999999999,0.032074,14252,7596.397479
7,70.085786,0.050468,498.257113,23.833723,98.512572,6823.865968000006,1.6435089999999999,0.032074,14252,7616.174231
7,70.085786,0.050468,498.257113,23.833723,98.512572,6823.8843630000065,1.6435089999999999,0.032074,14252,7616.193169
7,70.085786,0.050468,498.257113,23.833723,98.512572,6823.904627000006,1.6435089999999999,0.032074,14252,7616.21407
7,70.085786,0.050468,498.257113,23.833723,98.512572,6823.923961000006,1.6435089999999999,0.032074,14252,7616.233987
7,70.085786,0.050468,498.257113,23.833723,98.512572,6845.531031000006,1.6435089999999999,0.032074,14252,7637.841371
7,70.085786,0.050468,498.257113,23.833723,98.512572,6845.549720000006,1.6435089999999999,0.032074,14252,7637.860272
7,70.085786,0.050468,498.257113,23.833723,98.512572,6845.569248000006,1.6435089999999999,0.032074,14252,7637.880167
7,70.085786,0.050468,498.257113,23.833723,98.512572,6845.587338000006,1.6435089999999999,0.032074,14252,7637.898485
7,70.085786,0.050468,498.257113,23.833723,98.512572,6845.6051410000055,1.6435089999999999,0.032074,14252,7637.916474
7,70.085786,0.050468,498.257113,23.833723,98.512572,6870.566265000006,1.6435089999999999,0.032074,14252,7662.877742
7,70.085786,0.050468,498.257113,23.833723,98.512572,6870.584385000006,1.6435089999999999,0.032074,14252,7662.896031
7,70.085786,0.050468,498.257113,23.833723,98.512572,6870.602908000005,1.6435089999999999,0.032074,14252,7662.914729
7,70.085786,0.050468,498.257113,23.833723,98.512572,6894.617589000005,1.6435089999999999,0.032074,14252,7686.929557
7,70.085786,0.050468,498.257113,23.833723,98.512572,6894.633353000005,1.6435089999999999,0.032074,14252,7686.945426
7,70.085786,0.050468,498.257113,23.833723,98.512572,6894.649749000005,1.6435089999999999,0.032074,14252,7686.961917
7,70.085786,0.050468,498.257113,23.833723,98.512572,6894.666666000005,1.6435089999999999,0.032074,14252,7686.978934
7,70.085786,0.050468,498.257113,23.833723,98.512572,6894.684549000005,1.6435089999999999,0.032074,14252,7686.996942
7,70.085786,0.050468,498.257113,23.833723,98.512572,6894.703046000005,1.6435089999999999,0.032074,14252,7687.01555
7,70.085786,0.050468,498.257113,23.833723,98.512572,6920.035451000005,1.6435089999999999,0.032074,14252,7712.348068
7,70.085786,0.050468,498.257113,23.833723,98.512572,6920.068511000005,1.6435089999999999,0.032074,14252,7712.381254
7,70.085786,0.050468,498.257113,23.833723,98.512572,6920.088039000005,1.6435089999999999,0.032074,14252,7712.40088
7,70.085786,0.050468,498.257113,23.833723,98.512572,6946.144743000004,1.6435089999999999,0.032074,14252,7753.256395
7,70.085786,0.050468,498.257113,23.833723,98.512572,6972.252741000005,1.6435089999999999,0.032074,14252,7779.364513
7,70.085786,0.050468,498.257113,23.833723,98.512572,6996.738322000005,1.6435089999999999,0.032074,14252,7803.850213
7,70.085786,0.050468,498.257113,23.833723,98.512572,7021.477795000004,1.6435089999999999,0.032074,14252,7828.58986
7,70.085786,0.050468,498.257113,23.833723,98.512572,7045.687743000004,1.6435089999999999,0.032074,14252,7852.799939
7,70.085786,0.050468,498.257113,23.833723,98.512572,7071.526640000004,1.6435089999999999,0.032074,14252,7878.638944
7,70.085786,0.050468,498.257113,23.833723,98.512572,7097.054631000004,1.6435089999999999,0.032074,14252,7904.167051
7,70.085786,0.050468,498.257113,23.833723,98.512572,7125.0034840000035,1.6435089999999999,0.032074,14252,7932.116108
7,70.085786,0.050468,498.257113,23.833723,98.512572,7154.642800000003,1.6435089999999999,0.032074,14252,7961.755686
7,70.085786,0.050468,498.257113,23.833723,98.512572,7190.2195100000035,1.6435089999999999,0.032074,14252,7997.332745
7,70.085786,0.050468,498.257113,23.833723,98.512572,7221.8300080000035,1.6435089999999999,0.032074,14252,8028.943754
7,70.085786,0.050468,498.257113,23.833723,98.512572,7260.279750000003,1.6435089999999999,0.032074,14252,8067.393984
7,70.085786,0.050468,498.257113,23.833723,98.512572,7260.345550000004,1.6435089999999999,0.032074,14252,8067.461347
7,70.085786,0.050468,498.257113,23.833723,98.512572,7346.960954000004,1.6435089999999999,0.032074,14252,8154.078401
7,70.085786,0.050468,498.257113,23.833723,98.512572,7347.029895000004,1.6435089999999999,0.032074,14252,8154.148707
7,70.085786,0.050468,498.257113,23.833723,98.512572,7347.095782000004,1.6435089999999999,0.032074,14252,8154.216401
7,70.085786,0.050468,498.257113,23.833723,98.512572,7347.169214000004,1.6435089999999999,0.032074,14252,8154.290963
7,70.085786,0.050468,498.257113,23.833723,98.512572,7443.748146000004,1.6435089999999999,0.032074,14252,8250.870525
7,70.085786,0.050468,498.257113,23.833723,98.512572,7443.829340000005,1.6435089999999999,0.032074,14252,8250.952291
7,70.085786,0.050468,498.257113,23.833723,98.512572,7443.950978000004,1.6435089999999999,0.032074,14252,8251.074757
7,70.085786,0.050468,498.257113,23.833723,98.512572,7444.019971000004,1.6435089999999999,0.032074,14252,8251.144164
7,70.085786,0.050468,498.257113,23.833723,98.512572,7444.088189000005,1.6435089999999999,0.032074,14252,8251.212651
7,70.085786,0.050468,498.257113,23.833723,98.512572,7541.939964000005,1.6435089999999999,0.032074,14252,8349.064654
7,70.085786,0.050468,498.257113,23.833723,98.512572,7542.010118000005,1.6435089999999999,0.032074,14252,8349.135017
7,70.085786,0.050468,498.257113,23.833723,98.512572,7542.135562000005,1.6435089999999999,0.032074,14252,8349.260692
7,70.085786,0.050468,498.257113,23.833723,98.512572,7542.262475000005,1.6435089999999999,0.032074,14252,8349.387819
7,70.085786,0.050468,498.257113,23.833723,98.512572,7542.386969000005,1.6435089999999999,0.032074,14252,8349.512485
7,70.085786,0.050468,498.257113,23.833723,98.512572,7542.4728630000045,1.6435089999999999,0.032074,14252,8349.598548
7,70.085786,0.050468,498.257113,23.833723,98.512572,7637.4817850000045,1.6435089999999999,0.032074,14252,8444.607609
7,70.085786,0.050468,498.257113,23.833723,98.512572,7637.555344000005,1.6435089999999999,0.032074,14252,8444.681316
7,70.085786,0.050468,498.257113,23.833723,98.512572,7637.624392000005,1.6435089999999999,0.032074,14252,8444.750521
7,70.085786,0.050468,498.257113,23.833723,98.512572,7730.891472000005,1.6435089999999999,0.032074,14252,8538.017708
7,70.085786,0.050468,498.257113,23.833723,98.512572,7730.975809000005,1.6435089999999999,0.032074,14252,8538.102177
7,70.085786,0.050468,498.257113,23.833723,98.512572,7731.045214000005,1.6435089999999999,0.032074,14252,8538.171728
7,70.085786,0.050468,498.257113,23.833723,98.512572,7731.117274000006,1.6435089999999999,0.032074,14252,8538.243936
7,70.085786,0.050468,498.257113,23.833723,98.512572,7825.177600000005,1.6435089999999999,0.032074,14252,8647.955439
7,70.085786,0.050468,498.257113,23.833723,98.512572,7918.375692000005,1.6435089999999999,0.032074,14252,8741.153666
7,70.085786,0.050468,498.257113,23.833723,98.512572,8014.579149000005,1.6435089999999999,0.032074,14252,8837.357261
7,70.085786,0.050468,498.257113,23.833723,98.512572,8111.452218000005,1.6435089999999999,0.032074,14252,8934.230467
7,70.085786,0.050468,498.257113,23.833723,98.512572,8206.670915000004,1.6435089999999999,0.032074,14252,9029.449307
7,70.085786,0.050468,498.257113,23.833723,98.512572,8302.719706000003,1.6435089999999999,0.032074,14252,9125.498271
7,70.085786,0.050468,498.257113,23.833723,98.512572,8399.194089000004,1.6435089999999999,0.032074,14252,9221.972885
7,70.085786,0.050468,498.257113,23.833723,98.512572,8496.207756000003,1.6435089999999999,0.032074,14252,9318.986764
7,70.085786,0.050468,498.257113,23.833723,98.512572,8589.878459000003,1.6435089999999999,0.032074,14252,9412.657757
7,70.085786,0.050468,498.257113,23.833723,98.512572,8680.490511000004,1.6435089999999999,0.032074,14252,9503.270198
7,70.085786,0.050468,498.257113,23.833723,98.512572,8778.064502000003,1.6435089999999999,0.032074,14252,9600.844597
7,70.085786,0.050468,498.257113,23.833723,98.512572,8878.733884000003,1.6435089999999999,0.032074,14252,9701.514884
7,70.085786,0.050468,498.257113,23.833723,98.512572,8982.583713000004,1.6435089999999999,0.032074,14252,9805.365141
7,70.085786,0.050468,498.257113,23.833723,202.36371400000002,8982.583713000004,1.6435089999999999,0.032074,14252,9805.366454
7,70.085786,0.050468,498.257113,23.833723,202.36371400000002,8982.583713000004,1.6435089999999999,0.032074,14248,9805.366505
7,70.085786,0.050468,615.755954,23.833723,202.36371400000002,8982.583713000004,1.6435089999999999,0.032074,14248,9922.865377
7,70.085786,0.050468,615.755954,23.833723,202.36371400000002,8982.583713000004,1.6435089999999999,0.032074,14289,9922.865844
8,70.085786,0.050468,675.614304,23.833723,202.36371400000002,8982.583713000004,1.6435089999999999,0.032074,14289,9982.724344
8,70.085786,0.050468,675.614304,23.833723,202.36371400000002,8982.583713000004,2.815945,0.032074,14289,9983.897193
8,70.085786,0.050468,675.614304,23.833723,202.36371400000002,8982.583713000004,2.815945,0.032074,14222,9983.89731
8,70.085786,0.050468,786.1906459999999,23.833723,202.36371400000002,8982.583713000004,2.815945,0.032074,14222,10094.861991
8,70.085786,0.050468,786.1906459999999,23.833723,202.36371400000002,8982.583713000004,4.271232,0.032074,14222,10096.31751
8,70.085786,0.050468,786.1906459999999,23.833723,202.36371400000002,8982.583713000004,4.271232,0.032074,14199,10096.31763
8,70.085786,0.050468,908.4099499999999,23.833723,202.36371400000002,8982.583713000004,4.271232,0.032074,14199,10218.537079
8,70.085786,0.050468,908.4099499999999,23.833723,202.36371400000002,8982.583713000004,6.504441,0.032074,14199,10220.77043
8,70.085786,0.050468,908.4099499999999,23.833723,202.36371400000002,8982.583713000004,6.504441,0.032074,14194,10220.770546
8,70.085786,0.050468,953.3389749999999,23.833723,202.36371400000002,8982.583713000004,6.504441,0.032074,14194,10265.699715
8,70.085786,0.050468,953.3389749999999,30.556371,202.36371400000002,8982.583713000004,6.504441,0.032074,14194,10272.422488
8,70.085786,0.050468,953.3389749999999,30.556371,202.36371400000002,8992.460693000003,6.504441,0.032074,14194,10282.310177
8,70.085786,0.050468,953.3389749999999,30.556371,202.36371400000002,9002.959223000003,6.504441,0.032074,14194,10292.808804
8,70.085786,0.050468,953.3389749999999,30.556371,202.36371400000002,9014.776924000003,6.504441,0.032074,14194,10304.626636
8,70.085786,0.050468,953.3389749999999,30.556371,202.36371400000002,9028.593670000004,6.504441,0.032074,14194,10318.443503
8,70.085786,0.050468,953.3389749999999,30.556371,202.36371400000002,9045.800613000003,6.504441,0.032074,14194,10335.650574
8,70.085786,0.050468,953.3389749999999,30.556371,202.36371400000002,9068.391961000003,6.504441,0.032074,14194,10358.242064
8,70.085786,0.050468,953.3389749999999,30.556371,202.36371400000002,9077.782265000003,6.504441,0.032074,14194,10367.632518
8,70.085786,0.050468,953.3389749999999,30.556371,202.36371400000002,9087.929480000004,6.504441,0.032074,14194,10377.779906
8,70.085786,0.050468,953.3389749999999,30.556371,202.36371400000002,9100.900664000004,6.504441,0.032074,14194,10390.751316
8,70.085786,0.050468,953.3389749999999,30.556371,202.36371400000002,9115.263853000004,6.504441,0.032074,14194,10405.114789
8,70.085786,0.050468,953.3389749999999,30.556371,202.36371400000002,9115.275336000004,6.504441,0.032074,14194,10405.12659
8,70.085786,0.050468,953.3389749999999,30.556371,202.36371400000002,9115.285376000003,6.504441,0.032074,14194,10405.136991
8,70.085786,0.050468,953.3389749999999,30.556371,202.36371400000002,9115.294589000003,6.504441,0.032074,14194,10405.146446
8,70.085786,0.050468,953.3389749999999,30.556371,202.36371400000002,9115.303363000003,6.504441,0.032074,14194,10405.155372
8,70.085786,0.050468,953.3389749999999,30.556371,202.36371400000002,9129.796842000003,6.504441,0.032074,14194,10419.648971
8,70.085786,0.050468,953.3389749999999,30.556371,202.36371400000002,9129.806982000004,6.504441,0.032074,14194,10419.659289
8,70.085786,0.050468,953.3389749999999,30.556371,202.36371400000002,9129.817064000004,6.504441,0.032074,14194,10419.669538
8,70.085786,0.050468,953.3389749999999,30.556371,202.36371400000002,9129.826735000004,6.504441,0.032074,14194,10419.679344
8,70.085786,0.050468,953.3389749999999,30.556371,202.36371400000002,9129.839616000005,6.504441,0.032074,14194,10419.692342
8,70.085786,0.050468,953.3389749999999,30.556371,202.36371400000002,9144.545086000006,6.504441,0.032074,14194,10434.397928
8,70.085786,0.050468,953.3389749999999,30.556371,202.36371400000002,9144.559663000005,6.504441,0.032074,14194,10434.412635
8,70.085786,0.050468,953.3389749999999,30.556371,202.36371400000002,9144.569952000005,6.504441,0.032074,14194,10434.423052
8,70.085786,0.050468,953.3389749999999,30.556371,202.36371400000002,9159.615293000004,6.504441,0.032074,14194,10449.46851
8,70.085786,0.050468,953.3389749999999,30.556371,202.36371400000002,9159.624500000004,6.504441,0.032074,14194,10449.477838
8,70.085786,0.050468,953.3389749999999,30.556371,202.36371400000002,9159.633925000004,6.504441,0.032074,14194,10449.487376
8,70.085786,0.050468,953.3389749999999,30.556371,202.36371400000002,9159.643817000004,6.504441,0.032074,14194,10449.497385
8,70.085786,0.050468,953.3389749999999,30.556371,202.36371400000002,9159.653426000004,6.504441,0.032074,14194,10449.507099
8,70.085786,0.050468,953.3389749999999,30.556371,202.36371400000002,9172.819998000004,6.504441,0.032074,14194,10468.95207
8,70.085786,0.050468,953.3389749999999,30.556371,202.36371400000002,9186.033081000005,6.504441,0.032074,14194,10482.165278
8,70.085786,0.050468,953.3389749999999,30.556371,202.36371400000002,9200.078546000004,6.504441,0.032074,14194,10496.210864
8,70.085786,0.050468,953.3389749999999,30.556371,202.36371400000002,9213.864988000005,6.504441,0.032074,14194,10509.997405
8,70.085786,0.050468,953.3389749999999,30.556371,202.36371400000002,9227.766358000004,6.504441,0.032074,14194,10523.898883
8,70.085786,0.050468,953.3389749999999,30.556371,202.36371400000002,9242.046134000004,6.504441,0.032074,14194,10538.178797
8,70.085786,0.050468,953.3389749999999,30.556371,202.36371400000002,9256.672464000003,6.504441,0.032074,14194,10552.805285
8,70.085786,0.050468,953.3389749999999,30.556371,202.36371400000002,9273.236661000003,6.504441,0.032074,14194,10569.36961
8,70.085786,0.050468,953.3389749999999,30.556371,202.36371400000002,9289.967345000003,6.504441,0.032074,14194,10586.100529
8,70.085786,0.050468,953.3389749999999,30.556371,202.36371400000002,9309.813538000002,6.504441,0.032074,14194,10605.946974
8,70.085786,0.050468,953.3389749999999,30.556371,202.36371400000002,9339.022202000002,6.504441,0.032074,14194,10635.155939
8,70.085786,0.050468,953.3389749999999,30.556371,202.36371400000002,9384.247764000002,6.504441,0.032074,14194,10680.382263
8,70.085786,0.050468,953.3389749999999,30.556371,202.36371400000002,9384.286200000002,6.504441,0.032074,14194,10680.422087
8,70.085786,0.050468,953.3389749999999,30.556371,202.36371400000002,9384.318892000003,6.504441,0.032074,14194,10680.456503
8,70.085786,0.050468,953.3389749999999,30.556371,202.36371400000002,9384.349540000003,6.504441,0.032074,14194,10680.487943
8,70.085786,0.050468,953.3389749999999,30.556371,202.36371400000002,9429.726070000002,6.504441,0.032074,14194,10725.86505
8,70.085786,0.050468,953.3389749999999,30.556371,202.36371400000002,9429.756505000003,6.504441,0.032074,14194,10725.896021
8,70.085786,0.050468,953.3389749999999,30.556371,202.36371400000002,9429.784401000003,6.504441,0.032074,14194,10725.924401
8,70.085786,0.050468,953.3389749999999,30.556371,202.36371400000002,9477.801578000002,6.504441,0.032074,14194,10773.941889
8,70.085786,0.050468,953.3389749999999,30.556371,202.36371400000002,9477.852062000002,6.504441,0.032074,14194,10773.992781
8,70.085786,0.050468,953.3389749999999,30.556371,202.36371400000002,9477.902900000001,6.504441,0.032074,14194,10774.044094
8,70.085786,0.050468,953.3389749999999,30.556371,202.36371400000002,9477.951569,6.504441,0.032074,14194,10774.093083
8,70.085786,0.050468,953.3389749999999,30.556371,202.36371400000002,9478.003887,6.504441,0.032074,14194,10774.145617
8,70.085786,0.050468,953.3389749999999,30.556371,202.36371400000002,9529.603758000001,6.504441,0.032074,14194,10825.745708
8,70.085786,0.050468,953.3389749999999,30.556371,202.36371400000002,9529.630708,6.504441,0.032074,14194,10825.772834
8,70.085786,0.050468,953.3389749999999,30.556371,202.36371400000002,9529.659278000001,6.504441,0.032074,14194,10825.801587
8,70.085786,0.050468,953.3389749999999,30.556371,202.36371400000002,9578.714205,6.504441,0.032074,14194,10874.85662
8,70.085786,0.050468,953.3389749999999,30.556371,202.36371400000002,9578.744953,6.504441,0.032074,14194,10874.887517
8,70.085786,0.050468,953.3389749999999,30.556371,202.36371400000002,9578.779918,6.504441,0.032074,14194,10874.922654
8,70.085786,0.050468,953.3389749999999,30.556371,202.36371400000002,9629.167852,6.504441,0.032074,14194,10925.310748
8,70.085786,0.050468,953.3389749999999,30.556371,202.36371400000002,9629.200189000001,6.504441,0.032074,14194,10925.343244
8,70.085786,0.050468,953.3389749999999,30.556371,202.36371400000002,9629.229168000002,6.504441,0.032074,14194,10925.372353
8,70.085786,0.050468,953.3389749999999,30.556371,202.36371400000002,9629.258791000002,6.504441,0.032074,14194,10925.402097
8,70.085786,0.050468,953.3389749999999,30.556371,202.36371400000002,9629.290388000001,6.504441,0.032074,14194,10925.433847
8,70.085786,0.050468,953.3389749999999,30.556371,202.36371400000002,9681.302992,6.504441,0.032074,14194,10977.446593
8,70.085786,0.050468,953.3389749999999,30.556371,202.36371400000002,9681.330090000001,6.504441,0.032074,14194,10977.473816
8,70.085786,0.050468,953.3389749999999,30.556371,202.36371400000002,9681.358349000002,6.504441,0.032074,14194,10977.502209
8,70.085786,0.050468,953.3389749999999,30.556371,202.36371400000002,9733.944876000001,6.504441,0.032074,14194,11036.890995
8,70.085786,0.050468,953.3389749999999,30.556371,202.36371400000002,9785.737504,6.504441,0.032074,14194,11088.683752
8,70.085786,0.050468,953.3389749999999,30.556371,202.36371400000002,9838.940848,6.504441,0.032074,14194,11141.887226
8,70.085786,0.050468,953.3389749999999,30.556371,202.36371400000002,9889.521394,6.504441,0.032074,14194,11192.46791
8,70.085786,0.050468,953.3389749999999,30.556371,202.36371400000002,9938.568835999999,6.504441,0.032074,14194,11241.515486
8,70.085786,0.050468,953.3389749999999,30.556371,202.36371400000002,9989.894855999999,6.504441,0.032074,14194,11292.841679
8,70.085786,0.050468,953.3389749999999,30.556371,202.36371400000002,10038.599521999999,6.504441,0.032074,14194,11341.54651
8,70.085786,0.050468,953.3389749999999,30.556371,202.36371400000002,10087.266939999998,6.504441,0.032074,14194,11390.214135
8,70.085786,0.050468,953.3389749999999,30.556371,202.36371400000002,10139.281487999997,6.504441,0.032074,14194,11442.228888
8,70.085786,0.050468,953.3389749999999,30.556371,202.36371400000002,10195.306271999996,6.504441,0.032074,14194,11498.254111
8,70.085786,0.050468,953.3389749999999,30.556371,202.36371400000002,10195.344468999996,6.504441,0.032074,14194,11498.292871
8,70.085786,0.050468,953.3389749999999,30.556371,202.36371400000002,10195.375992999996,6.504441,0.032074,14194,11498.324935
8,70.085786,0.050468,953.3389749999999,30.556371,202.36371400000002,10195.410056999996,6.504441,0.032074,14194,11498.359375
8,70.085786,0.050468,953.3389749999999,30.556371,202.36371400000002,10195.443744999995,6.504441,0.032074,14194,11498.39332
8,70.085786,0.050468,953.3389749999999,30.556371,202.36371400000002,10195.476665999995,6.504441,0.032074,14194,11498.426452
8,70.085786,0.050468,953.3389749999999,30.556371,202.36371400000002,10248.898056999995,6.504441,0.032074,14194,11551.848019
8,70.085786,0.050468,953.3389749999999,30.556371,202.36371400000002,10248.928872999995,6.504441,0.032074,14194,11551.878968
8,70.085786,0.050468,953.3389749999999,30.556371,202.36371400000002,10248.963207999996,6.504441,0.032074,14194,11551.913512
8,70.085786,0.050468,953.3389749999999,30.556371,202.36371400000002,10248.995356999996,6.504441,0.032074,14194,11551.945819
8,70.085786,0.050468,953.3389749999999,30.556371,202.36371400000002,10249.048971999997,6.504441,0.032074,14194,11551.999584
8,70.085786,0.050468,953.3389749999999,30.556371,202.36371400000002,10249.078923999998,6.504441,0.032074,14194,11552.029654
8,70.085786,0.050468,953.3389749999999,30.556371,202.36371400000002,10304.264702999997,6.504441,0.032074,14194,11607.215577
8,70.085786,0.050468,953.3389749999999,30.556371,202.36371400000002,10304.297226999997,6.504441,0.032074,14194,11607.248222
8,70.085786,0.050468,953.3389749999999,30.556371,202.36371400000002,10304.328503999997,6.504441,0.032074,14194,11607.279617
8,70.085786,0.050468,953.3389749999999,30.556371,202.36371400000002,10304.361327999997,6.504441,0.032074,14194,11607.312543
8,70.085786,0.050468,953.3389749999999,30.556371,202.36371400000002,10359.794198999998,6.504441,0.032074,14194,11669.148646
8,70.085786,0.050468,953.3389749999999,30.556371,202.36371400000002,10415.525458999999,6.504441,0.032074,14194,11724.880034
8,70.085786,0.050468,953.3389749999999,30.556371,202.36371400000002,10471.624455999998,6.504441,0.032074,14194,11780.97917
8,70.085786,0.050468,953.3389749999999,30.556371,202.36371400000002,10527.559874999997,6.504441,0.032074,14194,11836.914691
8,70.085786,0.050468,953.3389749999999,30.556371,202.36371400000002,10583.776199999997,6.504441,0.032074,14194,11893.131159
8,70.085786,0.050468,953.3389749999999,30.556371,202.36371400000002,10638.203304999997,6.504441,0.032074,14194,11947.558426
8,70.085786,0.050468,953.3389749999999,30.556371,202.36371400000002,10691.374396999998,6.504441,0.032074,14194,12000.729646
8,70.085786,0.050468,953.3389749999999,30.556371,202.36371400000002,10748.365927999997,6.504441,0.032074,14194,12057.7214
8,70.085786,0.050468,953.3389749999999,30.556371,202.36371400000002,10803.006736999998,6.504441,0.032074,14194,12112.362501
8,70.085786,0.050468,953.3389749999999,30.556371,202.36371400000002,10861.283106999997,6.504441,0.032074,14194,12170.639266
8,70.085786,0.050468,953.3389749999999,30.556371,202.36371400000002,10865.403415999997,6.504441,0.032074,14194,12174.760122
8,70.085786,0.050468,953.3389749999999,30.556371,202.36371400000002,10869.329040999997,6.504441,0.032074,14194,12178.686469
8,70.085786,0.050468,953.3389749999999,30.556371,202.36371400000002,10933.203029999997,6.504441,0.032074,14194,12242.560941
8,70.085786,0.050468,953.3389749999999,30.556371,202.36371400000002,10937.257154999998,6.504441,0.032074,14194,12246.61548
8,70.085786,0.050468,953.3389749999999,30.556371,202.36371400000002,10944.825564999997,6.504441,0.032074,14194,12254.184356
8,70.085786,0.050468,953.3389749999999,30.556371,202.36371400000002,11004.582216999997,6.504441,0.032074,14194,12313.941337
8,70.085786,0.050468,953.3389749999999,30.556371,202.36371400000002,11008.477426999998,6.504441,0.032074,14194,12317.836835
8,70.085786,0.050468,953.3389749999999,30.556371,202.36371400000002,11012.305092999997,6.504441,0.032074,14194,12321.664845
8,70.085786,0.050468,953.3389749999999,30.556371,202.36371400000002,11070.712556999997,6.504441,0.032074,14194,12380.432909
8,70.085786,0.050468,953.3389749999999,30.556371,202.36371400000002,11074.586749999997,6.504441,0.032074,14194,12384.307318
8,70.085786,0.050468,953.3389749999999,30.556371,202.36371400000002,11078.409124999996,6.504441,0.032074,14194,12388.129964
8,70.085786,0.050468,953.3389749999999,30.556371,202.36371400000002,11141.215128999997,6.504441,0.032074,14194,12451.317171
8,70.085786,0.050468,953.3389749999999,30.556371,202.36371400000002,11145.026120999997,6.504441,0.032074,14194,12455.128346
8,70.085786,0.050468,953.3389749999999,30.556371,202.36371400000002,11148.931733999998,6.504441,0.032074,14194,12459.034178
8,70.085786,0.050468,953.3389749999999,30.556371,202.36371400000002,11152.826153999998,6.504441,0.032074,14194,12462.92879
8,70.085786,0.050468,953.3389749999999,30.556371,202.36371400000002,11215.731285999998,6.504441,0.032074,14194,12525.834101
8,70.085786,0.050468,953.3389749999999,30.556371,202.36371400000002,11219.601789999999,6.504441,0.032074,14194,12529.704752
8,70.085786,0.050468,953.3389749999999,30.556371,202.36371400000002,11223.453446,6.504441,0.032074,14194,12533.55657
8,70.085786,0.050468,953.3389749999999,30.556371,202.36371400000002,11288.249561999999,6.504441,0.032074,14194,12598.352838
8,70.085786,0.050468,953.3389749999999,30.556371,202.36371400000002,11292.027841,6.504441,0.032074,14194,12602.131255
8,70.085786,0.050468,953.3389749999999,30.556371,202.36371400000002,11295.837760999999,6.504441,0.032074,14194,12605.941342
8,70.085786,0.050468,953.3389749999999,30.556371,202.36371400000002,11361.039631,6.504441,0.032074,14194,12671.143378
8,70.085786,0.050468,953.3389749999999,30.556371,202.36371400000002,11364.910983,6.504441,0.032074,14194,12675.014871
8,70.085786,0.050468,953.3389749999999,30.556371,202.36371400000002,11368.803063,6.504441,0.032074,14194,12678.907122
8,70.085786,0.050468,953.3389749999999,30.556371,202.36371400000002,11372.605703,6.504441,0.032074,14194,12682.709915
8,70.085786,0.050468,953.3389749999999,30.556371,202.36371400000002,11434.296516999999,6.504441,0.032074,14194,12750.846331
8,70.085786,0.050468,953.3389749999999,30.556371,202.36371400000002,11493.463831,6.504441,0.032074,14194,12810.013742
8,70.085786,0.050468,953.3389749999999,30.556371,202.36371400000002,11552.299114,6.504441,0.032074,14194,12868.849121
8,70.085786,0.050468,953.3389749999999,30.556371,202.36371400000002,11610.652401,6.504441,0.032074,14194,12927.202548
8,70.085786,0.050468,953.3389749999999,30.556371,202.36371400000002,11673.436011,6.504441,0.032074,14194,12989.986312
8,70.085786,0.050468,953.3389749999999,30.556371,202.36371400000002,11736.852313,6.504441,0.032074,14194,13053.402788
8,70.085786,0.050468,953.3389749999999,30.556371,202.36371400000002,11799.396845,6.504441,0.032074,14194,13115.94751
8,70.085786,0.050468,953.3389749999999,30.556371,202.36371400000002,11862.939669,6.504441,0.032074,14194,13179.490558
8,70.085786,0.050468,953.3389749999999,30.556371,202.36371400000002,11928.483834999999,6.504441,0.032074,14194,13245.035018
8,70.085786,0.050468,953.3389749999999,30.556371,202.36371400000002,11928.529304999998,6.504441,0.032074,14194,13245.080874
8,70.085786,0.050468,953.3389749999999,30.556371,202.36371400000002,11928.589656999999,6.504441,0.032074,14194,13245.141726
8,70.085786,0.050468,953.3389749999999,30.556371,202.36371400000002,11928.632064999998,6.504441,0.032074,14194,13245.184463
8,70.085786,0.050468,953.3389749999999,30.556371,202.36371400000002,11928.677120999999,6.504441,0.032074,14194,13245.229767
8,70.085786,0.050468,953.3389749999999,30.556371,202.36371400000002,11994.462395999999,6.504441,0.032074,14194,13311.015254
8,70.085786,0.050468,953.3389749999999,30.556371,202.36371400000002,11994.504613,6.504441,0.032074,14194,13311.057669
8,70.085786,0.050468,953.3389749999999,30.556371,202.36371400000002,11994.548397999999,6.504441,0.032074,14194,13311.101666
8,70.085786,0.050468,953.3389749999999,30.556371,202.36371400000002,12060.704329999999,6.504441,0.032074,14194,13377.25778
8,70.085786,0.050468,953.3389749999999,30.556371,202.36371400000002,12060.744184,6.504441,0.032074,14194,13377.297793
8,70.085786,0.050468,953.3389749999999,30.556371,202.36371400000002,12060.786153,6.504441,0.032074,14194,13377.339899
8,70.085786,0.050468,953.3389749999999,30.556371,202.36371400000002,12060.853867999998,6.504441,0.032074,14194,13377.407779
8,70.085786,0.050468,953.3389749999999,30.556371,202.36371400000002,12060.896205,6.504441,0.032074,14194,13377.450262
8,70.085786,0.050468,953.3389749999999,30.556371,202.36371400000002,12124.893628,6.504441,0.032074,14194,13441.447844
8,70.085786,0.050468,953.3389749999999,30.556371,202.36371400000002,12124.935231,6.504441,0.032074,14194,13441.489584
8,70.085786,0.050468,953.3389749999999,30.556371,202.36371400000002,12124.976502,6.504441,0.032074,14194,13441.530994
8,70.085786,0.050468,953.3389749999999,30.556371,202.36371400000002,12125.018457999999,6.504441,0.032074,14194,13441.573088
8,70.085786,0.050468,953.3389749999999,30.556371,202.36371400000002,12189.576081,6.504441,0.032074,14194,13512.375202
8,70.085786,0.050468,953.3389749999999,30.556371,202.36371400000002,12254.554086,6.504441,0.032074,14194,13577.353348
8,70.085786,0.050468,953.3389749999999,30.556371,202.36371400000002,12320.114856,6.504441,0.032074,14194,13642.914258
8,70.085786,0.050468,953.3389749999999,30.556371,202.36371400000002,12385.62178,6.504441,0.032074,14194,13708.421282
8,70.085786,0.050468,953.3389749999999,30.556371,202.36371400000002,12450.820334,6.504441,0.032074,14194,13773.619992
8,70.085786,0.050468,953.3389749999999,30.556371,202.36371400000002,12515.573646,6.504441,0.032074,14194,13838.373419
8,70.085786,0.050468,953.3389749999999,30.556371,202.36371400000002,12581.786316000002,6.504441,0.032074,14194,13904.586219
8,70.085786,0.050468,953.3389749999999,30.556371,202.36371400000002,12583.366135000002,6.504441,0.032074,14194,13906.166262
8,70.085786,0.050468,953.3389749999999,30.556371,202.36371400000002,12584.969951000003,6.504441,0.032074,14194,13907.770375
8,70.085786,0.050468,953.3389749999999,30.556371,202.36371400000002,12586.577936000003,6.504441,0.032074,14194,13910.360389
8,70.085786,0.050468,953.3389749999999,30.556371,202.36371400000002,12588.103743000003,6.504441,0.032074,14194,13911.886393
8,70.085786,0.050468,953.3389749999999,30.556371,202.36371400000002,12589.640336000004,6.504441,0.032074,14194,13913.423111
8,70.085786,0.050468,953.3389749999999,30.556371,202.36371400000002,12656.190730000004,6.504441,0.032074,14194,13979.973668
8,70.085786,0.050468,953.3389749999999,30.556371,202.36371400000002,12657.737969000003,6.504441,0.032074,14194,13981.521041
8,70.085786,0.050468,953.3389749999999,30.556371,202.36371400000002,12659.295872000004,6.504441,0.032074,14194,13983.079102
8,70.085786,0.050468,953.3389749999999,30.556371,202.36371400000002,12660.819212000004,6.504441,0.032074,14194,13986.535111
8,70.085786,0.050468,953.3389749999999,30.556371,202.36371400000002,12727.871242000005,6.504441,0.032074,14194,14053.587253
8,70.085786,0.050468,953.3389749999999,30.556371,202.36371400000002,12729.429195000004,6.504441,0.032074,14194,14055.145349
8,70.085786,0.050468,953.3389749999999,30.556371,202.36371400000002,12730.984443000005,6.504441,0.032074,14194,14056.700749
8,70.085786,0.050468,953.3389749999999,30.556371,202.36371400000002,12798.686807000006,6.504441,0.032074,14194,14130.736812
8,70.085786,0.050468,953.3389749999999,30.556371,202.36371400000002,12863.986848000006,6.504441,0.032074,14194,14196.036985
8,70.085786,0.050468,953.3389749999999,30.556371,202.36371400000002,12930.867062000007,6.504441,0.032074,14194,14262.917299
8,70.085786,0.050468,953.3389749999999,30.556371,202.36371400000002,12998.566462000006,6.504441,0.032074,14194,14330.61684
8,70.085786,0.050468,953.3389749999999,30.556371,202.36371400000002,13064.662194000006,6.504441,0.032074,14194,14396.712726
8,70.085786,0.050468,953.3389749999999,30.556371,202.36371400000002,13132.143444000007,6.504441,0.032074,14194,14464.337673
8,70.085786,0.050468,953.3389749999999,30.556371,202.36371400000002,13201.344728000007,6.504441,0.032074,14194,14533.53915
8,70.085786,0.050468,953.3389749999999,30.556371,202.36371400000002,13269.916066000007,6.504441,0.032074,14194,14602.110724
8,70.085786,0.050468,953.3389749999999,30.556371,202.36371400000002,13341.340559000007,6.504441,0.032074,14194,14673.535731
8,70.085786,0.050468,953.3389749999999,30.556371,202.36371400000002,13414.038902000008,6.504441,0.032074,14194,14746.234349
8,70.085786,0.050468,953.3389749999999,30.556371,202.36371400000002,13417.067658000007,6.504441,0.032074,14194,14749.263485
8,70.085786,0.050468,953.3389749999999,30.556371,202.36371400000002,13419.957896000007,6.504441,0.032074,14194,14752.154469
8,70.085786,0.050468,953.3389749999999,30.556371,202.36371400000002,13494.089276000008,6.504441,0.032074,14194,14826.28635
8,70.085786,0.050468,953.3389749999999,30.556371,202.36371400000002,13497.067337000008,6.504441,0.032074,14194,14829.264807
8,70.085786,0.050468,953.3389749999999,30.556371,202.36371400000002,13499.963526000007,6.504441,0.032074,14194,14832.161504
8,70.085786,0.050468,953.3389749999999,30.556371,202.36371400000002,13502.844673000007,6.504441,0.032074,14194,14835.043019
8,70.085786,0.050468,953.3389749999999,30.556371,202.36371400000002,13505.665701000007,6.504441,0.032074,14194,14837.86432
8,70.085786,0.050468,953.3389749999999,30.556371,202.36371400000002,13579.090982000007,6.504441,0.032074,14194,14911.289826
8,70.085786,0.050468,953.3389749999999,30.556371,202.36371400000002,13581.952748000007,6.504441,0.032074,14194,14914.1518
8,70.085786,0.050468,953.3389749999999,30.556371,202.36371400000002,13584.812632000006,6.504441,0.032074,14194,14917.011909
8,70.085786,0.050468,953.3389749999999,30.556371,202.36371400000002,13659.436799000006,6.504441,0.032074,14194,14991.636261
8,70.085786,0.050468,953.3389749999999,30.556371,202.36371400000002,13662.313500000006,6.504441,0.032074,14194,14994.513125
8,70.085786,0.050468,953.3389749999999,30.556371,202.36371400000002,13665.188279000005,6.504441,0.032074,14194,14997.388096
8,70.085786,0.050468,953.3389749999999,30.556371,202.36371400000002,13740.662700000006,6.504441,0.032074,14194,15072.862697
8,70.085786,0.050468,953.3389749999999,30.556371,202.36371400000002,13743.681288000007,6.504441,0.032074,14194,15075.881442
8,70.085786,0.050468,953.3389749999999,30.556371,202.36371400000002,13746.583292000007,6.504441,0.032074,14194,15078.783616
8,70.085786,0.050468,953.3389749999999,30.556371,202.36371400000002,13749.501528000006,6.504441,0.032074,14194,15081.70201
8,70.085786,0.050468,953.3389749999999,30.556371,202.36371400000002,13823.854816000006,6.504441,0.032074,14194,15156.055457
8,70.085786,0.050468,953.3389749999999,30.556371,202.36371400000002,13826.683449000006,6.504441,0.032074,14194,15158.884238
8,70.085786,0.050468,953.3389749999999,30.556371,202.36371400000002,13829.518340000006,6.504441,0.032074,14194,15161.719244
8,70.085786,0.050468,953.3389749999999,30.556371,202.36371400000002,13902.982208000007,6.504441,0.032074,14194,15235.183251
8,70.085786,0.050468,953.3389749999999,30.556371,202.36371400000002,13905.867775000006,6.504441,0.032074,14194,15238.068948
8,70.085786,0.050468,953.3389749999999,30.556371,202.36371400000002,13908.721340000006,6.504441,0.032074,14194,15241.18424
8,70.085786,0.050468,953.3389749999999,30.556371,202.36371400000002,13984.155027000006,6.504441,0.032074,14194,15322.766732
8,70.085786,0.050468,953.3389749999999,30.556371,202.36371400000002,14056.905252000006,6.504441,0.032074,14194,15395.51708
8,70.085786,0.050468,953.3389749999999,30.556371,202.36371400000002,14133.097234000006,6.504441,0.032074,14194,15471.709196
8,70.085786,0.050468,953.3389749999999,30.556371,202.36371400000002,14207.661681000007,6.504441,0.032074,14194,15546.27378
8,70.085786,0.050468,953.3389749999999,30.556371,202.36371400000002,14281.764872000007,6.504441,0.032074,14194,15620.37713
8,70.085786,0.050468,953.3389749999999,30.556371,202.36371400000002,14356.828544000007,6.504441,0.032074,14194,15695.440968
8,70.085786,0.050468,953.3389749999999,30.556371,202.36371400000002,14432.915021000008,6.504441,0.032074,14194,15771.527637
8,70.085786,0.050468,953.3389749999999,30.556371,202.36371400000002,14509.821003000008,6.504441,0.032074,14194,15848.433834
8,70.085786,0.050468,953.3389749999999,30.556371,202.36371400000002,14589.100176000009,6.504441,0.032074,14194,15927.713295
8,70.085786,0.050468,953.3389749999999,30.556371,202.36371400000002,14671.47558000001,6.504441,0.032074,14194,16010.089076
8,70.085786,0.050468,953.3389749999999,30.556371,202.36371400000002,14671.53957300001,6.504441,0.032074,14194,16010.153656
8,70.085786,0.050468,953.3389749999999,30.556371,202.36371400000002,14754.537905000008,6.504441,0.032074,14194,16093.152734
8,70.085786,0.050468,953.3389749999999,30.556371,202.36371400000002,14754.581909000008,6.504441,0.032074,14194,16093.197354
8,70.085786,0.050468,953.3389749999999,30.556371,202.36371400000002,14754.622260000007,6.504441,0.032074,14194,16093.238128
8,70.085786,0.050468,953.3389749999999,30.556371,202.36371400000002,14754.664396000007,6.504441,0.032074,14194,16093.280744
8,70.085786,0.050468,953.3389749999999,30.556371,202.36371400000002,14754.706240000007,6.504441,0.032074,14194,16093.322835
8,70.085786,0.050468,953.3389749999999,30.556371,202.36371400000002,14754.747356000007,6.504441,0.032074,14194,16093.364137
8,70.085786,0.050468,953.3389749999999,30.556371,202.36371400000002,14837.313013000006,6.504441,0.032074,14194,16175.929932
8,70.085786,0.050468,953.3389749999999,30.556371,202.36371400000002,14837.353114000007,6.504441,0.032074,14194,16175.970213
8,70.085786,0.050468,953.3389749999999,30.556371,202.36371400000002,14837.393835000006,6.504441,0.032074,14194,16176.011086
8,70.085786,0.050468,953.3389749999999,30.556371,202.36371400000002,14837.446722000006,6.504441,0.032074,14194,16176.064142
8,70.085786,0.050468,953.3389749999999,30.556371,202.36371400000002,14837.491931000006,6.504441,0.032074,14194,16176.109516
8,70.085786,0.050468,953.3389749999999,30.556371,202.36371400000002,14922.995062000005,6.504441,0.032074,14194,16261.612789
8,70.085786,0.050468,953.3389749999999,30.556371,202.36371400000002,14923.038787000005,6.504441,0.032074,14194,16261.656653
8,70.085786,0.050468,953.3389749999999,30.556371,202.36371400000002,14923.109132000005,6.504441,0.032074,14194,16261.727147
8,70.085786,0.050468,953.3389749999999,30.556371,202.36371400000002,15009.731405000006,6.504441,0.032074,14194,16348.349568
8,70.085786,0.050468,953.3389749999999,30.556371,202.36371400000002,15009.771157000006,6.504441,0.032074,14194,16348.389441
8,70.085786,0.050468,953.3389749999999,30.556371,202.36371400000002,15009.809503000006,6.504441,0.032074,14194,16348.427879
8,70.085786,0.050468,953.3389749999999,30.556371,202.36371400000002,15096.146648000005,6.504441,0.032074,14194,16434.765118
8,70.085786,0.050468,953.3389749999999,30.556371,202.36371400000002,15096.213085000005,6.504441,0.032074,14194,16434.831695
8,70.085786,0.050468,953.3389749999999,30.556371,202.36371400000002,15096.257396000005,6.504441,0.032074,14194,16434.876144
8,70.085786,0.050468,953.3389749999999,30.556371,202.36371400000002,15096.307545000005,6.504441,0.032074,14194,16441.100778
8,70.085786,0.050468,953.3389749999999,30.556371,202.36371400000002,15178.847617000005,6.504441,0.032074,14194,16529.858067
8,70.085786,0.050468,953.3389749999999,30.556371,202.36371400000002,15262.597026000005,6.504441,0.032074,14194,16613.607571
8,70.085786,0.050468,953.3389749999999,30.556371,202.36371400000002,15345.550310000004,6.504441,0.032074,14194,16696.560988
8,70.085786,0.050468,953.3389749999999,30.556371,202.36371400000002,15429.344144000004,6.504441,0.032074,14194,16780.354953
8,70.085786,0.050468,953.3389749999999,30.556371,202.36371400000002,15513.750768000004,6.504441,0.032074,14194,16864.76173
8,70.085786,0.050468,953.3389749999999,30.556371,202.36371400000002,15599.069140000003,6.504441,0.032074,14194,16950.080256
8,70.085786,0.050468,953.3389749999999,30.556371,202.36371400000002,15681.738463000003,6.504441,0.032074,14194,17032.749761
8,70.085786,0.050468,953.3389749999999,30.556371,202.36371400000002,15753.977711000003,6.504441,0.032074,14194,17104.989261
8,70.085786,0.050468,953.3389749999999,30.556371,202.36371400000002,15827.085032000003,6.504441,0.032074,14194,17178.096783
8,70.085786,0.050468,953.3389749999999,30.556371,202.36371400000002,15902.175044000003,6.504441,0.032074,14194,17253.187202
8,70.085786,0.050468,953.3389749999999,30.556371,202.36371400000002,15902.243441000002,6.504441,0.032074,14194,17253.256142
8,70.085786,0.050468,953.3389749999999,30.556371,202.36371400000002,15902.300508000002,6.504441,0.032074,14194,17253.313945
8,70.085786,0.050468,953.3389749999999,30.556371,202.36371400000002,15902.363042000003,6.504441,0.032074,14194,17253.376991
8,70.085786,0.050468,953.3389749999999,30.556371,202.36371400000002,15902.423569000002,6.504441,0.032074,14194,17253.437881
8,70.085786,0.050468,953.3389749999999,30.556371,202.36371400000002,15978.352443000002,6.504441,0.032074,14194,17329.367011
8,70.085786,0.050468,953.3389749999999,30.556371,202.36371400000002,15978.423175000002,6.504441,0.032074,14194,17329.437982
8,70.085786,0.050468,953.3389749999999,30.556371,202.36371400000002,15978.479012000002,6.504441,0.032074,14194,17329.494069
8,70.085786,0.050468,953.3389749999999,30.556371,202.36371400000002,16056.061875000001,6.504441,0.032074,14194,17407.077159
8,70.085786,0.050468,953.3389749999999,30.556371,202.36371400000002,16056.124308,6.504441,0.032074,14194,17407.139793
8,70.085786,0.050468,953.3389749999999,30.556371,202.36371400000002,16056.185051,6.504441,0.032074,14194,17407.200753
8,70.085786,0.050468,953.3389749999999,30.556371,202.36371400000002,16056.244135,6.504441,0.032074,14194,17407.260011
8,70.085786,0.050468,953.3389749999999,30.556371,202.36371400000002,16135.182486000002,6.504441,0.032074,14194,17486.198524
8,70.085786,0.050468,953.3389749999999,30.556371,202.36371400000002,16135.238988000001,6.504441,0.032074,14194,17486.255173
8,70.085786,0.050468,953.3389749999999,30.556371,202.36371400000002,16135.308231,6.504441,0.032074,14194,17486.324578
8,70.085786,0.050468,953.3389749999999,30.556371,202.36371400000002,16213.645917000002,6.504441,0.032074,14194,17564.662408
8,70.085786,0.050468,953.3389749999999,30.556371,202.36371400000002,16213.699690000001,6.504441,0.032074,14194,17564.716277
8,70.085786,0.050468,953.3389749999999,30.556371,202.36371400000002,16213.757831,6.504441,0.032074,14194,17564.77457
8,70.085786,0.050468,953.3389749999999,30.556371,202.36371400000002,16290.831195,6.504441,0.032074,14194,17641.848084
8,70.085786,0.050468,953.3389749999999,30.556371,202.36371400000002,16290.902068000001,6.504441,0.032074,14194,17641.919091
8,70.085786,0.050468,953.3389749999999,30.556371,202.36371400000002,16290.964315000001,6.504441,0.032074,14194,17641.981491
8,70.085786,0.050468,953.3389749999999,30.556371,202.36371400000002,16291.022845000001,6.504441,0.032074,14194,17642.040168
8,70.085786,0.050468,953.3389749999999,30.556371,202.36371400000002,16368.124189000002,6.504441,0.032074,14194,17725.488355
8,70.085786,0.050468,953.3389749999999,30.556371,202.36371400000002,16444.962862,6.504441,0.032074,14194,17802.327159
8,70.085786,0.050468,953.3389749999999,30.556371,202.36371400000002,16520.969966,6.504441,0.032074,14194,17878.334364
8,70.085786,0.050468,953.3389749999999,30.556371,202.36371400000002,16597.851523,6.504441,0.032074,14194,17955.216018
8,70.085786,0.050468,953.3389749999999,30.556371,202.36371400000002,16676.448475,6.504441,0.032074,14194,18033.813116
8,70.085786,0.050468,953.3389749999999,30.556371,202.36371400000002,16752.455217000002,6.504441,0.032074,14194,18109.820019
8,70.085786,0.050468,953.3389749999999,30.556371,202.36371400000002,16828.451804000004,6.504441,0.032074,14194,18185.816782
8,70.085786,0.050468,953.3389749999999,30.556371,202.36371400000002,16828.508159000005,6.504441,0.032074,14194,18185.873385
8,70.085786,0.050468,953.3389749999999,30.556371,202.36371400000002,16828.563191000005,6.504441,0.032074,14194,18185.928692
8,70.085786,0.050468,953.3389749999999,30.556371,202.36371400000002,16828.621121000004,6.504441,0.032074,14194,18185.986797
8,70.085786,0.050468,953.3389749999999,30.556371,202.36371400000002,16828.673725000004,6.504441,0.032074,14194,18186.03958
8,70.085786,0.050468,953.3389749999999,30.556371,202.36371400000002,16828.722861000006,6.504441,0.032074,14194,18186.088825
8,70.085786,0.050468,953.3389749999999,30.556371,202.36371400000002,16828.773981000006,6.504441,0.032074,14194,18186.140064
8,70.085786,0.050468,953.3389749999999,30.556371,202.36371400000002,16828.828826000004,6.504441,0.032074,14194,18186.195052
8,70.085786,0.050468,953.3389749999999,30.556371,202.36371400000002,16906.611909000003,6.504441,0.032074,14194,18263.978246
8,70.085786,0.050468,953.3389749999999,30.556371,202.36371400000002,16906.659209,6.504441,0.032074,14194,18264.025643
8,70.085786,0.050468,953.3389749999999,30.556371,202.36371400000002,16906.707794,6.504441,0.032074,14194,18264.074326
8,70.085786,0.050468,953.3389749999999,30.556371,202.36371400000002,16983.512613000003,6.504441,0.032074,14194,18346.686691
8,70.085786,0.050468,953.3389749999999,30.556371,202.36371400000002,17059.357729000003,6.504441,0.032074,14194,18422.531897
8,70.085786,0.050468,953.3389749999999,30.556371,202.36371400000002,17135.232422000005,6.504441,0.032074,14194,18498.406722
8,70.085786,0.050468,953.3389749999999,30.556371,202.36371400000002,17210.157083000006,6.504441,0.032074,14194,18573.331765
8,70.085786,0.050468,953.3389749999999,30.556371,202.36371400000002,17285.743667000006,6.504441,0.032074,14194,18648.91845
8,70.085786,0.050468,953.3389749999999,30.556371,202.36371400000002,17361.428838000007,6.504441,0.032074,14194,18724.603772
8,70.085786,0.050468,953.3389749999999,30.556371,202.36371400000002,17435.977473000006,6.504441,0.032074,14194,18799.152958
8,70.085786,0.050468,953.3389749999999,30.556371,202.36371400000002,17513.114971000006,6.504441,0.032074,14194,18876.290718
8,70.085786,0.050468,953.3389749999999,30.556371,202.36371400000002,17582.766696000006,6.504441,0.032074,14194,18945.942693
8,70.085786,0.050468,953.3389749999999,30.556371,202.36371400000002,17582.825706000007,6.504441,0.032074,14194,18946.001992
8,70.085786,0.050468,953.3389749999999,30.556371,202.36371400000002,17582.896425000006,6.504441,0.032074,14194,18946.073072
8,70.085786,0.050468,953.3389749999999,30.556371,202.36371400000002,17582.994719000006,6.504441,0.032074,14194,18946.171716
8,70.085786,0.050468,953.3389749999999,30.556371,202.36371400000002,17583.058761000008,6.504441,0.032074,14194,18946.236047
8,70.085786,0.050468,953.3389749999999,30.556371,202.36371400000002,17652.081421000006,6.504441,0.032074,14194,19015.258943
8,70.085786,0.050468,953.3389749999999,30.556371,202.36371400000002,17652.138802000005,6.504441,0.032074,14194,19015.316536
8,70.085786,0.050468,953.3389749999999,30.556371,202.36371400000002,17652.193935000007,6.504441,0.032074,14194,19015.371838
8,70.085786,0.050468,953.3389749999999,30.556371,202.36371400000002,17652.249937000008,6.504441,0.032074,14194,19015.427981
8,70.085786,0.050468,953.3389749999999,30.556371,202.36371400000002,17652.304931000006,6.504441,0.032074,14194,19015.483093
8,70.085786,0.050468,953.3389749999999,30.556371,202.36371400000002,17652.359848000007,6.504441,0.032074,14194,19015.538118
8,70.085786,0.050468,953.3389749999999,30.556371,202.36371400000002,17723.839539000008,6.504441,0.032074,14194,19087.017909
8,70.085786,0.050468,953.3389749999999,30.556371,202.36371400000002,17723.89394000001,6.504441,0.032074,14194,19087.072435
8,70.085786,0.050468,953.3389749999999,30.556371,202.36371400000002,17723.954545000008,6.504441,0.032074,14194,19087.133186
8,70.085786,0.050468,953.3389749999999,30.556371,202.36371400000002,17794.722595000007,6.504441,0.032074,14194,19157.90138
8,70.085786,0.050468,953.3389749999999,30.556371,202.36371400000002,17794.779872000006,6.504441,0.032074,14194,19157.958795
8,70.085786,0.050468,953.3389749999999,30.556371,202.36371400000002,17794.837491000006,6.504441,0.032074,14194,19158.016556
8,70.085786,0.050468,953.3389749999999,30.556371,202.36371400000002,17865.516043000007,6.504441,0.032074,14194,19234.532864
8,70.085786,0.050468,953.3389749999999,30.556371,202.36371400000002,17936.800971000008,6.504441,0.032074,14194,19305.817919
8,70.085786,0.050468,953.3389749999999,30.556371,202.36371400000002,18006.364330000008,6.504441,0.032074,14194,19375.381402
8,70.085786,0.050468,953.3389749999999,30.556371,202.36371400000002,18077.223391000007,6.504441,0.032074,14194,19446.240603
8,70.085786,0.050468,953.3389749999999,30.556371,202.36371400000002,18152.113525000008,6.504441,0.032074,14194,19521.130879
8,70.085786,0.050468,953.3389749999999,30.556371,202.36371400000002,18222.98667100001,6.504441,0.032074,14194,19592.004142
8,70.085786,0.050468,953.3389749999999,30.556371,202.36371400000002,18295.68275300001,6.504441,0.032074,14194,19664.700449
8,70.085786,0.050468,953.3389749999999,30.556371,202.36371400000002,18367.62418800001,6.504441,0.032074,14194,19736.642053
8,70.085786,0.050468,953.3389749999999,30.556371,274.306217,18367.62418800001,6.504441,0.032074,14194,19736.643121
8,70.085786,0.050468,953.3389749999999,30.556371,274.306217,18367.62418800001,6.504441,0.032074,14182,19736.643159
8,70.085786,0.050468,1033.3343719999998,30.556371,274.306217,18367.62418800001,6.504441,0.032074,14182,19816.638569
8,70.085786,0.050468,1033.3343719999998,30.556371,274.306217,18367.62418800001,6.504441,0.032074,14189,19816.869612
9,70.085786,0.050468,1119.3840199999997,30.556371,274.306217,18367.62418800001,6.504441,0.032074,14189,19903.151166
9,70.085786,0.050468,1119.3840199999997,30.556371,274.306217,18367.62418800001,9.977143,0.032074,14189,19906.624128
9,70.085786,0.050468,1119.3840199999997,30.556371,274.306217,18367.62418800001,9.977143,0.032074,14150,19906.624227
9,70.085786,0.050468,1176.3415939999998,30.556371,274.306217,18367.62418800001,9.977143,0.032074,14150,19963.581967
9,70.085786,0.050468,1176.3415939999998,37.605509999999995,274.306217,18367.62418800001,9.977143,0.032074,14150,19970.631277
9,70.085786,0.050468,1176.3415939999998,37.605509999999995,274.306217,18376.63215500001,9.977143,0.032074,14150,19979.649454
9,70.085786,0.050468,1176.3415939999998,37.605509999999995,274.306217,18386.08281300001,9.977143,0.032074,14150,19989.100239
9,70.085786,0.050468,1176.3415939999998,37.605509999999995,274.306217,18396.001673000013,9.977143,0.032074,14150,19999.01922
9,70.085786,0.050468,1176.3415939999998,37.605509999999995,274.306217,18407.853193000014,9.977143,0.032074,14150,20010.870832
9,70.085786,0.050468,1176.3415939999998,37.605509999999995,274.306217,18422.877510000013,9.977143,0.032074,14150,20025.895279
9,70.085786,0.050468,1176.3415939999998,37.605509999999995,274.306217,18442.946304000012,9.977143,0.032074,14150,20045.964208
9,70.085786,0.050468,1176.3415939999998,37.605509999999995,274.306217,18451.07371800001,9.977143,0.032074,14150,20054.091763
9,70.085786,0.050468,1176.3415939999998,37.605509999999995,274.306217,18461.04524900001,9.977143,0.032074,14150,20064.063415
9,70.085786,0.050468,1176.3415939999998,37.605509999999995,274.306217,18472.17064300001,9.977143,0.032074,14150,20075.189025
9,70.085786,0.050468,1176.3415939999998,37.605509999999995,274.306217,18488.22523800001,9.977143,0.032074,14150,20091.243898
9,70.085786,0.050468,1176.3415939999998,37.605509999999995,274.306217,18512.08995300001,9.977143,0.032074,14150,20115.109089
9,70.085786,0.050468,1176.3415939999998,37.605509999999995,274.306217,18553.94371300001,9.977143,0.032074,14150,20156.963664
9,70.085786,0.050468,1176.3415939999998,37.605509999999995,274.306217,18612.08511800001,9.977143,0.032074,14150,20215.106445
9,70.085786,0.050468,1176.3415939999998,37.605509999999995,274.306217,18612.13910200001,9.977143,0.032074,14150,20215.162494
9,70.085786,0.050468,1176.3415939999998,37.605509999999995,274.306217,18700.297533000008,9.977143,0.032074,14150,20303.323618
9,70.085786,0.050468,1176.3415939999998,37.605509999999995,274.306217,18700.385403000007,9.977143,0.032074,14150,20303.412338
9,70.085786,0.050468,1176.3415939999998,37.605509999999995,274.306217,18700.44202700001,9.977143,0.032074,14150,20303.470527
9,70.085786,0.050468,1176.3415939999998,37.605509999999995,274.306217,18700.496757000008,9.977143,0.032074,14150,20303.526439
9,70.085786,0.050468,1176.3415939999998,37.605509999999995,274.306217,18787.595424000006,9.977143,0.032074,14150,20390.626202
9,70.085786,0.050468,1176.3415939999998,37.605509999999995,274.306217,18787.652670000007,9.977143,0.032074,14150,20390.684087
9,70.085786,0.050468,1176.3415939999998,37.605509999999995,274.306217,18787.707866000008,9.977143,0.032074,14150,20390.739832
9,70.085786,0.050468,1176.3415939999998,37.605509999999995,274.306217,18787.762978000006,9.977143,0.032074,14150,20390.795721
9,70.085786,0.050468,1176.3415939999998,37.605509999999995,274.306217,18879.049241000008,9.977143,0.032074,14150,20482.082508
9,70.085786,0.050468,1176.3415939999998,37.605509999999995,274.306217,18879.105046000008,9.977143,0.032074,14150,20482.138768
9,70.085786,0.050468,1176.3415939999998,37.605509999999995,274.306217,18879.162871000008,9.977143,0.032074,14150,20482.197142
9,70.085786,0.050468,1176.3415939999998,37.605509999999995,274.306217,18969.804803000006,9.977143,0.032074,14150,20572.839446
9,70.085786,0.050468,1176.3415939999998,37.605509999999995,274.306217,18969.864571000006,9.977143,0.032074,14150,20572.899564
9,70.085786,0.050468,1176.3415939999998,37.605509999999995,274.306217,18969.922524000005,9.977143,0.032074,14150,20572.957915
9,70.085786,0.050468,1176.3415939999998,37.605509999999995,274.306217,18969.979710000003,9.977143,0.032074,14150,20573.01538
9,70.085786,0.050468,1176.3415939999998,37.605509999999995,274.306217,19061.709206000003,9.977143,0.032074,14150,20664.745101
9,70.085786,0.050468,1176.3415939999998,37.605509999999995,274.306217,19061.761984000004,9.977143,0.032074,14150,20664.798078
9,70.085786,0.050468,1176.3415939999998,37.605509999999995,274.306217,19061.818191000006,9.977143,0.032074,14150,20664.854505
9,70.085786,0.050468,1176.3415939999998,37.605509999999995,274.306217,19151.960772000006,9.977143,0.032074,14150,20754.997249
9,70.085786,0.050468,1176.3415939999998,37.605509999999995,274.306217,19152.012775000007,9.977143,0.032074,14150,20755.049415
9,70.085786,0.050468,1176.3415939999998,37.605509999999995,274.306217,19152.067474000007,9.977143,0.032074,14150,20755.10429
9,70.085786,0.050468,1176.3415939999998,37.605509999999995,274.306217,19240.537041000007,9.977143,0.032074,14150,20843.573994
9,70.085786,0.050468,1176.3415939999998,37.605509999999995,274.306217,19240.585851000007,9.977143,0.032074,14150,20843.622945
9,70.085786,0.050468,1176.3415939999998,37.605509999999995,274.306217,19240.636672000008,9.977143,0.032074,14150,20843.673881
9,70.085786,0.050468,1176.3415939999998,37.605509999999995,274.306217,19328.487137000007,9.977143,0.032074,14150,20931.524483
9,70.085786,0.050468,1176.3415939999998,37.605509999999995,274.306217,19328.53815400001,9.977143,0.032074,14150,20931.575639
9,70.085786,0.050468,1176.3415939999998,37.605509999999995,274.306217,19328.59953000001,9.977143,0.032074,14150,20931.637165
9,70.085786,0.050468,1176.3415939999998,37.605509999999995,274.306217,19417.95258600001,9.977143,0.032074,14150,21020.990352
9,70.085786,0.050468,1176.3415939999998,37.605509999999995,274.306217,19418.02289700001,9.977143,0.032074,14150,21021.060797
9,70.085786,0.050468,1176.3415939999998,37.605509999999995,274.306217,19418.07611200001,9.977143,0.032074,14150,21021.114138
9,70.085786,0.050468,1176.3415939999998,37.605509999999995,274.306217,19507.17504800001,9.977143,0.032074,14150,21110.213208
9,70.085786,0.050468,1176.3415939999998,37.605509999999995,274.306217,19507.22968700001,9.977143,0.032074,14150,21110.26798
9,70.085786,0.050468,1176.3415939999998,37.605509999999995,274.306217,19507.27901800001,9.977143,0.032074,14150,21110.317435
9,70.085786,0.050468,1176.3415939999998,37.605509999999995,274.306217,19600.072965000007,9.977143,0.032074,14150,21209.964556
9,70.085786,0.050468,1176.3415939999998,37.605509999999995,274.306217,19691.94281200001,9.977143,0.032074,14150,21301.834537
9,70.085786,0.050468,1176.3415939999998,37.605509999999995,274.306217,19787.87522200001,9.977143,0.032074,14150,21397.767083
9,70.085786,0.050468,1176.3415939999998,37.605509999999995,274.306217,19883.28548500001,9.977143,0.032074,14150,21493.177482
9,70.085786,0.050468,1176.3415939999998,37.605509999999995,274.306217,19977.96711500001,9.977143,0.032074,14150,21587.859271
9,70.085786,0.050468,1176.3415939999998,37.605509999999995,274.306217,20067.35217100001,9.977143,0.032074,14150,21677.244498
9,70.085786,0.050468,1176.3415939999998,37.605509999999995,274.306217,20155.50364300001,9.977143,0.032074,14150,21765.396117
9,70.085786,0.050468,1176.3415939999998,37.605509999999995,274.306217,20250.25509300001,9.977143,0.032074,14150,21860.147833
9,70.085786,0.050468,1176.3415939999998,37.605509999999995,274.306217,20343.84008600001,9.977143,0.032074,14150,21953.733088
9,70.085786,0.050468,1176.3415939999998,37.605509999999995,367.892227,20343.84008600001,9.977143,0.032074,14150,21953.734105
9,70.085786,0.050468,1176.3415939999998,37.605509999999995,367.892227,20343.84008600001,9.977143,0.032074,14149,21953.73414
9,70.085786,0.050468,1294.7918299999997,37.605509999999995,367.892227,20343.84008600001,9.977143,0.032074,14149,22072.18439
9,70.085786,0.050468,1294.7918299999997,37.605509999999995,367.892227,20343.84008600001,9.977143,0.080434,14149,22072.23314
9,70.085786,0.050468,1294.7918299999997,37.605509999999995,367.892227,20343.84008600001,9.977143,0.080434,21107,22072.233288
10,70.085786,0.050468,1439.6613419999996,37.605509999999995,367.892227,20343.84008600001,9.977143,0.080434,21107,22217.102924
10,70.085786,0.050468,1439.6613419999996,37.605509999999995,367.892227,20343.84008600001,9.977143,0.080434,21111,22217.103255
11,70.085786,0.050468,1595.7629299999996,37.605509999999995,367.892227,20343.84008600001,9.977143,0.080434,21111,22373.204994
11,70.085786,0.050468,1595.7629299999996,37.605509999999995,367.892227,20343.84008600001,11.382985999999999,0.080434,21111,22374.611059
11,70.085786,0.050468,1595.7629299999996,37.605509999999995,367.892227,20343.84008600001,11.382985999999999,0.080434,21094,22374.611178
11,70.085786,0.050468,1761.0716459999996,37.605509999999995,367.892227,20343.84008600001,11.382985999999999,0.080434,21094,22539.920044
11,70.085786,0.050468,1761.0716459999996,37.605509999999995,367.892227,20343.84008600001,19.307821999999998,0.080434,21094,22547.845116
11,70.085786,0.050468,1761.0716459999996,37.605509999999995,367.892227,20343.84008600001,19.307821999999998,0.080434,21090,22547.845238
11,70.085786,0.050468,1853.0088529999996,37.605509999999995,367.892227,20343.84008600001,19.307821999999998,0.080434,21090,22639.782602
11,70.085786,0.050468,1853.0088529999996,47.794152,367.892227,20343.84008600001,19.307821999999998,0.080434,21090,22649.97145
11,70.085786,0.050468,1853.0088529999996,47.794152,367.892227,20353.684871000012,19.307821999999998,0.080434,21090,22659.83443
11,70.085786,0.050468,1853.0088529999996,47.794152,367.892227,20363.022339000014,19.307821999999998,0.080434,21090,22669.172016
11,70.085786,0.050468,1853.0088529999996,47.794152,367.892227,20373.337197000015,19.307821999999998,0.080434,21090,22679.487008
11,70.085786,0.050468,1853.0088529999996,47.794152,367.892227,20385.398582000016,19.307821999999998,0.080434,21090,22691.548524
11,70.085786,0.050468,1853.0088529999996,47.794152,367.892227,20400.663966000015,19.307821999999998,0.080434,21090,22706.813999
11,70.085786,0.050468,1853.0088529999996,47.794152,367.892227,20422.184883000016,19.307821999999998,0.080434,21090,22728.335061
11,70.085786,0.050468,1853.0088529999996,47.794152,367.892227,20431.036216000015,19.307821999999998,0.080434,21090,22737.186503
11,70.085786,0.050468,1853.0088529999996,47.794152,367.892227,20441.246685000016,19.307821999999998,0.080434,21090,22747.397148
11,70.085786,0.050468,1853.0088529999996,47.794152,367.892227,20454.068228000015,19.307821999999998,0.080434,21090,22760.218919
11,70.085786,0.050468,1853.0088529999996,47.794152,367.892227,20471.806219000016,19.307821999999998,0.080434,21090,22777.957197
11,70.085786,0.050468,1853.0088529999996,47.794152,367.892227,20471.825064000015,19.307821999999998,0.080434,21090,22777.976547
11,70.085786,0.050468,1853.0088529999996,47.794152,367.892227,20471.838317000016,19.307821999999998,0.080434,21090,22777.990383
11,70.085786,0.050468,1853.0088529999996,47.794152,367.892227,20491.278117000016,19.307821999999998,0.080434,21090,22797.430529
11,70.085786,0.050468,1853.0088529999996,47.794152,367.892227,20491.289799000017,19.307821999999998,0.080434,21090,22797.442446
11,70.085786,0.050468,1853.0088529999996,47.794152,367.892227,20491.300215000017,19.307821999999998,0.080434,21090,22797.453119
11,70.085786,0.050468,1853.0088529999996,47.794152,367.892227,20491.309989000016,19.307821999999998,0.080434,21090,22797.463049
11,70.085786,0.050468,1853.0088529999996,47.794152,367.892227,20510.360426000017,19.307821999999998,0.080434,21090,22816.513602
11,70.085786,0.050468,1853.0088529999996,47.794152,367.892227,20510.371301000017,19.307821999999998,0.080434,21090,22816.524666
11,70.085786,0.050468,1853.0088529999996,47.794152,367.892227,20510.382130000016,19.307821999999998,0.080434,21090,22816.535682
11,70.085786,0.050468,1853.0088529999996,47.794152,367.892227,20530.315221000015,19.307821999999998,0.080434,21090,22836.468919
11,70.085786,0.050468,1853.0088529999996,47.794152,367.892227,20530.325752000015,19.307821999999998,0.080434,21090,22836.479617
11,70.085786,0.050468,1853.0088529999996,47.794152,367.892227,20530.338107000014,19.307821999999998,0.080434,21090,22836.492146
11,70.085786,0.050468,1853.0088529999996,47.794152,367.892227,20549.638606000015,19.307821999999998,0.080434,21090,22855.792777
11,70.085786,0.050468,1853.0088529999996,47.794152,367.892227,20549.650877000015,19.307821999999998,0.080434,21090,22855.805163
11,70.085786,0.050468,1853.0088529999996,47.794152,367.892227,20549.662998000014,19.307821999999998,0.080434,21090,22855.817443
11,70.085786,0.050468,1853.0088529999996,47.794152,367.892227,20569.593412000013,19.307821999999998,0.080434,21090,22875.748003
11,70.085786,0.050468,1853.0088529999996,47.794152,367.892227,20569.609557000014,19.307821999999998,0.080434,21090,22875.764282
11,70.085786,0.050468,1853.0088529999996,47.794152,367.892227,20569.626208000016,19.307821999999998,0.080434,21090,22875.781066
11,70.085786,0.050468,1853.0088529999996,47.794152,367.892227,20590.301345000014,19.307821999999998,0.080434,21090,22896.45632
11,70.085786,0.050468,1853.0088529999996,47.794152,367.892227,20590.313341000015,19.307821999999998,0.080434,21090,22896.468449
11,70.085786,0.050468,1853.0088529999996,47.794152,367.892227,20590.324897000017,19.307821999999998,0.080434,21090,22896.48014
11,70.085786,0.050468,1853.0088529999996,47.794152,367.892227,20609.96655900002,19.307821999999998,0.080434,21090,22916.121916
11,70.085786,0.050468,1853.0088529999996,47.794152,367.892227,20609.976400000018,19.307821999999998,0.080434,21090,22916.13188
11,70.085786,0.050468,1853.0088529999996,47.794152,367.892227,20609.986723000016,19.307821999999998,0.080434,21090,22916.14234
11,70.085786,0.050468,1853.0088529999996,47.794152,367.892227,20629.913626000016,19.307821999999998,0.080434,21090,22936.069325
11,70.085786,0.050468,1853.0088529999996,47.794152,367.892227,20629.923747000015,19.307821999999998,0.080434,21090,22936.079538
11,70.085786,0.050468,1853.0088529999996,47.794152,367.892227,20629.934013000016,19.307821999999998,0.080434,21090,22936.089889
11,70.085786,0.050468,1853.0088529999996,47.794152,367.892227,20650.116116000016,19.307821999999998,0.080434,21090,22965.728986
11,70.085786,0.050468,1853.0088529999996,47.794152,367.892227,20670.005331000015,19.307821999999998,0.080434,21090,22985.618325
11,70.085786,0.050468,1853.0088529999996,47.794152,367.892227,20689.491591000016,19.307821999999998,0.080434,21090,23005.104673
11,70.085786,0.050468,1853.0088529999996,47.794152,367.892227,20710.360864000017,19.307821999999998,0.080434,21090,23025.974085
11,70.085786,0.050468,1853.0088529999996,47.794152,367.892227,20729.602830000018,19.307821999999998,0.080434,21090,23045.216153
11,70.085786,0.050468,1853.0088529999996,47.794152,367.892227,20748.679212000017,19.307821999999998,0.080434,21090,23064.292668
11,70.085786,0.050468,1853.0088529999996,47.794152,367.892227,20768.08535800002,19.307821999999998,0.080434,21090,23083.69893
11,70.085786,0.050468,1853.0088529999996,47.794152,367.892227,20789.535235000018,19.307821999999998,0.080434,21090,23105.148992
11,70.085786,0.050468,1853.0088529999996,47.794152,367.892227,20813.09416100002,19.307821999999998,0.080434,21090,23128.708086
11,70.085786,0.050468,1853.0088529999996,47.794152,367.892227,20841.95120500002,19.307821999999998,0.080434,21090,23157.565474
11,70.085786,0.050468,1853.0088529999996,47.794152,367.892227,20875.47679600002,19.307821999999998,0.080434,21090,23191.091575
11,70.085786,0.050468,1853.0088529999996,47.794152,367.892227,20929.35475900002,19.307821999999998,0.080434,21090,23244.970451
11,70.085786,0.050468,1853.0088529999996,47.794152,367.892227,21002.80981200002,19.307821999999998,0.080434,21090,23318.426869
11,70.085786,0.050468,1853.0088529999996,47.794152,367.892227,21120.40327800002,19.307821999999998,0.080434,21090,23436.022986
11,70.085786,0.050468,1853.0088529999996,47.794152,367.892227,21120.48127900002,19.307821999999998,0.080434,21090,23436.102344
11,70.085786,0.050468,1853.0088529999996,47.794152,367.892227,21120.56600900002,19.307821999999998,0.080434,21090,23436.189323
11,70.085786,0.050468,1853.0088529999996,47.794152,367.892227,21120.64794000002,19.307821999999998,0.080434,21090,23436.27317
11,70.085786,0.050468,1853.0088529999996,47.794152,367.892227,21239.98465400002,19.307821999999998,0.080434,21090,23555.611466
11,70.085786,0.050468,1853.0088529999996,47.794152,367.892227,21240.07468100002,19.307821999999998,0.080434,21090,23555.702313
11,70.085786,0.050468,1853.0088529999996,47.794152,367.892227,21240.15553400002,19.307821999999998,0.080434,21090,23555.783908
11,70.085786,0.050468,1853.0088529999996,47.794152,367.892227,21240.23712200002,19.307821999999998,0.080434,21090,23555.866549
11,70.085786,0.050468,1853.0088529999996,47.794152,367.892227,21360.76378400002,19.307821999999998,0.080434,21090,23676.393918
11,70.085786,0.050468,1853.0088529999996,47.794152,367.892227,21360.84052100002,19.307821999999998,0.080434,21090,23676.471238
11,70.085786,0.050468,1853.0088529999996,47.794152,367.892227,21360.91906200002,19.307821999999998,0.080434,21090,23676.550317
11,70.085786,0.050468,1853.0088529999996,47.794152,367.892227,21360.99742500002,19.307821999999998,0.080434,21090,23676.629094
11,70.085786,0.050468,1853.0088529999996,47.794152,367.892227,21487.10626200002,19.307821999999998,0.080434,21090,23802.738333
11,70.085786,0.050468,1853.0088529999996,47.794152,367.892227,21487.19054600002,19.307821999999998,0.080434,21090,23802.822985
11,70.085786,0.050468,1853.0088529999996,47.794152,367.892227,21487.29616800002,19.307821999999998,0.080434,21090,23802.928997
11,70.085786,0.050468,1853.0088529999996,47.794152,367.892227,21487.37765500002,19.307821999999998,0.080434,21090,23803.010779
11,70.085786,0.050468,1853.0088529999996,47.794152,367.892227,21612.874362000017,19.307821999999998,0.080434,21090,23928.507724
11,70.085786,0.050468,1853.0088529999996,47.794152,367.892227,21612.954918000018,19.307821999999998,0.080434,21090,23928.58849
11,70.085786,0.050468,1853.0088529999996,47.794152,367.892227,21613.03302400002,19.307821999999998,0.080434,21090,23928.666773
11,70.085786,0.050468,1853.0088529999996,47.794152,367.892227,21740.840655000018,19.307821999999998,0.080434,21090,24056.474605
11,70.085786,0.050468,1853.0088529999996,47.794152,367.892227,21740.927204000018,19.307821999999998,0.080434,21090,24056.561344
11,70.085786,0.050468,1853.0088529999996,47.794152,367.892227,21741.01409100002,19.307821999999998,0.080434,21090,24056.648436
11,70.085786,0.050468,1853.0088529999996,47.794152,367.892227,21741.101711000018,19.307821999999998,0.080434,21090,24056.736231
11,70.085786,0.050468,1853.0088529999996,47.794152,367.892227,21868.151849000016,19.307821999999998,0.080434,21090,24183.786525
11,70.085786,0.050468,1853.0088529999996,47.794152,367.892227,21868.258920000015,19.307821999999998,0.080434,21090,24183.89374
11,70.085786,0.050468,1853.0088529999996,47.794152,367.892227,21868.396154000016,19.307821999999998,0.080434,21090,24184.031127
11,70.085786,0.050468,1853.0088529999996,47.794152,367.892227,21996.238423000017,19.307821999999998,0.080434,21090,24311.873548
11,70.085786,0.050468,1853.0088529999996,47.794152,367.892227,21996.318075000017,19.307821999999998,0.080434,21090,24311.953338
11,70.085786,0.050468,1853.0088529999996,47.794152,367.892227,21996.399210000018,19.307821999999998,0.080434,21090,24312.034604
11,70.085786,0.050468,1853.0088529999996,47.794152,367.892227,22123.36318300002,19.307821999999998,0.080434,21090,24438.998724
11,70.085786,0.050468,1853.0088529999996,47.794152,367.892227,22123.442442000018,19.307821999999998,0.080434,21090,24439.078124
11,70.085786,0.050468,1853.0088529999996,47.794152,367.892227,22123.517924000018,19.307821999999998,0.080434,21090,24439.153712
11,70.085786,0.050468,1853.0088529999996,47.794152,367.892227,22252.60498400002,19.307821999999998,0.080434,21090,24577.724782
11,70.085786,0.050468,1853.0088529999996,47.794152,367.892227,22379.849122000018,19.307821999999998,0.080434,21090,24704.969053
11,70.085786,0.050468,1853.0088529999996,47.794152,367.892227,22504.055481000018,19.307821999999998,0.080434,21090,24829.175542
11,70.085786,0.050468,1853.0088529999996,47.794152,367.892227,22630.310711000016,19.307821999999998,0.080434,21090,24955.43092
11,70.085786,0.050468,1853.0088529999996,47.794152,367.892227,22756.627190000017,19.307821999999998,0.080434,21090,25081.747545
11,70.085786,0.050468,1853.0088529999996,47.794152,367.892227,22884.839428000018,19.307821999999998,0.080434,21090,25209.959952
11,70.085786,0.050468,1853.0088529999996,47.794152,367.892227,23011.965694000017,19.307821999999998,0.080434,21090,25337.08643
11,70.085786,0.050468,1853.0088529999996,47.794152,367.892227,23140.092543000017,19.307821999999998,0.080434,21090,25465.213544
11,70.085786,0.050468,1853.0088529999996,47.794152,367.892227,23271.528942000015,19.307821999999998,0.080434,21090,25596.650319
11,70.085786,0.050468,1853.0088529999996,47.794152,367.892227,23400.830283000014,19.307821999999998,0.080434,21090,25725.951855
11,70.085786,0.050468,1853.0088529999996,47.794152,497.195835,23400.830283000014,19.307821999999998,0.080434,21090,25725.954122
11,70.085786,0.050468,1853.0088529999996,47.794152,497.195835,23400.830283000014,19.307821999999998,0.080434,21088,25725.954172
11,70.085786,0.050468,2016.4303629999995,47.794152,497.195835,23400.830283000014,19.307821999999998,0.080434,21088,25889.375721
11,70.085786,0.050468,2016.4303629999995,47.794152,497.195835,23400.830283000014,19.307821999999998,0.080434,21093,25889.376041
12,70.085786,0.050468,2183.9905299999996,47.794152,497.195835,23400.830283000014,19.307821999999998,0.080434,21093,26056.93631
12,70.085786,0.050468,2183.9905299999996,47.794152,497.195835,23400.830283000014,24.532065,0.080434,21093,26062.160997
12,70.085786,0.050468,2183.9905299999996,47.794152,497.195835,23400.830283000014,24.532065,0.080434,21055,26062.161095
12,70.085786,0.050468,2509.3821959999996,47.794152,497.195835,23400.830283000014,24.532065,0.080434,21055,26387.552925
12,70.085786,0.050468,2509.3821959999996,184.907476,497.195835,23400.830283000014,24.532065,0.080434,21055,26524.666427
12,70.085786,0.050468,2509.3821959999996,184.907476,497.195835,23409.485950000013,24.532065,0.080434,21055,26533.339897
12,70.085786,0.050468,2509.3821959999996,184.907476,497.195835,23418.655084000013,24.532065,0.080434,21055,26542.50912
12,70.085786,0.050468,2509.3821959999996,184.907476,497.195835,23428.81728300001,24.532065,0.080434,21055,26552.671442
12,70.085786,0.050468,2509.3821959999996,184.907476,497.195835,23440.62645200001,24.532065,0.080434,21055,26564.480741
12,70.085786,0.050468,2509.3821959999996,184.907476,497.195835,23455.70754000001,24.532065,0.080434,21055,26579.561957
12,70.085786,0.050468,2509.3821959999996,184.907476,497.195835,23476.398602000012,24.532065,0.080434,21055,26600.253116
12,70.085786,0.050468,2509.3821959999996,184.907476,497.195835,23484.90118000001,24.532065,0.080434,21055,26608.755802
12,70.085786,0.050468,2509.3821959999996,184.907476,497.195835,23494.71719000001,24.532065,0.080434,21055,26618.571935
12,70.085786,0.050468,2509.3821959999996,184.907476,497.195835,23508.11415100001,24.532065,0.080434,21055,26631.969118
12,70.085786,0.050468,2509.3821959999996,184.907476,497.195835,23524.256513000008,24.532065,0.080434,21055,26648.111771
12,70.085786,0.050468,2509.3821959999996,184.907476,497.195835,23524.434705000007,24.532065,0.080434,21055,26648.290302
12,70.085786,0.050468,2509.3821959999996,184.907476,497.195835,23524.450832000006,24.532065,0.080434,21055,26648.307033
12,70.085786,0.050468,2509.3821959999996,184.907476,497.195835,23524.463641000006,24.532065,0.080434,21055,26648.320215
12,70.085786,0.050468,2509.3821959999996,184.907476,497.195835,23541.698041000007,24.532065,0.080434,21055,26665.554837
12,70.085786,0.050468,2509.3821959999996,184.907476,497.195835,23541.711286000005,24.532065,0.080434,21055,26665.56831
12,70.085786,0.050468,2509.3821959999996,184.907476,497.195835,23541.726920000005,24.532065,0.080434,21055,26665.58411
12,70.085786,0.050468,2509.3821959999996,184.907476,497.195835,23559.339602000004,24.532065,0.080434,21055,26683.197012
12,70.085786,0.050468,2509.3821959999996,184.907476,497.195835,23559.351481000005,24.532065,0.080434,21055,26683.209067
12,70.085786,0.050468,2509.3821959999996,184.907476,497.195835,23559.363680000006,24.532065,0.080434,21055,26683.221467
12,70.085786,0.050468,2509.3821959999996,184.907476,497.195835,23577.692583000007,24.532065,0.080434,21055,26701.550506
12,70.085786,0.050468,2509.3821959999996,184.907476,497.195835,23577.70599800001,24.532065,0.080434,21055,26701.56408
12,70.085786,0.050468,2509.3821959999996,184.907476,497.195835,23577.71860500001,24.532065,0.080434,21055,26701.576844
12,70.085786,0.050468,2509.3821959999996,184.907476,497.195835,23596.19202700001,24.532065,0.080434,21055,26720.050396
12,70.085786,0.050468,2509.3821959999996,184.907476,497.195835,23596.20496600001,24.532065,0.080434,21055,26720.063437
12,70.085786,0.050468,2509.3821959999996,184.907476,497.195835,23596.218610000007,24.532065,0.080434,21055,26720.077236
12,70.085786,0.050468,2509.3821959999996,184.907476,497.195835,23596.231222000006,24.532065,0.080434,21055,26720.089978
12,70.085786,0.050468,2509.3821959999996,184.907476,497.195835,23614.789760000007,24.532065,0.080434,21055,26738.648643
12,70.085786,0.050468,2509.3821959999996,184.907476,497.195835,23614.801357000008,24.532065,0.080434,21055,26738.660369
12,70.085786,0.050468,2509.3821959999996,184.907476,497.195835,23614.813071000008,24.532065,0.080434,21055,26738.67221
12,70.085786,0.050468,2509.3821959999996,184.907476,497.195835,23633.67972400001,24.532065,0.080434,21055,26757.538973
12,70.085786,0.050468,2509.3821959999996,184.907476,497.195835,23633.69216900001,24.532065,0.080434,21055,26757.551549
12,70.085786,0.050468,2509.3821959999996,184.907476,497.195835,23633.70576200001,24.532065,0.080434,21055,26757.565275
12,70.085786,0.050468,2509.3821959999996,184.907476,497.195835,23633.717816000008,24.532065,0.080434,21055,26757.577443
12,70.085786,0.050468,2509.3821959999996,184.907476,497.195835,23652.347275000007,24.532065,0.080434,21055,26918.90574
12,70.085786,0.050468,2509.3821959999996,184.907476,497.195835,23670.748438000006,24.532065,0.080434,21055,26937.307027
12,70.085786,0.050468,2509.3821959999996,184.907476,497.195835,23689.662225000007,24.532065,0.080434,21055,26956.220938
12,70.085786,0.050468,2509.3821959999996,184.907476,497.195835,23707.974856000008,24.532065,0.080434,21055,26974.533694
12,70.085786,0.050468,2509.3821959999996,184.907476,497.195835,23727.055761000007,24.532065,0.080434,21055,26993.61473
12,70.085786,0.050468,2509.3821959999996,184.907476,497.195835,23746.26905600001,24.532065,0.080434,21055,27012.828176
12,70.085786,0.050468,2509.3821959999996,184.907476,497.195835,23765.45440100001,24.532065,0.080434,21055,27032.013685
12,70.085786,0.050468,2509.3821959999996,184.907476,497.195835,23786.73045400001,24.532065,0.080434,21055,27053.289941
12,70.085786,0.050468,2509.3821959999996,184.907476,497.195835,23811.371642000013,24.532065,0.080434,21055,27077.931434
12,70.085786,0.050468,2509.3821959999996,184.907476,497.195835,23839.217015000013,24.532065,0.080434,21055,27105.777148
12,70.085786,0.050468,2509.3821959999996,184.907476,497.195835,23873.054387000015,24.532065,0.080434,21055,27139.614833
12,70.085786,0.050468,2509.3821959999996,184.907476,497.195835,23927.369811000015,24.532065,0.080434,21055,27193.931087
12,70.085786,0.050468,2509.3821959999996,184.907476,497.195835,24002.106089000015,24.532065,0.080434,21055,27268.668802
12,70.085786,0.050468,2509.3821959999996,184.907476,497.195835,24126.157827000014,24.532065,0.080434,21055,27392.723083
12,70.085786,0.050468,2509.3821959999996,184.907476,497.195835,24284.930022000015,24.532065,0.080434,21055,27551.496745
12,70.085786,0.050468,2509.3821959999996,184.907476,655.97034,24284.930022000015,24.532065,0.080434,21055,27551.499055
12,70.085786,0.050468,2509.3821959999996,184.907476,655.97034,24284.930022000015,24.532065,0.080434,21054,27551.499113
12,70.085786,0.050468,2855.5854229999995,184.907476,655.97034,24284.930022000015,24.532065,0.080434,21054,27897.702373
12,70.085786,0.050468,2855.5854229999995,184.907476,655.97034,24284.930022000015,24.532065,0.1342,21054,27897.756806
12,70.085786,0.050468,2855.5854229999995,184.907476,655.97034,24284.930022000015,24.532065,0.1342,25054,27897.756995
13,70.085786,0.050468,2950.2121049999996,184.907476,655.97034,24284.930022000015,24.532065,0.1342,25054,27992.383864
13,70.085786,0.050468,2950.2121049999996,184.907476,655.97034,24284.930022000015,24.532065,0.15854700000000002,25054,27992.408464
13,70.085786,0.050468,2950.2121049999996,184.907476,655.97034,24284.930022000015,24.532065,0.15854700000000002,27346,27992.408549
14,70.085786,0.050468,3124.3285889999997,184.907476,655.97034,24284.930022000015,24.532065,0.15854700000000002,27346,28166.525136
14,70.085786,0.050468,3124.3285889999997,184.907476,655.97034,24284.930022000015,27.015756,0.15854700000000002,27346,28169.009046
14,70.085786,0.050468,3124.3285889999997,184.907476,655.97034,24284.930022000015,27.015756,0.15854700000000002,27340,28169.009167
14,70.085786,0.050468,3245.9375529999998,184.907476,655.97034,24284.930022000015,27.015756,0.15854700000000002,27340,28290.618289
14,70.085786,0.050468,3245.9375529999998,184.907476,655.97034,24284.930022000015,30.090028,0.15854700000000002,27340,28293.692794
14,70.085786,0.050468,3245.9375529999998,184.907476,655.97034,24284.930022000015,30.090028,0.15854700000000002,27337,28293.692882
14,70.085786,0.050468,3392.097022,184.907476,655.97034,24284.930022000015,30.090028,0.15854700000000002,27337,28439.852435
14,70.085786,0.050468,3392.097022,184.907476,655.97034,24284.930022000015,33.49387,0.15854700000000002,27337,28443.256502
14,70.085786,0.050468,3392.097022,184.907476,655.97034,24284.930022000015,33.49387,0.15854700000000002,27335,28443.256625
14,70.085786,0.050468,9771.378778,184.907476,655.97034,24284.930022000015,33.49387,0.15854700000000002,27335,34822.538542
14,70.085786,0.050468,9771.378778,189.939765,655.97034,24284.930022000015,33.49387,0.15854700000000002,27335,34827.570956
14,70.085786,0.050468,9771.378778,189.939765,655.97034,24292.620021000013,33.49387,0.15854700000000002,27335,34835.275202
14,70.085786,0.050468,9771.378778,189.939765,655.97034,24300.715369000012,33.49387,0.15854700000000002,27335,34843.370637
14,70.085786,0.050468,9771.378778,189.939765,655.97034,24309.805211000014,33.49387,0.15854700000000002,27335,34852.460568
14,70.085786,0.050468,9771.378778,189.939765,655.97034,24320.512214000013,33.49387,0.15854700000000002,27335,34863.16766
14,70.085786,0.050468,9771.378778,189.939765,655.97034,24334.324880000015,33.49387,0.15854700000000002,27335,34876.98045
14,70.085786,0.050468,9771.378778,189.939765,655.97034,24353.761774000013,33.49387,0.15854700000000002,27335,34896.417441
14,70.085786,0.050468,9771.378778,189.939765,655.97034,24367.863490000014,33.49387,0.15854700000000002,27335,34910.519258
14,70.085786,0.050468,9771.378778,189.939765,655.97034,24376.447711000015,33.49387,0.15854700000000002,27335,34919.1036
14,70.085786,0.050468,9771.378778,189.939765,655.97034,24386.914069000017,33.49387,0.15854700000000002,27335,34929.570119
14,70.085786,0.050468,9771.378778,189.939765,655.97034,24401.358600000018,33.49387,0.15854700000000002,27335,34944.014942
14,70.085786,0.050468,9771.378778,189.939765,655.97034,24423.552781000017,33.49387,0.15854700000000002,27335,34966.209462
14,70.085786,0.050468,9771.378778,189.939765,655.97034,24459.181540000016,33.49387,0.15854700000000002,27335,35001.838818
14,70.085786,0.050468,9771.378778,189.939765,655.97034,24533.095772000015,33.49387,0.15854700000000002,27335,35075.75451
14,70.085786,0.050468,9771.378778,189.939765,655.97034,24640.129263000013,33.49387,0.15854700000000002,27335,35182.790768
14,70.085786,0.050468,9771.378778,189.939765,655.97034,24645.154218000014,33.49387,0.15854700000000002,27335,35187.819713
14,70.085786,0.050468,9771.378778,189.939765,655.97034,24766.976909000015,33.49387,0.15854700000000002,27335,35309.64786
14,70.085786,0.050468,9771.378778,189.939765,655.97034,24771.997986000017,33.49387,0.15854700000000002,27335,35314.670345
14,70.085786,0.050468,9771.378778,189.939765,655.97034,24777.021928000016,33.49387,0.15854700000000002,27335,35319.695574
14,70.085786,0.050468,9771.378778,189.939765,655.97034,24782.046001000017,33.49387,0.15854700000000002,27335,35324.722691
14,70.085786,0.050468,9771.378778,189.939765,655.97034,24912.907449000017,33.49387,0.15854700000000002,27335,35455.586128
14,70.085786,0.050468,9771.378778,189.939765,655.97034,24917.930972000016,33.49387,0.15854700000000002,27335,35460.610199
14,70.085786,0.050468,9771.378778,189.939765,655.97034,24922.957863000018,33.49387,0.15854700000000002,27335,35465.637901
14,70.085786,0.050468,9771.378778,189.939765,655.97034,24927.984577000017,33.49387,0.15854700000000002,27335,35470.665454
14,70.085786,0.050468,9771.378778,189.939765,655.97034,25063.617004000018,33.49387,0.15854700000000002,27335,35606.298659
14,70.085786,0.050468,9771.378778,189.939765,655.97034,25068.641138000017,33.49387,0.15854700000000002,27335,35611.32311
14,70.085786,0.050468,9771.378778,189.939765,655.97034,25073.667261000017,33.49387,0.15854700000000002,27335,35616.349649
14,70.085786,0.050468,9771.378778,189.939765,655.97034,25078.691267000017,33.49387,0.15854700000000002,27335,35621.374071
14,70.085786,0.050468,9771.378778,189.939765,655.97034,25215.044079000018,33.49387,0.15854700000000002,27335,35757.727286
14,70.085786,0.050468,9771.378778,189.939765,655.97034,25220.070596000016,33.49387,0.15854700000000002,27335,35762.754014
14,70.085786,0.050468,9771.378778,189.939765,655.97034,25225.096607000018,33.49387,0.15854700000000002,27335,35767.780233
14,70.085786,0.050468,9771.378778,189.939765,655.97034,25361.41011900002,33.49387,0.15854700000000002,27335,35904.094004
14,70.085786,0.050468,9771.378778,189.939765,655.97034,25366.433470000018,33.49387,0.15854700000000002,27335,35909.117671
14,70.085786,0.050468,9771.378778,189.939765,655.97034,25371.46238200002,33.49387,0.15854700000000002,27335,35914.146733
14,70.085786,0.050468,9771.378778,189.939765,655.97034,25376.48716300002,33.49387,0.15854700000000002,27335,35919.171636
14,70.085786,0.050468,9771.378778,189.939765,655.97034,25381.51263500002,33.49387,0.15854700000000002,27335,35924.197221
14,70.085786,0.050468,9771.378778,189.939765,655.97034,25386.537785000022,33.49387,0.15854700000000002,27335,35929.222527
14,70.085786,0.050468,9771.378778,189.939765,655.97034,25523.82995900002,33.49387,0.15854700000000002,27335,36066.51486
14,70.085786,0.050468,9771.378778,189.939765,655.97034,25528.859784000022,33.49387,0.15854700000000002,27335,36071.544825
14,70.085786,0.050468,9771.378778,189.939765,655.97034,25533.88492800002,33.49387,0.15854700000000002,27335,36076.57012
14,70.085786,0.050468,9771.378778,189.939765,655.97034,25538.912346000023,33.49387,0.15854700000000002,27335,36081.597688
14,70.085786,0.050468,9771.378778,189.939765,655.97034,25543.937699000024,33.49387,0.15854700000000002,27335,36086.623195
14,70.085786,0.050468,9771.378778,189.939765,655.97034,25681.452282000024,33.49387,0.15854700000000002,27335,36229.176509
14,70.085786,0.050468,9771.378778,189.939765,655.97034,25819.010054000024,33.49387,0.15854700000000002,27335,36366.734405
14,70.085786,0.050468,9771.378778,189.939765,793.529857,25819.010054000024,33.49387,0.15854700000000002,27335,36366.73615
14,70.085786,0.050468,9771.378778,189.939765,793.529857,25819.010054000024,33.49387,0.15854700000000002,27334,36366.736185
14,70.085786,0.050468,9942.901193,189.939765,793.529857,25819.010054000024,33.49387,0.15854700000000002,27334,36538.258614
14,70.085786,0.050468,9942.901193,189.939765,793.529857,25819.010054000024,35.262686,0.15854700000000002,27334,36540.02759
14,70.085786,0.050468,9942.901193,189.939765,793.529857,25819.010054000024,35.262686,0.15854700000000002,27314,36540.027681
14,70.085786,0.050468,10331.408687,189.939765,793.529857,25819.010054000024,35.262686,0.15854700000000002,27314,36928.535272
14,70.085786,0.050468,10331.408687,189.939765,793.529857,25819.010054000024,35.262686,0.190871,27314,36928.568091
14,70.085786,0.050468,10331.408687,189.939765,793.529857,25819.010054000024,35.262686,0.190871,28618,36928.568163
15,70.085786,0.050468,10759.653441999999,189.939765,793.529857,25819.010054000024,35.262686,0.190871,28618,37356.813014
15,70.085786,0.050468,10759.653441999999,189.939765,793.529857,25819.010054000024,49.823331,0.190871,28618,37371.374322
15,70.085786,0.050468,10759.653441999999,189.939765,793.529857,25819.010054000024,49.823331,0.190871,28575,37371.374459
15,70.085786,0.050468,10945.512706,189.939765,793.529857,25819.010054000024,49.823331,0.190871,28575,37557.234162
15,70.085786,0.050468,10945.512706,335.13480400000003,793.529857,25819.010054000024,49.823331,0.190871,28575,37702.42939
15,70.085786,0.050468,10945.512706,335.13480400000003,793.529857,25827.169460000023,49.823331,0.190871,28575,37710.60371
15,70.085786,0.050468,10945.512706,335.13480400000003,793.529857,25835.504067000023,49.823331,0.190871,28575,37718.938438
15,70.085786,0.050468,10945.512706,335.13480400000003,793.529857,25844.203768000025,49.823331,0.190871,28575,37727.638231
15,70.085786,0.050468,10945.512706,335.13480400000003,793.529857,25854.939339000026,49.823331,0.190871,28575,37738.373934
15,70.085786,0.050468,10945.512706,335.13480400000003,793.529857,25868.934112000024,49.823331,0.190871,28575,37752.368806
15,70.085786,0.050468,10945.512706,335.13480400000003,793.529857,25888.291370000024,49.823331,0.190871,28575,37771.726157
15,70.085786,0.050468,10945.512706,335.13480400000003,793.529857,25902.306116000025,49.823331,0.190871,28575,37785.741067
15,70.085786,0.050468,10945.512706,335.13480400000003,793.529857,25910.749290000025,49.823331,0.190871,28575,37794.184369
15,70.085786,0.050468,10945.512706,335.13480400000003,793.529857,25920.668748000026,49.823331,0.190871,28575,37804.103978
15,70.085786,0.050468,10945.512706,335.13480400000003,793.529857,25934.507422000024,49.823331,0.190871,28575,37817.942845
15,70.085786,0.050468,10945.512706,335.13480400000003,793.529857,25958.731056000026,49.823331,0.190871,28575,37842.166824
15,70.085786,0.050468,10945.512706,335.13480400000003,793.529857,25977.165540000027,49.823331,0.190871,28575,37860.601933
15,70.085786,0.050468,10945.512706,335.13480400000003,793.529857,25982.173728000027,49.823331,0.190871,28575,37865.610669
15,70.085786,0.050468,10945.512706,335.13480400000003,793.529857,25987.189285000026,49.823331,0.190871,28575,37870.626688
15,70.085786,0.050468,10945.512706,335.13480400000003,793.529857,25989.337574000027,49.823331,0.190871,28575,37872.775292
15,70.085786,0.050468,10945.512706,335.13480400000003,793.529857,25991.369200000026,49.823331,0.190871,28575,37874.807237
15,70.085786,0.050468,10945.512706,335.13480400000003,793.529857,25993.348036000025,49.823331,0.190871,28575,37876.786318
15,70.085786,0.050468,10945.512706,335.13480400000003,793.529857,26012.385673000026,49.823331,0.190871,28575,37895.824111
15,70.085786,0.050468,10945.512706,335.13480400000003,793.529857,26014.407928000026,49.823331,0.190871,28575,37897.846479
15,70.085786,0.050468,10945.512706,335.13480400000003,793.529857,26016.369927000025,49.823331,0.190871,28575,37899.808625
15,70.085786,0.050468,10945.512706,335.13480400000003,793.529857,26035.522815000026,49.823331,0.190871,28575,37918.96164
15,70.085786,0.050468,10945.512706,335.13480400000003,793.529857,26037.486578000025,49.823331,0.190871,28575,37920.925506
15,70.085786,0.050468,10945.512706,335.13480400000003,793.529857,26039.447598000024,49.823331,0.190871,28575,37922.886702
15,70.085786,0.050468,10945.512706,335.13480400000003,793.529857,26058.356305000023,49.823331,0.190871,28575,37941.795569
15,70.085786,0.050468,10945.512706,335.13480400000003,793.529857,26060.379132000024,49.823331,0.190871,28575,37943.818491
15,70.085786,0.050468,10945.512706,335.13480400000003,793.529857,26062.341969000023,49.823331,0.190871,28575,37945.781445
15,70.085786,0.050468,10945.512706,335.13480400000003,793.529857,26067.355060000024,49.823331,0.190871,28575,37950.794688
15,70.085786,0.050468,10945.512706,335.13480400000003,793.529857,26086.184239000024,49.823331,0.190871,28575,37969.623971
15,70.085786,0.050468,10945.512706,335.13480400000003,793.529857,26105.023156000025,49.823331,0.190871,28575,37988.463006
15,70.085786,0.050468,10945.512706,335.13480400000003,793.529857,26106.997237000025,49.823331,0.190871,28575,37990.43718
15,70.085786,0.050468,10945.512706,335.13480400000003,793.529857,26108.956970000025,49.823331,0.190871,28575,37992.397029
15,70.085786,0.050468,10945.512706,335.13480400000003,793.529857,26110.924518000025,49.823331,0.190871,28575,37994.364689
15,70.085786,0.050468,10945.512706,335.13480400000003,793.529857,26129.884776000024,49.823331,0.190871,28575,38013.32507
15,70.085786,0.050468,10945.512706,335.13480400000003,793.529857,26131.813628000025,49.823331,0.190871,28575,38015.254039
15,70.085786,0.050468,10945.512706,335.13480400000003,793.529857,26133.717590000026,49.823331,0.190871,28575,38017.158143
15,70.085786,0.050468,10945.512706,335.13480400000003,793.529857,26152.596419000027,49.823331,0.190871,28575,38181.593712
15,70.085786,0.050468,10945.512706,335.13480400000003,793.529857,26171.396119000026,49.823331,0.190871,28575,38200.3935
15,70.085786,0.050468,10945.512706,335.13480400000003,793.529857,26190.087386000025,49.823331,0.190871,28575,38219.084858
15,70.085786,0.050468,10945.512706,335.13480400000003,793.529857,26208.897054000026,49.823331,0.190871,28575,38237.894651
15,70.085786,0.050468,10945.512706,335.13480400000003,793.529857,26228.390446000027,49.823331,0.190871,28575,38257.388141
15,70.085786,0.050468,10945.512706,335.13480400000003,793.529857,26247.914192000026,49.823331,0.190871,28575,38276.911988
15,70.085786,0.050468,10945.512706,335.13480400000003,793.529857,26267.675127000024,49.823331,0.190871,28575,38296.673096
15,70.085786,0.050468,10945.512706,335.13480400000003,793.529857,26288.706462000024,49.823331,0.190871,28575,38317.704571
15,70.085786,0.050468,10945.512706,335.13480400000003,793.529857,26311.517052000025,49.823331,0.190871,28575,38340.515415
15,70.085786,0.050468,10945.512706,335.13480400000003,793.529857,26338.657502000024,49.823331,0.190871,28575,38367.656116
15,70.085786,0.050468,10945.512706,335.13480400000003,793.529857,26368.806846000025,49.823331,0.190871,28575,38397.805891
15,70.085786,0.050468,10945.512706,335.13480400000003,793.529857,26370.033114000023,49.823331,0.190871,28575,38399.032646
15,70.085786,0.050468,10945.512706,335.13480400000003,793.529857,26399.574068000024,49.823331,0.190871,28575,38428.573931
15,70.085786,0.050468,10945.512706,335.13480400000003,793.529857,26400.842534000025,49.823331,0.190871,28575,38429.842672
15,70.085786,0.050468,10945.512706,335.13480400000003,793.529857,26402.076616000024,49.823331,0.190871,28575,38431.077096
15,70.085786,0.050468,10945.512706,335.13480400000003,793.529857,26432.715726000024,49.823331,0.190871,28575,38461.716463
15,70.085786,0.050468,10945.512706,335.13480400000003,793.529857,26433.998620000024,49.823331,0.190871,28575,38462.999637
15,70.085786,0.050468,10945.512706,335.13480400000003,793.529857,26435.235031000026,49.823331,0.190871,28575,38464.236405
15,70.085786,0.050468,10945.512706,335.13480400000003,793.529857,26466.320822000027,49.823331,0.190871,28575,38495.322452
15,70.085786,0.050468,10945.512706,335.13480400000003,793.529857,26467.567445000026,49.823331,0.190871,28575,38496.569309
15,70.085786,0.050468,10945.512706,335.13480400000003,793.529857,26468.760708000027,49.823331,0.190871,28575,38497.762762
15,70.085786,0.050468,10945.512706,335.13480400000003,793.529857,26469.995008000027,49.823331,0.190871,28575,38498.99722
15,70.085786,0.050468,10945.512706,335.13480400000003,793.529857,26502.727416000027,49.823331,0.190871,28575,38531.729762
15,70.085786,0.050468,10945.512706,335.13480400000003,793.529857,26503.985692000027,49.823331,0.190871,28575,38532.988139
15,70.085786,0.050468,10945.512706,335.13480400000003,793.529857,26505.241855000026,49.823331,0.190871,28575,38534.244435
15,70.085786,0.050468,10945.512706,335.13480400000003,793.529857,26506.467777000027,49.823331,0.190871,28575,38535.470472
15,70.085786,0.050468,10945.512706,335.13480400000003,793.529857,26507.704404000026,49.823331,0.190871,28575,38536.707245
15,70.085786,0.050468,10945.512706,335.13480400000003,793.529857,26508.951822000025,49.823331,0.190871,28575,38537.954802
15,70.085786,0.050468,10945.512706,335.13480400000003,793.529857,26510.201166000024,49.823331,0.190871,28575,38539.204248
15,70.085786,0.050468,10945.512706,335.13480400000003,793.529857,26542.333291000024,49.823331,0.190871,28575,38717.538936
15,70.085786,0.050468,10945.512706,335.13480400000003,793.529857,26574.116604000024,49.823331,0.190871,28575,38749.322362
15,70.085786,0.050468,10945.512706,335.13480400000003,793.529857,26605.640696000024,49.823331,0.190871,28575,38780.846539
15,70.085786,0.050468,10945.512706,335.13480400000003,793.529857,26637.420301000024,49.823331,0.190871,28575,38812.62623
15,70.085786,0.050468,10945.512706,335.13480400000003,793.529857,26669.671417000023,49.823331,0.190871,28575,38844.877442
15,70.085786,0.050468,10945.512706,335.13480400000003,793.529857,26702.188978000024,49.823331,0.190871,28575,38877.395142
15,70.085786,0.050468,10945.512706,335.13480400000003,793.529857,26735.030635000025,49.823331,0.190871,28575,38910.236922
15,70.085786,0.050468,10945.512706,335.13480400000003,793.529857,26767.118095000023,49.823331,0.190871,28575,38942.324535
15,70.085786,0.050468,10945.512706,335.13480400000003,793.529857,26801.233584000023,49.823331,0.190871,28575,38976.440194
15,70.085786,0.050468,10945.512706,335.13480400000003,793.529857,26838.869251000022,49.823331,0.190871,28575,39014.076226
15,70.085786,0.050468,10945.512706,335.13480400000003,793.529857,26885.59523900002,49.823331,0.190871,28575,39060.802575
15,70.085786,0.050468,10945.512706,335.13480400000003,793.529857,26946.83225600002,49.823331,0.190871,28575,39122.040139
15,70.085786,0.050468,10945.512706,335.13480400000003,793.529857,27011.29400200002,49.823331,0.190871,28575,39186.502986
15,70.085786,0.050468,10945.512706,335.13480400000003,793.529857,27011.32395400002,49.823331,0.190871,28575,39186.534027
15,70.085786,0.050468,10945.512706,335.13480400000003,793.529857,27011.351146000023,49.823331,0.190871,28575,39186.561842
15,70.085786,0.050468,10945.512706,335.13480400000003,793.529857,27011.376838000022,49.823331,0.190871,28575,39186.587915
15,70.085786,0.050468,10945.512706,335.13480400000003,793.529857,27072.87933000002,49.823331,0.190871,28575,39248.090667
15,70.085786,0.050468,10945.512706,335.13480400000003,793.529857,27072.90650600002,49.823331,0.190871,28575,39248.118123
15,70.085786,0.050468,10945.512706,335.13480400000003,793.529857,27072.93345300002,49.823331,0.190871,28575,39248.145361
15,70.085786,0.050468,10945.512706,335.13480400000003,793.529857,27136.265829000018,49.823331,0.190871,28575,39311.477969
15,70.085786,0.050468,10945.512706,335.13480400000003,793.529857,27136.29360000002,49.823331,0.190871,28575,39311.505943
15,70.085786,0.050468,10945.512706,335.13480400000003,793.529857,27136.32338000002,49.823331,0.190871,28575,39311.535967
15,70.085786,0.050468,10945.512706,335.13480400000003,793.529857,27136.35312300002,49.823331,0.190871,28575,39311.565893
15,70.085786,0.050468,10945.512706,335.13480400000003,793.529857,27136.38154700002,49.823331,0.190871,28575,39311.59446
15,70.085786,0.050468,10945.512706,335.13480400000003,793.529857,27136.409805000018,49.823331,0.190871,28575,39311.622832
15,70.085786,0.050468,10945.512706,335.13480400000003,793.529857,27136.43742800002,49.823331,0.190871,28575,39311.650553
15,70.085786,0.050468,10945.512706,335.13480400000003,793.529857,27199.381285000018,49.823331,0.190871,28575,39374.594497
15,70.085786,0.050468,10945.512706,335.13480400000003,793.529857,27199.409360000016,49.823331,0.190871,28575,39374.622666
15,70.085786,0.050468,10945.512706,335.13480400000003,793.529857,27199.436527000016,49.823331,0.190871,28575,39374.649931
15,70.085786,0.050468,10945.512706,335.13480400000003,793.529857,27262.489217000017,49.823331,0.190871,28575,39437.702722
15,70.085786,0.050468,10945.512706,335.13480400000003,793.529857,27262.51655000002,49.823331,0.190871,28575,39437.730146
15,70.085786,0.050468,10945.512706,335.13480400000003,793.529857,27262.543520000017,49.823331,0.190871,28575,39437.757205
15,70.085786,0.050468,10945.512706,335.13480400000003,793.529857,27262.570430000018,49.823331,0.190871,28575,39437.784201
15,70.085786,0.050468,10945.512706,335.13480400000003,793.529857,27326.714747000016,49.823331,0.190871,28575,39642.745102
15,70.085786,0.050468,10945.512706,335.13480400000003,793.529857,27389.812367000017,49.823331,0.190871,28575,39705.842811
15,70.085786,0.050468,10945.512706,335.13480400000003,793.529857,27453.235292000016,49.823331,0.190871,28575,39769.265821
15,70.085786,0.050468,10945.512706,335.13480400000003,793.529857,27516.552513000017,49.823331,0.190871,28575,39832.583131
15,70.085786,0.050468,10945.512706,335.13480400000003,793.529857,27579.459959000018,49.823331,0.190871,28575,39895.490677
15,70.085786,0.050468,10945.512706,335.13480400000003,793.529857,27642.47409400002,49.823331,0.190871,28575,39958.504923
15,70.085786,0.050468,10945.512706,335.13480400000003,793.529857,27704.63061500002,49.823331,0.190871,28575,40020.661603
15,70.085786,0.050468,10945.512706,335.13480400000003,793.529857,27768.05538000002,49.823331,0.190871,28575,40084.086527
15,70.085786,0.050468,10945.512706,335.13480400000003,793.529857,27832.83188100002,49.823331,0.190871,28575,40148.863227
15,70.085786,0.050468,10945.512706,335.13480400000003,793.529857,27901.47449000002,49.823331,0.190871,28575,40217.506227
15,70.085786,0.050468,10945.512706,335.13480400000003,793.529857,27960.00327900002,49.823331,0.190871,28575,40276.035612
15,70.085786,0.050468,10945.512706,335.13480400000003,793.529857,28031.118850000017,49.823331,0.190871,28575,40347.151753
15,70.085786,0.050468,10945.512706,335.13480400000003,793.529857,28120.526213000016,49.823331,0.190871,28575,40436.560937
15,70.085786,0.050468,10945.512706,335.13480400000003,793.529857,28251.592373000014,49.823331,0.190871,28575,40567.628986
15,70.085786,0.050468,10945.512706,335.13480400000003,793.529857,28407.174032000014,49.823331,0.190871,28575,40723.211872
15,70.085786,0.050468,10945.512706,335.13480400000003,949.1133,28407.174032000014,49.823331,0.190871,28575,40723.213656
15,70.085786,0.050468,10945.512706,335.13480400000003,949.1133,28407.174032000014,49.823331,0.190871,28572,40723.213689
15,70.085786,0.050468,11160.009828,335.13480400000003,949.1133,28407.174032000014,49.823331,0.190871,28572,40937.710823
15,70.085786,0.050468,11160.009828,335.13480400000003,949.1133,28407.174032000014,49.823331,0.190871,28574,40937.711227
16,70.085786,0.050468,11375.379759,335.13480400000003,949.1133,28407.174032000014,49.823331,0.190871,28574,41153.081254
16,70.085786,0.050468,11375.379759,335.13480400000003,949.1133,28407.174032000014,55.681069,0.190871,28574,41158.939247
16,70.085786,0.050468,11375.379759,335.13480400000003,949.1133,28407.174032000014,55.681069,0.190871,28546,41158.939337
16,70.085786,0.050468,11603.641687,335.13480400000003,949.1133,28407.174032000014,55.681069,0.190871,28546,41387.201433
16,70.085786,0.050468,11603.641687,335.13480400000003,949.1133,28407.174032000014,63.688764,0.190871,28546,41395.209385
16,70.085786,0.050468,11603.641687,335.13480400000003,949.1133,28407.174032000014,63.688764,0.190871,28519,41395.209468
16,70.085786,0.050468,12179.712588999999,335.13480400000003,949.1133,28407.174032000014,63.688764,0.190871,28519,41971.280528
16,70.085786,0.050468,12179.712588999999,424.889424,949.1133,28407.174032000014,63.688764,0.190871,28519,42061.035272
16,70.085786,0.050468,12179.712588999999,424.889424,949.1133,28414.141246000014,63.688764,0.190871,28519,42068.016833
16,70.085786,0.050468,12179.712588999999,424.889424,949.1133,28421.583178000015,63.688764,0.190871,28519,42075.458847
16,70.085786,0.050468,12179.712588999999,424.889424,949.1133,28429.870737000016,63.688764,0.190871,28519,42083.746493
16,70.085786,0.050468,12179.712588999999,424.889424,949.1133,28439.727870000017,63.688764,0.190871,28519,42093.603711
16,70.085786,0.050468,12179.712588999999,424.889424,949.1133,28452.651408000016,63.688764,0.190871,28519,42106.52735
16,70.085786,0.050468,12179.712588999999,424.889424,949.1133,28470.615591000016,63.688764,0.190871,28519,42124.491626
16,70.085786,0.050468,12179.712588999999,424.889424,949.1133,28483.768117000018,63.688764,0.190871,28519,42137.644251
16,70.085786,0.050468,12179.712588999999,424.889424,949.1133,28491.43159100002,63.688764,0.190871,28519,42145.307848
16,70.085786,0.050468,12179.712588999999,424.889424,949.1133,28500.82483200002,63.688764,0.190871,28519,42154.701243
16,70.085786,0.050468,12179.712588999999,424.889424,949.1133,28514.01704900002,63.688764,0.190871,28519,42167.893649
16,70.085786,0.050468,12179.712588999999,424.889424,949.1133,28536.89376500002,63.688764,0.190871,28519,42190.770688
16,70.085786,0.050468,12179.712588999999,424.889424,949.1133,28554.65327400002,63.688764,0.190871,28519,42208.530621
16,70.085786,0.050468,12179.712588999999,424.889424,949.1133,28559.664632000018,63.688764,0.190871,28519,42213.542345
16,70.085786,0.050468,12179.712588999999,424.889424,949.1133,28564.67654000002,63.688764,0.190871,28519,42218.554652
16,70.085786,0.050468,12179.712588999999,424.889424,949.1133,28569.69240600002,63.688764,0.190871,28519,42223.570833
16,70.085786,0.050468,12179.712588999999,424.889424,949.1133,28572.46483200002,63.688764,0.190871,28519,42226.343485
16,70.085786,0.050468,12179.712588999999,424.889424,949.1133,28577.47989600002,63.688764,0.190871,28519,42231.358727
16,70.085786,0.050468,12179.712588999999,424.889424,949.1133,28594.92060800002,63.688764,0.190871,28519,42248.799586
16,70.085786,0.050468,12179.712588999999,424.889424,949.1133,28599.92760800002,63.688764,0.190871,28519,42253.806698
16,70.085786,0.050468,12179.712588999999,424.889424,949.1133,28602.63729700002,63.688764,0.190871,28519,42256.516521
16,70.085786,0.050468,12179.712588999999,424.889424,949.1133,28620.27924900002,63.688764,0.190871,28519,42274.158601
16,70.085786,0.050468,12179.712588999999,424.889424,949.1133,28622.95413900002,63.688764,0.190871,28519,42276.83359
16,70.085786,0.050468,12179.712588999999,424.889424,949.1133,28627.96700300002,63.688764,0.190871,28519,42281.84658
16,70.085786,0.050468,12179.712588999999,424.889424,949.1133,28632.97907000002,63.688764,0.190871,28519,42286.858751
16,70.085786,0.050468,12179.712588999999,424.889424,949.1133,28650.88487800002,63.688764,0.190871,28519,42304.764701
16,70.085786,0.050468,12179.712588999999,424.889424,949.1133,28653.54175400002,63.688764,0.190871,28519,42307.421665
16,70.085786,0.050468,12179.712588999999,424.889424,949.1133,28658.55760400002,63.688764,0.190871,28519,42312.437631
16,70.085786,0.050468,12179.712588999999,424.889424,949.1133,28663.57340200002,63.688764,0.190871,28519,42317.453528
16,70.085786,0.050468,12179.712588999999,424.889424,949.1133,28681.30086300002,63.688764,0.190871,28519,42335.18109
16,70.085786,0.050468,12179.712588999999,424.889424,949.1133,28686.312789000018,63.688764,0.190871,28519,42340.193102
16,70.085786,0.050468,12179.712588999999,424.889424,949.1133,28689.019168000017,63.688764,0.190871,28519,42342.899584
16,70.085786,0.050468,12179.712588999999,424.889424,949.1133,28707.750578000017,63.688764,0.190871,28519,42451.554509
16,70.085786,0.050468,12179.712588999999,424.889424,949.1133,28726.620439000017,63.688764,0.190871,28519,42470.424453
16,70.085786,0.050468,12179.712588999999,424.889424,949.1133,28744.938060000015,63.688764,0.190871,28519,42488.742167
16,70.085786,0.050468,12179.712588999999,424.889424,949.1133,28763.636698000017,63.688764,0.190871,28519,42507.440901
16,70.085786,0.050468,12179.712588999999,424.889424,949.1133,28781.90725000002,63.688764,0.190871,28519,42525.711546
16,70.085786,0.050468,12179.712588999999,424.889424,949.1133,28801.00430100002,63.688764,0.190871,28519,42544.808734
16,70.085786,0.050468,12179.712588999999,424.889424,949.1133,28820.42220400002,63.688764,0.190871,28519,42564.226754
16,70.085786,0.050468,12179.712588999999,424.889424,949.1133,28840.77978200002,63.688764,0.190871,28519,42584.584462
16,70.085786,0.050468,12179.712588999999,424.889424,949.1133,28862.80461500002,63.688764,0.190871,28519,42606.60947
16,70.085786,0.050468,12179.712588999999,424.889424,949.1133,28888.95213700002,63.688764,0.190871,28519,42632.757241
16,70.085786,0.050468,12179.712588999999,424.889424,949.1133,28921.741796000017,63.688764,0.190871,28519,42665.547493
16,70.085786,0.050468,12179.712588999999,424.889424,949.1133,28970.479137000017,63.688764,0.190871,28519,42714.285355
16,70.085786,0.050468,12179.712588999999,424.889424,949.1133,29050.640499000016,63.688764,0.190871,28519,42794.447626
16,70.085786,0.050468,12179.712588999999,424.889424,949.1133,29050.716794000014,63.688764,0.190871,28519,42794.525746
16,70.085786,0.050468,12179.712588999999,424.889424,949.1133,29050.780243000016,63.688764,0.190871,28519,42794.591519
16,70.085786,0.050468,12179.712588999999,424.889424,949.1133,29050.838616000015,63.688764,0.190871,28519,42794.651978
16,70.085786,0.050468,12179.712588999999,424.889424,949.1133,29050.886878000016,63.688764,0.190871,28519,42794.700875
16,70.085786,0.050468,12179.712588999999,424.889424,949.1133,29050.933380000017,63.688764,0.190871,28519,42794.747814
16,70.085786,0.050468,12179.712588999999,424.889424,949.1133,29133.166538000016,63.688764,0.190871,28519,42876.981284
16,70.085786,0.050468,12179.712588999999,424.889424,949.1133,29133.215607000016,63.688764,0.190871,28519,42877.030669
16,70.085786,0.050468,12179.712588999999,424.889424,949.1133,29133.263044000018,63.688764,0.190871,28519,42877.078441
16,70.085786,0.050468,12179.712588999999,424.889424,949.1133,29133.31185600002,63.688764,0.190871,28519,42877.127569
16,70.085786,0.050468,12179.712588999999,424.889424,949.1133,29133.360845000017,63.688764,0.190871,28519,42877.176805
16,70.085786,0.050468,12179.712588999999,424.889424,949.1133,29216.274673000018,63.688764,0.190871,28519,42960.090805
16,70.085786,0.050468,12179.712588999999,424.889424,949.1133,29216.32130200002,63.688764,0.190871,28519,42960.13757
16,70.085786,0.050468,12179.712588999999,424.889424,949.1133,29216.36823300002,63.688764,0.190871,28519,42960.184649
16,70.085786,0.050468,12179.712588999999,424.889424,949.1133,29216.414943000018,63.688764,0.190871,28519,42960.231472
16,70.085786,0.050468,12179.712588999999,424.889424,949.1133,29299.234114000017,63.688764,0.190871,28519,43043.050743
16,70.085786,0.050468,12179.712588999999,424.889424,949.1133,29299.282327000015,63.688764,0.190871,28519,43043.099057
16,70.085786,0.050468,12179.712588999999,424.889424,949.1133,29299.330478000014,63.688764,0.190871,28519,43043.147311
16,70.085786,0.050468,12179.712588999999,424.889424,949.1133,29299.379241000013,63.688764,0.190871,28519,43043.196203
16,70.085786,0.050468,12179.712588999999,424.889424,949.1133,29299.428402000012,63.688764,0.190871,28519,43043.245485
16,70.085786,0.050468,12179.712588999999,424.889424,949.1133,29366.043527000013,63.688764,0.190871,28519,43109.860723
16,70.085786,0.050468,12179.712588999999,424.889424,949.1133,29366.090713000012,63.688764,0.190871,28519,43109.907992
16,70.085786,0.050468,12179.712588999999,424.889424,949.1133,29366.137614000014,63.688764,0.190871,28519,43109.954979
16,70.085786,0.050468,12179.712588999999,424.889424,949.1133,29433.159790000012,63.688764,0.190871,28519,43266.848812
16,70.085786,0.050468,12179.712588999999,424.889424,949.1133,29499.682748000014,63.688764,0.190871,28519,43333.371857
16,70.085786,0.050468,12179.712588999999,424.889424,949.1133,29566.135860000013,63.688764,0.190871,28519,43399.825063
16,70.085786,0.050468,12179.712588999999,424.889424,949.1133,29633.179486000012,63.688764,0.190871,28519,43466.868783
16,70.085786,0.050468,12179.712588999999,424.889424,949.1133,29699.96457000001,63.688764,0.190871,28519,43533.653966
16,70.085786,0.050468,12179.712588999999,424.889424,949.1133,29767.29898700001,63.688764,0.190871,28519,43600.988495
16,70.085786,0.050468,12179.712588999999,424.889424,949.1133,29835.26152700001,63.688764,0.190871,28519,43668.951168
16,70.085786,0.050468,12179.712588999999,424.889424,949.1133,29904.18663400001,63.688764,0.190871,28519,43737.876446
16,70.085786,0.050468,12179.712588999999,424.889424,949.1133,29973.75917500001,63.688764,0.190871,28519,43807.449233
16,70.085786,0.050468,12179.712588999999,424.889424,949.1133,30046.50165700001,63.688764,0.190871,28519,43880.19205
16,70.085786,0.050468,12179.712588999999,424.889424,949.1133,30125.99543400001,63.688764,0.190871,28519,43959.686298
16,70.085786,0.050468,12179.712588999999,424.889424,949.1133,30216.76204700001,63.688764,0.190871,28519,44050.453546
16,70.085786,0.050468,12179.712588999999,424.889424,949.1133,30335.49176700001,63.688764,0.190871,28519,44169.184328
16,70.085786,0.050468,12179.712588999999,424.889424,949.1133,30336.15324600001,63.688764,0.190871,28519,44169.847908
16,70.085786,0.050468,12179.712588999999,424.889424,949.1133,30336.75027400001,63.688764,0.190871,28519,44170.447506
16,70.085786,0.050468,12179.712588999999,424.889424,949.1133,30337.32420900001,63.688764,0.190871,28519,44171.022932
16,70.085786,0.050468,12179.712588999999,424.889424,949.1133,30462.53153400001,63.688764,0.190871,28519,44296.231156
16,70.085786,0.050468,12179.712588999999,424.889424,949.1133,30463.11370100001,63.688764,0.190871,28519,44296.814405
16,70.085786,0.050468,12179.712588999999,424.889424,949.1133,30463.694529000008,63.688764,0.190871,28519,44297.396121
16,70.085786,0.050468,12179.712588999999,424.889424,949.1133,30591.18437700001,63.688764,0.190871,28519,44424.886579
16,70.085786,0.050468,12179.712588999999,424.889424,949.1133,30591.76164100001,63.688764,0.190871,28519,44425.464321
16,70.085786,0.050468,12179.712588999999,424.889424,949.1133,30592.34208100001,63.688764,0.190871,28519,44426.045373
16,70.085786,0.050468,12179.712588999999,424.889424,949.1133,30721.39173900001,63.688764,0.190871,28519,44555.095452
16,70.085786,0.050468,12179.712588999999,424.889424,949.1133,30721.96577500001,63.688764,0.190871,28519,44555.669939
16,70.085786,0.050468,12179.712588999999,424.889424,949.1133,30722.54628400001,63.688764,0.190871,28519,44556.250878
16,70.085786,0.050468,12179.712588999999,424.889424,949.1133,30723.11103000001,63.688764,0.190871,28519,44556.815931
16,70.085786,0.050468,12179.712588999999,424.889424,949.1133,30851.99137000001,63.688764,0.190871,28519,44685.69649
16,70.085786,0.050468,12179.712588999999,424.889424,949.1133,30852.56715400001,63.688764,0.190871,28519,44686.272461
16,70.085786,0.050468,12179.712588999999,424.889424,949.1133,30853.14099000001,63.688764,0.190871,28519,44686.846514
16,70.085786,0.050468,12179.712588999999,424.889424,949.1133,30853.72114700001,63.688764,0.190871,28519,44687.426897
16,70.085786,0.050468,12179.712588999999,424.889424,949.1133,30854.28917100001,63.688764,0.190871,28519,44687.995065
16,70.085786,0.050468,12179.712588999999,424.889424,949.1133,30854.854243000013,63.688764,0.190871,28519,44688.560264
16,70.085786,0.050468,12179.712588999999,424.889424,949.1133,30855.42313400001,63.688764,0.190871,28519,44689.129256
16,70.085786,0.050468,12179.712588999999,424.889424,949.1133,30983.44187300001,63.688764,0.190871,28519,44817.148107
16,70.085786,0.050468,12179.712588999999,424.889424,949.1133,30984.00611100001,63.688764,0.190871,28519,44817.712432
16,70.085786,0.050468,12179.712588999999,424.889424,949.1133,30984.57726200001,63.688764,0.190871,28519,44818.283672
16,70.085786,0.050468,12179.712588999999,424.889424,949.1133,30985.15077100001,63.688764,0.190871,28519,44818.857287
16,70.085786,0.050468,12179.712588999999,424.889424,949.1133,31112.83560500001,63.688764,0.190871,28519,45036.659619
16,70.085786,0.050468,12179.712588999999,424.889424,949.1133,31242.60629800001,63.688764,0.190871,28519,45166.430402
16,70.085786,0.050468,12179.712588999999,424.889424,949.1133,31372.00784400001,63.688764,0.190871,28519,45295.832035
16,70.085786,0.050468,12179.712588999999,424.889424,949.1133,31501.78149200001,63.688764,0.190871,28519,45425.605776
16,70.085786,0.050468,12179.712588999999,424.889424,949.1133,31633.56030100001,63.688764,0.190871,28519,45557.384722
16,70.085786,0.050468,12179.712588999999,424.889424,949.1133,31765.39881800001,63.688764,0.190871,28519,45689.223365
16,70.085786,0.050468,12179.712588999999,424.889424,949.1133,31897.66668900001,63.688764,0.190871,28519,45821.491392
16,70.085786,0.050468,12179.712588999999,424.889424,949.1133,32028.65138500001,63.688764,0.190871,28519,45952.476272
16,70.085786,0.050468,12179.712588999999,424.889424,949.1133,32160.81060300001,63.688764,0.190871,28519,46084.635737
16,70.085786,0.050468,12179.712588999999,424.889424,949.1133,32304.241319000008,63.688764,0.190871,28519,46228.066781
16,70.085786,0.050468,12179.712588999999,424.889424,949.1133,32454.428568000007,63.688764,0.190871,28519,46378.25445
16,70.085786,0.050468,12179.712588999999,424.889424,949.1133,32616.936030000008,63.688764,0.190871,28519,46540.762536
16,70.085786,0.050468,12179.712588999999,424.889424,949.1133,32807.46611800001,63.688764,0.190871,28519,46731.293753
16,70.085786,0.050468,12179.712588999999,424.889424,949.1133,33000.45493200001,63.688764,0.190871,28519,46924.282871
16,70.085786,0.050468,12179.712588999999,424.889424,1142.103803,33000.45493200001,63.688764,0.190871,28519,46924.28456
16,70.085786,0.050468,12179.712588999999,424.889424,1142.103803,33000.45493200001,63.688764,0.190871,28516,46924.284595
16,70.085786,0.050468,12426.843749999998,424.889424,1142.103803,33000.45493200001,63.688764,0.190871,28516,47171.415769
16,70.085786,0.050468,12426.843749999998,424.889424,1142.103803,33000.45493200001,63.688764,0.190871,28518,47171.416141
17,70.085786,0.050468,12673.971891999998,424.889424,1142.103803,33000.45493200001,63.688764,0.190871,28518,47418.54438
17,70.085786,0.050468,12673.971891999998,424.889424,1142.103803,33000.45493200001,63.688764,0.21169200000000002,28518,47418.565488
17,70.085786,0.050468,12673.971891999998,424.889424,1142.103803,33000.45493200001,63.688764,0.21169200000000002,29322,47418.565552
18,70.085786,0.050468,12925.050221999998,424.889424,1142.103803,33000.45493200001,63.688764,0.21169200000000002,29322,47669.64397
18,70.085786,0.050468,12925.050221999998,424.889424,1142.103803,33000.45493200001,70.320206,0.21169200000000002,29322,47676.275673
18,70.085786,0.050468,12925.050221999998,424.889424,1142.103803,33000.45493200001,70.320206,0.21169200000000002,29300,47676.275761
18,70.085786,0.050468,13178.204770999999,424.889424,1142.103803,33000.45493200001,70.320206,0.21169200000000002,29300,47929.430483
18,70.085786,0.050468,13178.204770999999,424.889424,1142.103803,33000.45493200001,70.320206,0.222756,29300,47929.441841
18,70.085786,0.050468,13178.204770999999,424.889424,1142.103803,33000.45493200001,70.320206,0.222756,29811,47929.44189
19,70.085786,0.050468,13437.219958,424.889424,1142.103803,33000.45493200001,70.320206,0.222756,29811,48188.457164
19,70.085786,0.050468,13437.219958,424.889424,1142.103803,33000.45493200001,76.829045,0.222756,29811,48194.966254
19,70.085786,0.050468,13437.219958,424.889424,1142.103803,33000.45493200001,76.829045,0.222756,29803,48194.96634
19,70.085786,0.050468,13679.367498,424.889424,1142.103803,33000.45493200001,76.829045,0.222756,29803,48437.114039
19,70.085786,0.050468,13679.367498,424.889424,1142.103803,33000.45493200001,76.829045,0.230972,29803,48437.122612
19,70.085786,0.050468,13679.367498,424.889424,1142.103803,33000.45493200001,76.829045,0.230972,30097,48437.122661
20,70.085786,0.050468,13924.484220999999,424.889424,1142.103803,33000.45493200001,76.829045,0.230972,30097,48682.239466
20,70.085786,0.050468,13924.484220999999,424.889424,1142.103803,33000.45493200001,83.195833,0.230972,30097,48688.606505
20,70.085786,0.050468,13924.484220999999,424.889424,1142.103803,33000.45493200001,83.195833,0.230972,30080,48688.606591
20,70.085786,0.050468,14100.682104999998,424.889424,1142.103803,33000.45493200001,83.195833,0.230972,30080,48864.804634
20,70.085786,0.050468,14100.682104999998,596.800209,1142.103803,33000.45493200001,83.195833,0.230972,30080,49036.715537
20,70.085786,0.050468,14100.682104999998,596.800209,1142.103803,33007.282984000005,83.195833,0.230972,30080,49043.557729
20,70.085786,0.050468,14100.682104999998,596.800209,1142.103803,33014.680952,83.195833,0.230972,30080,49050.955781
20,70.085786,0.050468,14100.682104999998,596.800209,1142.103803,33022.984194000004,83.195833,0.230972,30080,49059.259108
20,70.085786,0.050468,14100.682104999998,596.800209,1142.103803,33032.90776,83.195833,0.230972,30080,49069.182762
20,70.085786,0.050468,14100.682104999998,596.800209,1142.103803,33045.740922000005,83.195833,0.230972,30080,49082.016016
20,70.085786,0.050468,14100.682104999998,596.800209,1142.103803,33063.857281000004,83.195833,0.230972,30080,49100.132469
20,70.085786,0.050468,14100.682104999998,596.800209,1142.103803,33077.051941000005,83.195833,0.230972,30080,49113.327228
20,70.085786,0.050468,14100.682104999998,596.800209,1142.103803,33084.84497800001,83.195833,0.230972,30080,49121.120379
20,70.085786,0.050468,14100.682104999998,596.800209,1142.103803,33094.31412500001,83.195833,0.230972,30080,49130.589689
20,70.085786,0.050468,14100.682104999998,596.800209,1142.103803,33107.46271900001,83.195833,0.230972,30080,49143.738479
20,70.085786,0.050468,14100.682104999998,596.800209,1142.103803,33129.21127000001,83.195833,0.230972,30080,49165.487363
20,70.085786,0.050468,14100.682104999998,596.800209,1142.103803,33129.233785000004,83.195833,0.230972,30080,49165.510434
20,70.085786,0.050468,14100.682104999998,596.800209,1142.103803,33160.169913000005,83.195833,0.230972,30080,49196.4472
20,70.085786,0.050468,14100.682104999998,596.800209,1142.103803,33160.198282000005,83.195833,0.230972,30080,49196.476179
20,70.085786,0.050468,14100.682104999998,596.800209,1142.103803,33160.22301,83.195833,0.230972,30080,49196.501883
20,70.085786,0.050468,14100.682104999998,596.800209,1142.103803,33160.24409,83.195833,0.230972,30080,49196.523338
20,70.085786,0.050468,14100.682104999998,596.800209,1142.103803,33160.264373,83.195833,0.230972,30080,49196.543895
20,70.085786,0.050468,14100.682104999998,596.800209,1142.103803,33192.882108,83.195833,0.230972,30080,49229.1619
20,70.085786,0.050468,14100.682104999998,596.800209,1142.103803,33192.902449,83.195833,0.230972,30080,49229.182435
20,70.085786,0.050468,14100.682104999998,596.800209,1142.103803,33192.922592,83.195833,0.230972,30080,49229.202782
20,70.085786,0.050468,14100.682104999998,596.800209,1142.103803,33226.165122000006,83.195833,0.230972,30080,49262.445457
20,70.085786,0.050468,14100.682104999998,596.800209,1142.103803,33226.18531300001,83.195833,0.230972,30080,49262.465797
20,70.085786,0.050468,14100.682104999998,596.800209,1142.103803,33226.20633700001,83.195833,0.230972,30080,49262.486974
20,70.085786,0.050468,14100.682104999998,596.800209,1142.103803,33254.63540200001,83.195833,0.230972,30080,49290.916159
20,70.085786,0.050468,14100.682104999998,596.800209,1142.103803,33254.65378400001,83.195833,0.230972,30080,49290.934657
20,70.085786,0.050468,14100.682104999998,596.800209,1142.103803,33254.67204100001,83.195833,0.230972,30080,49290.953024
20,70.085786,0.050468,14100.682104999998,596.800209,1142.103803,33254.690122000015,83.195833,0.230972,30080,49290.971192
20,70.085786,0.050468,14100.682104999998,596.800209,1142.103803,33254.70830100001,83.195833,0.230972,30080,49290.989448
20,70.085786,0.050468,14100.682104999998,596.800209,1142.103803,33254.72688000002,83.195833,0.230972,30080,49291.008108
20,70.085786,0.050468,14100.682104999998,596.800209,1142.103803,33254.745212000016,83.195833,0.230972,30080,49291.026514
20,70.085786,0.050468,14100.682104999998,596.800209,1142.103803,33282.54580800002,83.195833,0.230972,30080,49318.82718
20,70.085786,0.050468,14100.682104999998,596.800209,1142.103803,33282.56468300002,83.195833,0.230972,30080,49318.84614
20,70.085786,0.050468,14100.682104999998,596.800209,1142.103803,33282.58488600002,83.195833,0.230972,30080,49318.866429
20,70.085786,0.050468,14100.682104999998,596.800209,1142.103803,33309.83036900002,83.195833,0.230972,30080,49519.182631
20,70.085786,0.050468,14100.682104999998,596.800209,1142.103803,33338.15176500002,83.195833,0.230972,30080,49547.504116
20,70.085786,0.050468,14100.682104999998,596.800209,1142.103803,33365.68587300002,83.195833,0.230972,30080,49575.038315
20,70.085786,0.050468,14100.682104999998,596.800209,1142.103803,33393.307647000016,83.195833,0.230972,30080,49602.660182
20,70.085786,0.050468,14100.682104999998,596.800209,1142.103803,33421.638026000015,83.195833,0.230972,30080,49630.990657
20,70.085786,0.050468,14100.682104999998,596.800209,1142.103803,33449.10465600002,83.195833,0.230972,30080,49658.457395
20,70.085786,0.050468,14100.682104999998,596.800209,1142.103803,33477.378011000015,83.195833,0.230972,30080,49686.730872
20,70.085786,0.050468,14100.682104999998,596.800209,1142.103803,33506.559212000015,83.195833,0.230972,30080,49715.912257
20,70.085786,0.050468,14100.682104999998,596.800209,1142.103803,33538.37032700001,83.195833,0.230972,30080,49747.723531
20,70.085786,0.050468,14100.682104999998,596.800209,1142.103803,33574.69591200001,83.195833,0.230972,30080,49784.049391
20,70.085786,0.050468,14100.682104999998,596.800209,1142.103803,33616.29113600001,83.195833,0.230972,30080,49825.645006
20,70.085786,0.050468,14100.682104999998,596.800209,1142.103803,33672.45801300001,83.195833,0.230972,30080,49881.812554
20,70.085786,0.050468,14100.682104999998,596.800209,1142.103803,33753.10181100001,83.195833,0.230972,30080,49962.457786
20,70.085786,0.050468,14100.682104999998,596.800209,1142.103803,33885.219839000005,83.195833,0.230972,30080,50094.57818
20,70.085786,0.050468,14100.682104999998,596.800209,1142.103803,34081.388857000005,83.195833,0.230972,30080,50290.749734
20,70.085786,0.050468,14100.682104999998,596.800209,1338.274492,34081.388857000005,83.195833,0.230972,30080,50290.751405
20,70.085786,0.050468,14100.682104999998,596.800209,1338.274492,34081.388857000005,83.195833,0.230972,30079,50290.751433
20,70.085786,0.050468,14357.202237999998,596.800209,1338.274492,34081.388857000005,83.195833,0.230972,30079,50547.271579
20,70.085786,0.050468,14357.202237999998,596.800209,1338.274492,34081.388857000005,89.68832599999999,0.230972,30079,50553.764328
20,70.085786,0.050468,14357.202237999998,596.800209,1338.274492,34081.388857000005,89.68832599999999,0.230972,30059,50553.764421
20,70.085786,0.050468,14629.482984999999,596.800209,1338.274492,34081.388857000005,89.68832599999999,0.230972,30059,50826.045325
20,70.085786,0.050468,14629.482984999999,596.800209,1338.274492,34081.388857000005,89.68832599999999,0.242907,30059,50826.057546
20,70.085786,0.050468,14629.482984999999,596.800209,1338.274492,34081.388857000005,89.68832599999999,0.242907,30236,50826.05759
21,70.085786,0.050468,14903.467922999998,596.800209,1338.274492,34081.388857000005,89.68832599999999,0.242907,30236,51100.042616
21,70.085786,0.050468,14903.467922999998,596.800209,1338.274492,34081.388857000005,96.630856,0.242907,30236,51106.985399
21,70.085786,0.050468,14903.467922999998,596.800209,1338.274492,34081.388857000005,96.630856,0.242907,30221,51106.985484
21,70.085786,0.050468,15187.024097999998,596.800209,1338.274492,34081.388857000005,96.630856,0.242907,30221,51390.541818
21,70.085786,0.050468,15187.024097999998,596.800209,1338.274492,34081.388857000005,96.630856,0.249181,30221,51390.548417
21,70.085786,0.050468,15187.024097999998,596.800209,1338.274492,34081.388857000005,96.630856,0.249181,30334,51390.548459
22,70.085786,0.050468,15468.342854999999,596.800209,1338.274492,34081.388857000005,96.630856,0.249181,30334,51671.867298
22,70.085786,0.050468,15468.342854999999,596.800209,1338.274492,34081.388857000005,108.88976699999999,0.249181,30334,51684.126517
22,70.085786,0.050468,15468.342854999999,596.800209,1338.274492,34081.388857000005,108.88976699999999,0.249181,30309,51684.126601
22,70.085786,0.050468,15755.096434,596.800209,1338.274492,34081.388857000005,108.88976699999999,0.249181,30309,51970.880379
22,70.085786,0.050468,15755.096434,596.800209,1338.274492,34081.388857000005,108.88976699999999,0.25464600000000004,30309,51970.886196
22,70.085786,0.050468,15755.096434,596.800209,1338.274492,34081.388857000005,108.88976699999999,0.25464600000000004,30391,51970.886234
23,70.085786,0.050468,16044.211005,596.800209,1338.274492,34081.388857000005,108.88976699999999,0.25464600000000004,30391,52260.000887
23,70.085786,0.050468,16044.211005,596.800209,1338.274492,34081.388857000005,121.18019399999999,0.25464600000000004,30391,52272.291629
23,70.085786,0.050468,16044.211005,596.800209,1338.274492,34081.388857000005,121.18019399999999,0.25464600000000004,30376,52272.291715
23,70.085786,0.050468,16312.831305,596.800209,1338.274492,34081.388857000005,121.18019399999999,0.25464600000000004,30376,52540.912212
23,70.085786,0.050468,16312.831305,778.226059,1338.274492,34081.388857000005,121.18019399999999,0.25464600000000004,30376,52722.33818
23,70.085786,0.050468,16312.831305,778.226059,1338.274492,34088.41166600001,121.18019399999999,0.25464600000000004,30376,52729.375444
23,70.085786,0.050468,16312.831305,778.226059,1338.274492,34095.85942100001,121.18019399999999,0.25464600000000004,30376,52736.823282
23,70.085786,0.050468,16312.831305,778.226059,1338.274492,34104.29783100001,121.18019399999999,0.25464600000000004,30376,52745.261806
23,70.085786,0.050468,16312.831305,778.226059,1338.274492,34114.30675600001,121.18019399999999,0.25464600000000004,30376,52755.270817
23,70.085786,0.050468,16312.831305,778.226059,1338.274492,34127.34560700001,121.18019399999999,0.25464600000000004,30376,52768.309762
23,70.085786,0.050468,16312.831305,778.226059,1338.274492,34145.57323200001,121.18019399999999,0.25464600000000004,30376,52786.537488
23,70.085786,0.050468,16312.831305,778.226059,1338.274492,34158.84479200001,121.18019399999999,0.25464600000000004,30376,52799.809147
23,70.085786,0.050468,16312.831305,778.226059,1338.274492,34166.70003500001,121.18019399999999,0.25464600000000004,30376,52807.664511
23,70.085786,0.050468,16312.831305,778.226059,1338.274492,34176.23430900001,121.18019399999999,0.25464600000000004,30376,52817.198935
23,70.085786,0.050468,16312.831305,778.226059,1338.274492,34188.773803000004,121.18019399999999,0.25464600000000004,30376,52829.73863
23,70.085786,0.050468,16312.831305,778.226059,1338.274492,34207.471432000006,121.18019399999999,0.25464600000000004,30376,52848.436593
23,70.085786,0.050468,16312.831305,778.226059,1338.274492,34240.334331000005,121.18019399999999,0.25464600000000004,30376,52881.300057
23,70.085786,0.050468,16312.831305,778.226059,1338.274492,34301.272144,121.18019399999999,0.25464600000000004,30376,52942.23887
23,70.085786,0.050468,16312.831305,778.226059,1338.274492,34415.601044,121.18019399999999,0.25464600000000004,30376,53056.569613
23,70.085786,0.050468,16312.831305,778.226059,1338.274492,34472.365745,121.18019399999999,0.25464600000000004,30376,53113.337465
23,70.085786,0.050468,16312.831305,778.226059,1338.274492,34472.498543,121.18019399999999,0.25464600000000004,30376,53113.47442
23,70.085786,0.050468,16312.831305,778.226059,1338.274492,34613.618073000005,121.18019399999999,0.25464600000000004,30376,53254.596505
23,70.085786,0.050468,16312.831305,778.226059,1338.274492,34613.770659,121.18019399999999,0.25464600000000004,30376,53254.751399
23,70.085786,0.050468,16312.831305,778.226059,1338.274492,34613.902799,121.18019399999999,0.25464600000000004,30376,53254.886047
23,70.085786,0.050468,16312.831305,778.226059,1338.274492,34614.02601,121.18019399999999,0.25464600000000004,30376,53255.010442
23,70.085786,0.050468,16312.831305,778.226059,1338.274492,34760.959413000004,121.18019399999999,0.25464600000000004,30376,53401.944582
23,70.085786,0.050468,16312.831305,778.226059,1338.274492,34761.08747400001,121.18019399999999,0.25464600000000004,30376,53402.073728
23,70.085786,0.050468,16312.831305,778.226059,1338.274492,34761.210081000005,121.18019399999999,0.25464600000000004,30376,53402.197267
23,70.085786,0.050468,16312.831305,778.226059,1338.274492,34761.32958400001,121.18019399999999,0.25464600000000004,30376,53402.317258
23,70.085786,0.050468,16312.831305,778.226059,1338.274492,34909.792113,121.18019399999999,0.25464600000000004,30376,53550.780124
23,70.085786,0.050468,16312.831305,778.226059,1338.274492,34909.914027000006,121.18019399999999,0.25464600000000004,30376,53550.902379
23,70.085786,0.050468,16312.831305,778.226059,1338.274492,34910.03327400001,121.18019399999999,0.25464600000000004,30376,53551.02199
23,70.085786,0.050468,16312.831305,778.226059,1338.274492,34910.15168400001,121.18019399999999,0.25464600000000004,30376,53551.140686
23,70.085786,0.050468,16312.831305,778.226059,1338.274492,34910.27265700001,121.18019399999999,0.25464600000000004,30376,53551.261885
23,70.085786,0.050468,16312.831305,778.226059,1338.274492,34910.39215900001,121.18019399999999,0.25464600000000004,30376,53551.381541
23,70.085786,0.050468,16312.831305,778.226059,1338.274492,35058.17338800001,121.18019399999999,0.25464600000000004,30376,53699.162882
23,70.085786,0.050468,16312.831305,778.226059,1338.274492,35058.29108000001,121.18019399999999,0.25464600000000004,30376,53699.280691
23,70.085786,0.050468,16312.831305,778.226059,1338.274492,35058.40912400001,121.18019399999999,0.25464600000000004,30376,53699.39886
23,70.085786,0.050468,16312.831305,778.226059,1338.274492,35206.82654900001,121.18019399999999,0.25464600000000004,30376,53847.81639
23,70.085786,0.050468,16312.831305,778.226059,1338.274492,35206.94444600001,121.18019399999999,0.25464600000000004,30376,53847.934391
23,70.085786,0.050468,16312.831305,778.226059,1338.274492,35207.06235700001,121.18019399999999,0.25464600000000004,30376,53848.052407
23,70.085786,0.050468,16312.831305,778.226059,1338.274492,35207.18623500001,121.18019399999999,0.25464600000000004,30376,53848.176422
23,70.085786,0.050468,16312.831305,778.226059,1338.274492,35207.30762900001,121.18019399999999,0.25464600000000004,30376,53848.297924
23,70.085786,0.050468,16312.831305,778.226059,1338.274492,35356.04387000001,121.18019399999999,0.25464600000000004,30376,53997.034252
23,70.085786,0.050468,16312.831305,778.226059,1338.274492,35356.16142100001,121.18019399999999,0.25464600000000004,30376,53997.15189
23,70.085786,0.050468,16312.831305,778.226059,1338.274492,35356.27850700001,121.18019399999999,0.25464600000000004,30376,53997.269061
23,70.085786,0.050468,16312.831305,778.226059,1338.274492,35503.60177000001,121.18019399999999,0.25464600000000004,30376,54324.890469
23,70.085786,0.050468,16312.831305,778.226059,1338.274492,35651.13579200001,121.18019399999999,0.25464600000000004,30376,54472.424573
23,70.085786,0.050468,16312.831305,778.226059,1338.274492,35798.29873300001,121.18019399999999,0.25464600000000004,30376,54619.587716
23,70.085786,0.050468,16312.831305,778.226059,1338.274492,35945.97169100001,121.18019399999999,0.25464600000000004,30376,54767.260764
23,70.085786,0.050468,16312.831305,778.226059,1338.274492,36094.04013400001,121.18019399999999,0.25464600000000004,30376,54915.329301
23,70.085786,0.050468,16312.831305,778.226059,1338.274492,36242.00729200001,121.18019399999999,0.25464600000000004,30376,55063.296572
23,70.085786,0.050468,16312.831305,778.226059,1338.274492,36392.61265300001,121.18019399999999,0.25464600000000004,30376,55213.90213
23,70.085786,0.050468,16312.831305,778.226059,1338.274492,36544.24790100001,121.18019399999999,0.25464600000000004,30376,55365.537576
23,70.085786,0.050468,16312.831305,778.226059,1338.274492,36697.05940900001,121.18019399999999,0.25464600000000004,30376,55518.349333
23,70.085786,0.050468,16312.831305,778.226059,1338.274492,36853.785265000006,121.18019399999999,0.25464600000000004,30376,55675.075517
23,70.085786,0.050468,16312.831305,778.226059,1338.274492,37016.93115900001,121.18019399999999,0.25464600000000004,30376,55838.221871
23,70.085786,0.050468,16312.831305,778.226059,1338.274492,37191.01586800001,121.18019399999999,0.25464600000000004,30376,56012.307966
23,70.085786,0.050468,16312.831305,778.226059,1338.274492,37393.90831500001,121.18019399999999,0.25464600000000004,30376,56215.20162
23,70.085786,0.050468,16312.831305,778.226059,1338.274492,37599.05773500001,121.18019399999999,0.25464600000000004,30376,56420.351374
23,70.085786,0.050468,16312.831305,778.226059,1543.42585,37599.05773500001,121.18019399999999,0.25464600000000004,30376,56420.353312
23,70.085786,0.050468,16312.831305,778.226059,1543.42585,37599.05773500001,121.18019399999999,0.25464600000000004,30375,56420.35335
23,70.085786,0.050468,16585.844761,778.226059,1543.42585,37599.05773500001,121.18019399999999,0.25464600000000004,30375,56693.366818
23,70.085786,0.050468,16585.844761,778.226059,1543.42585,37599.05773500001,121.18019399999999,0.25464600000000004,30376,56693.367207
24,70.085786,0.050468,16858.060474,778.226059,1543.42585,37599.05773500001,121.18019399999999,0.25464600000000004,30376,56965.583014
24,70.085786,0.050468,16858.060474,778.226059,1543.42585,37599.05773500001,128.48997,0.25464600000000004,30376,56972.893067
24,70.085786,0.050468,16858.060474,778.226059,1543.42585,37599.05773500001,128.48997,0.25464600000000004,30355,56972.893159
24,70.085786,0.050468,17078.827138,778.226059,1543.42585,37599.05773500001,128.48997,0.25464600000000004,30355,57193.659996
24,70.085786,0.050468,17078.827138,974.679417,1543.42585,37599.05773500001,128.48997,0.25464600000000004,30355,57390.113468
24,70.085786,0.050468,17078.827138,974.679417,1543.42585,37606.01224300001,128.48997,0.25464600000000004,30355,57397.082527
24,70.085786,0.050468,17078.827138,974.679417,1543.42585,37613.441048000015,128.48997,0.25464600000000004,30355,57404.511421
24,70.085786,0.050468,17078.827138,974.679417,1543.42585,37621.83705400002,128.48997,0.25464600000000004,30355,57412.907509
24,70.085786,0.050468,17078.827138,974.679417,1543.42585,37631.79673100002,128.48997,0.25464600000000004,30355,57422.867272
24,70.085786,0.050468,17078.827138,974.679417,1543.42585,37644.80450100001,128.48997,0.25464600000000004,30355,57435.875139
24,70.085786,0.050468,17078.827138,974.679417,1543.42585,37662.97562100001,128.48997,0.25464600000000004,30355,57454.046349
24,70.085786,0.050468,17078.827138,974.679417,1543.42585,37676.18796500001,128.48997,0.25464600000000004,30355,57467.258792
24,70.085786,0.050468,17078.827138,974.679417,1543.42585,37683.966152000015,128.48997,0.25464600000000004,30355,57475.037096
24,70.085786,0.050468,17078.827138,974.679417,1543.42585,37693.444332000014,128.48997,0.25464600000000004,30355,57484.515428
24,70.085786,0.050468,17078.827138,974.679417,1543.42585,37707.23479500001,128.48997,0.25464600000000004,30355,57498.306167
24,70.085786,0.050468,17078.827138,974.679417,1543.42585,37728.43854300001,128.48997,0.25464600000000004,30355,57519.510423
24,70.085786,0.050468,17078.827138,974.679417,1543.42585,37767.104905000015,128.48997,0.25464600000000004,30355,57558.177338
24,70.085786,0.050468,17078.827138,974.679417,1543.42585,37837.57272000002,128.48997,0.25464600000000004,30355,57628.646117
24,70.085786,0.050468,17078.827138,974.679417,1543.42585,37961.15131300002,128.48997,0.25464600000000004,30355,57752.226599
24,70.085786,0.050468,17078.827138,974.679417,1543.42585,37988.249074000014,128.48997,0.25464600000000004,30355,57779.327446
24,70.085786,0.050468,17078.827138,974.679417,1543.42585,38165.355662000016,128.48997,0.25464600000000004,30355,57956.437852
24,70.085786,0.050468,17078.827138,974.679417,1543.42585,38165.51266600002,128.48997,0.25464600000000004,30355,57956.597125
24,70.085786,0.050468,17078.827138,974.679417,1543.42585,38165.67489900002,128.48997,0.25464600000000004,30355,57956.76269
24,70.085786,0.050468,17078.827138,974.679417,1543.42585,38372.02174400002,128.48997,0.25464600000000004,30355,58163.112278
24,70.085786,0.050468,17078.827138,974.679417,1543.42585,38372.17737100002,128.48997,0.25464600000000004,30355,58163.26863
24,70.085786,0.050468,17078.827138,974.679417,1543.42585,38372.33134200002,128.48997,0.25464600000000004,30355,58163.423533
24,70.085786,0.050468,17078.827138,974.679417,1543.42585,38372.48663000002,128.48997,0.25464600000000004,30355,58163.579639
24,70.085786,0.050468,17078.827138,974.679417,1543.42585,38586.55149000002,128.48997,0.25464600000000004,30355,58377.645364
24,70.085786,0.050468,17078.827138,974.679417,1543.42585,38586.70794200002,128.48997,0.25464600000000004,30355,58377.802281
24,70.085786,0.050468,17078.827138,974.679417,1543.42585,38586.860675000025,128.48997,0.25464600000000004,30355,58377.955629
24,70.085786,0.050468,17078.827138,974.679417,1543.42585,38807.374515000025,128.48997,0.25464600000000004,30355,58598.47013
24,70.085786,0.050468,17078.827138,974.679417,1543.42585,38807.52927200002,128.48997,0.25464600000000004,30355,58598.625121
24,70.085786,0.050468,17078.827138,974.679417,1543.42585,38807.687228000024,128.48997,0.25464600000000004,30355,58598.783333
24,70.085786,0.050468,17078.827138,974.679417,1543.42585,38807.844337000024,128.48997,0.25464600000000004,30355,58598.940696
24,70.085786,0.050468,17078.827138,974.679417,1543.42585,39029.93364600003,128.48997,0.25464600000000004,30355,58821.030244
24,70.085786,0.050468,17078.827138,974.679417,1543.42585,39030.090452000026,128.48997,0.25464600000000004,30355,58821.187165
24,70.085786,0.050468,17078.827138,974.679417,1543.42585,39030.248809000026,128.48997,0.25464600000000004,30355,58821.345634
24,70.085786,0.050468,17078.827138,974.679417,1543.42585,39030.40618400003,128.48997,0.25464600000000004,30355,58821.503128
24,70.085786,0.050468,17078.827138,974.679417,1543.42585,39030.56286100003,128.48997,0.25464600000000004,30355,58821.65996
24,70.085786,0.050468,17078.827138,974.679417,1543.42585,39030.71808000003,128.48997,0.25464600000000004,30355,58821.815331
24,70.085786,0.050468,17078.827138,974.679417,1543.42585,39250.292670000024,128.48997,0.25464600000000004,30355,59041.390046
24,70.085786,0.050468,17078.827138,974.679417,1543.42585,39250.44897600002,128.48997,0.25464600000000004,30355,59041.546459
24,70.085786,0.050468,17078.827138,974.679417,1543.42585,39250.60769400002,128.48997,0.25464600000000004,30355,59041.705323
24,70.085786,0.050468,17078.827138,974.679417,1543.42585,39472.45344800002,128.48997,0.25464600000000004,30355,59263.551212
24,70.085786,0.050468,17078.827138,974.679417,1543.42585,39472.60782300002,128.48997,0.25464600000000004,30355,59263.705687
24,70.085786,0.050468,17078.827138,974.679417,1543.42585,39472.76106400002,128.48997,0.25464600000000004,30355,59263.859021
24,70.085786,0.050468,17078.827138,974.679417,1543.42585,39472.91845100002,128.48997,0.25464600000000004,30355,59264.016493
24,70.085786,0.050468,17078.827138,974.679417,1543.42585,39473.07707900002,128.48997,0.25464600000000004,30355,59264.175213
24,70.085786,0.050468,17078.827138,974.679417,1543.42585,39695.288857000014,128.48997,0.25464600000000004,30355,59681.751311
24,70.085786,0.050468,17078.827138,974.679417,1543.42585,39916.75226900001,128.48997,0.25464600000000004,30355,59903.214808
24,70.085786,0.050468,17078.827138,974.679417,1543.42585,40137.145869000014,128.48997,0.25464600000000004,30355,60123.608503
24,70.085786,0.050468,17078.827138,974.679417,1763.821261,40137.145869000014,128.48997,0.25464600000000004,30355,60123.610314
24,70.085786,0.050468,17078.827138,974.679417,1763.821261,40137.145869000014,128.48997,0.25464600000000004,30354,60123.610344
24,70.085786,0.050468,17366.609418,974.679417,1763.821261,40137.145869000014,128.48997,0.25464600000000004,30354,60411.392637
24,70.085786,0.050468,17366.609418,974.679417,1763.821261,40137.145869000014,128.48997,0.26395300000000005,30354,60411.402354
24,70.085786,0.050468,17366.609418,974.679417,1763.821261,40137.145869000014,128.48997,0.26395300000000005,30410,60411.402396
25,70.085786,0.050468,17650.945069,974.679417,1763.821261,40137.145869000014,128.48997,0.26395300000000005,30410,60695.738139
25,70.085786,0.050468,17650.945069,974.679417,1763.821261,40137.145869000014,140.400241,0.26395300000000005,30410,60707.648717
25,70.085786,0.050468,17650.945069,974.679417,1763.821261,40137.145869000014,140.400241,0.26395300000000005,30379,60707.648812
25,70.085786,0.050468,17954.837175,974.679417,1763.821261,40137.145869000014,140.400241,0.26395300000000005,30379,61011.541121
25,70.085786,0.050468,17954.837175,974.679417,1763.821261,40137.145869000014,140.400241,0.26851600000000003,30379,61011.546046
25,70.085786,0.050468,17954.837175,974.679417,1763.821261,40137.145869000014,140.400241,0.26851600000000003,30421,61011.546091
26,70.085786,0.050468,18259.675503000002,974.679417,1763.821261,40137.145869000014,140.400241,0.26851600000000003,30421,61316.384502
26,70.085786,0.050468,18259.675503000002,974.679417,1763.821261,40137.145869000014,157.75680599999998,0.26851600000000003,30421,61333.741638
26,70.085786,0.050468,18259.675503000002,974.679417,1763.821261,40137.145869000014,157.75680599999998,0.26851600000000003,30408,61333.741727
26,70.085786,0.050468,21259.140716,974.679417,1763.821261,40137.145869000014,157.75680599999998,0.26851600000000003,30408,64333.207165
26,70.085786,0.050468,21259.140716,979.712333,1763.821261,40137.145869000014,157.75680599999998,0.26851600000000003,30408,64338.240199
26,70.085786,0.050468,21259.140716,979.712333,1763.821261,40144.071075000014,157.75680599999998,0.26851600000000003,30408,64345.179815
26,70.085786,0.050468,21259.140716,979.712333,1763.821261,40151.417944000015,157.75680599999998,0.26851600000000003,30408,64352.526763
26,70.085786,0.050468,21259.140716,979.712333,1763.821261,40159.73849100002,157.75680599999998,0.26851600000000003,30408,64360.847392
26,70.085786,0.050468,21259.140716,979.712333,1763.821261,40169.71427300002,157.75680599999998,0.26851600000000003,30408,64370.823264
26,70.085786,0.050468,21259.140716,979.712333,1763.821261,40182.55526400002,157.75680599999998,0.26851600000000003,30408,64383.664346
26,70.085786,0.050468,21259.140716,979.712333,1763.821261,40200.61933800002,157.75680599999998,0.26851600000000003,30408,64401.72851
26,70.085786,0.050468,21259.140716,979.712333,1763.821261,40213.80661800002,157.75680599999998,0.26851600000000003,30408,64414.915892
26,70.085786,0.050468,21259.140716,979.712333,1763.821261,40221.57009400002,157.75680599999998,0.26851600000000003,30408,64422.679486
26,70.085786,0.050468,21259.140716,979.712333,1763.821261,40231.02251900002,157.75680599999998,0.26851600000000003,30408,64432.132067
26,70.085786,0.050468,21259.140716,979.712333,1763.821261,40246.66802900002,157.75680599999998,0.26851600000000003,30408,64447.777977
26,70.085786,0.050468,21259.140716,979.712333,1763.821261,40252.83238000002,157.75680599999998,0.26851600000000003,30408,64453.942692
26,70.085786,0.050468,21259.140716,979.712333,1763.821261,40270.27166900002,157.75680599999998,0.26851600000000003,30408,64471.382407
26,70.085786,0.050468,21259.140716,979.712333,1763.821261,40275.27955400002,157.75680599999998,0.26851600000000003,30408,64476.390655
26,70.085786,0.050468,21259.140716,979.712333,1763.821261,40280.29513900002,157.75680599999998,0.26851600000000003,30408,64481.406691
26,70.085786,0.050468,21259.140716,979.712333,1763.821261,40285.31078400002,157.75680599999998,0.26851600000000003,30408,64486.422648
26,70.085786,0.050468,21259.140716,979.712333,1763.821261,40305.052753000025,157.75680599999998,0.26851600000000003,30408,64506.164835
26,70.085786,0.050468,21259.140716,979.712333,1763.821261,40310.06643800002,157.75680599999998,0.26851600000000003,30408,64511.17871
26,70.085786,0.050468,21259.140716,979.712333,1763.821261,40315.08254600003,157.75680599999998,0.26851600000000003,30408,64516.276354
26,70.085786,0.050468,21259.140716,979.712333,1763.821261,40335.28242500003,157.75680599999998,0.26851600000000003,30408,64536.476454
26,70.085786,0.050468,21259.140716,979.712333,1763.821261,40340.29251400003,157.75680599999998,0.26851600000000003,30408,64541.486687
26,70.085786,0.050468,21259.140716,979.712333,1763.821261,40345.30865200003,157.75680599999998,0.26851600000000003,30408,64546.502985
26,70.085786,0.050468,21259.140716,979.712333,1763.821261,40350.32428400003,157.75680599999998,0.26851600000000003,30408,64551.518751
26,70.085786,0.050468,21259.140716,979.712333,1763.821261,40355.33996400003,157.75680599999998,0.26851600000000003,30408,64556.534585
26,70.085786,0.050468,21259.140716,979.712333,1763.821261,40375.58968500003,157.75680599999998,0.26851600000000003,30408,64576.78441
26,70.085786,0.050468,21259.140716,979.712333,1763.821261,40380.599822000026,157.75680599999998,0.26851600000000003,30408,64581.794645
26,70.085786,0.050468,21259.140716,979.712333,1763.821261,40385.61575200003,157.75680599999998,0.26851600000000003,30408,64586.810678
26,70.085786,0.050468,21259.140716,979.712333,1763.821261,40405.42975500003,157.75680599999998,0.26851600000000003,30408,64606.624782
26,70.085786,0.050468,21259.140716,979.712333,1763.821261,40410.439550000025,157.75680599999998,0.26851600000000003,30408,64611.634667
26,70.085786,0.050468,21259.140716,979.712333,1763.821261,40415.455437000026,157.75680599999998,0.26851600000000003,30408,64616.650653
26,70.085786,0.050468,21259.140716,979.712333,1763.821261,40420.47136700003,157.75680599999998,0.26851600000000003,30408,64621.66668
26,70.085786,0.050468,21259.140716,979.712333,1763.821261,40440.12746600003,157.75680599999998,0.26851600000000003,30408,64641.322883
26,70.085786,0.050468,21259.140716,979.712333,1763.821261,40445.138830000025,157.75680599999998,0.26851600000000003,30408,64646.334334
26,70.085786,0.050468,21259.140716,979.712333,1763.821261,40450.15108500003,157.75680599999998,0.26851600000000003,30408,64651.346673
26,70.085786,0.050468,21259.140716,979.712333,1763.821261,40455.165505000026,157.75680599999998,0.26851600000000003,30408,64661.398678
26,70.085786,0.050468,21259.140716,979.712333,1763.821261,40474.874254000024,157.75680599999998,0.26851600000000003,30408,64686.145891
26,70.085786,0.050468,21259.140716,979.712333,1763.821261,40494.797420000024,157.75680599999998,0.26851600000000003,30408,64706.069148
26,70.085786,0.050468,21259.140716,979.712333,1763.821261,40514.001510000024,157.75680599999998,0.26851600000000003,30408,64725.273326
26,70.085786,0.050468,21259.140716,979.712333,1763.821261,40533.32089600003,157.75680599999998,0.26851600000000003,30408,64744.5928
26,70.085786,0.050468,21259.140716,979.712333,1763.821261,40552.702622000026,157.75680599999998,0.26851600000000003,30408,64763.974624
26,70.085786,0.050468,21259.140716,979.712333,1763.821261,40572.30363800003,157.75680599999998,0.26851600000000003,30408,64783.575749
26,70.085786,0.050468,21259.140716,979.712333,1763.821261,40592.71619300003,157.75680599999998,0.26851600000000003,30408,64803.988417
26,70.085786,0.050468,21259.140716,979.712333,1763.821261,40614.14701900003,157.75680599999998,0.26851600000000003,30408,64825.419382
26,70.085786,0.050468,21259.140716,979.712333,1763.821261,40638.44357300003,157.75680599999998,0.26851600000000003,30408,64849.716119
26,70.085786,0.050468,21259.140716,979.712333,1763.821261,40670.41388800003,157.75680599999998,0.26851600000000003,30408,64881.686683
26,70.085786,0.050468,21259.140716,979.712333,1763.821261,40675.430142000034,157.75680599999998,0.26851600000000003,30408,64886.703293
26,70.085786,0.050468,21259.140716,979.712333,1763.821261,40680.44667900004,157.75680599999998,0.26851600000000003,30408,64891.720154
26,70.085786,0.050468,21259.140716,979.712333,1763.821261,40685.460920000034,157.75680599999998,0.26851600000000003,30408,64896.734626
26,70.085786,0.050468,21259.140716,979.712333,1763.821261,40690.476802000034,157.75680599999998,0.26851600000000003,30408,64901.750647
26,70.085786,0.050468,21259.140716,979.712333,1763.821261,40714.240536000034,157.75680599999998,0.26851600000000003,30408,64925.514496
26,70.085786,0.050468,21259.140716,979.712333,1763.821261,40719.248618000034,157.75680599999998,0.26851600000000003,30408,64930.522676
26,70.085786,0.050468,21259.140716,979.712333,1763.821261,40724.260592000035,157.75680599999998,0.26851600000000003,30408,64935.534767
26,70.085786,0.050468,21259.140716,979.712333,1763.821261,40748.64177000004,157.75680599999998,0.26851600000000003,30408,64959.916091
26,70.085786,0.050468,21259.140716,979.712333,1763.821261,40753.65220300004,157.75680599999998,0.26851600000000003,30408,64964.92665
26,70.085786,0.050468,21259.140716,979.712333,1763.821261,40758.66819400004,157.75680599999998,0.26851600000000003,30408,64969.942746
26,70.085786,0.050468,21259.140716,979.712333,1763.821261,40763.68398100004,157.75680599999998,0.26851600000000003,30408,64974.958668
26,70.085786,0.050468,21259.140716,979.712333,1763.821261,40768.69988300004,157.75680599999998,0.26851600000000003,30408,64979.974666
26,70.085786,0.050468,21259.140716,979.712333,1763.821261,40793.16497700004,157.75680599999998,0.26851600000000003,30408,65004.439856
26,70.085786,0.050468,21259.140716,979.712333,1763.821261,40798.17568100004,157.75680599999998,0.26851600000000003,30408,65009.450643
26,70.085786,0.050468,21259.140716,979.712333,1763.821261,40803.19164900004,157.75680599999998,0.26851600000000003,30408,65014.466708
26,70.085786,0.050468,21259.140716,979.712333,1763.821261,40826.99137300003,157.75680599999998,0.26851600000000003,30408,65043.303952
26,70.085786,0.050468,21259.140716,979.712333,1763.821261,40850.518760000035,157.75680599999998,0.26851600000000003,30408,65066.831427
26,70.085786,0.050468,21259.140716,979.712333,1763.821261,40874.44060200004,157.75680599999998,0.26851600000000003,30408,65090.753404
26,70.085786,0.050468,21259.140716,979.712333,1763.821261,40898.50736200004,157.75680599999998,0.26851600000000003,30408,65114.820253
26,70.085786,0.050468,21259.140716,979.712333,1763.821261,40922.68412500004,157.75680599999998,0.26851600000000003,30408,65138.99711
26,70.085786,0.050468,21259.140716,979.712333,1763.821261,40946.956091000044,157.75680599999998,0.26851600000000003,30408,65163.269182
26,70.085786,0.050468,21259.140716,979.712333,1763.821261,40971.94736000004,157.75680599999998,0.26851600000000003,30408,65188.260565
26,70.085786,0.050468,21259.140716,979.712333,1763.821261,40998.47486800004,157.75680599999998,0.26851600000000003,30408,65214.788221
26,70.085786,0.050468,21259.140716,979.712333,1763.821261,41026.53828200004,157.75680599999998,0.26851600000000003,30408,65242.851813
26,70.085786,0.050468,21259.140716,979.712333,1763.821261,41058.46824200004,157.75680599999998,0.26851600000000003,30408,65274.782134
26,70.085786,0.050468,21259.140716,979.712333,1763.821261,41063.51235200004,157.75680599999998,0.26851600000000003,30408,65279.826602
26,70.085786,0.050468,21259.140716,979.712333,1763.821261,41099.44147100004,157.75680599999998,0.26851600000000003,30408,65315.756194
26,70.085786,0.050468,21259.140716,979.712333,1763.821261,41104.451540000045,157.75680599999998,0.26851600000000003,30408,65320.766686
26,70.085786,0.050468,21259.140716,979.712333,1763.821261,41109.467034000045,157.75680599999998,0.26851600000000003,30408,65325.782649
26,70.085786,0.050468,21259.140716,979.712333,1763.821261,41147.493643000045,157.75680599999998,0.26851600000000003,30408,65363.809599
26,70.085786,0.050468,21259.140716,979.712333,1763.821261,41152.506475000046,157.75680599999998,0.26851600000000003,30408,65368.822708
26,70.085786,0.050468,21259.140716,979.712333,1763.821261,41157.522204000044,157.75680599999998,0.26851600000000003,30408,65373.838778
26,70.085786,0.050468,21259.140716,979.712333,1763.821261,41162.54065100005,157.75680599999998,0.26851600000000003,30408,65378.857561
26,70.085786,0.050468,21259.140716,979.712333,1763.821261,41201.56808600005,157.75680599999998,0.26851600000000003,30408,65417.885238
26,70.085786,0.050468,21259.140716,979.712333,1763.821261,41206.57745000005,157.75680599999998,0.26851600000000003,30408,65422.894752
26,70.085786,0.050468,21259.140716,979.712333,1763.821261,41211.59313500005,157.75680599999998,0.26851600000000003,30408,65427.91069
26,70.085786,0.050468,21259.140716,979.712333,1763.821261,41216.609055000044,157.75680599999998,0.26851600000000003,30408,65432.926758
26,70.085786,0.050468,21259.140716,979.712333,1763.821261,41221.62488800004,157.75680599999998,0.26851600000000003,30408,65437.942763
26,70.085786,0.050468,21259.140716,979.712333,1763.821261,41226.64063800004,157.75680599999998,0.26851600000000003,30408,65442.958665
26,70.085786,0.050468,21259.140716,979.712333,1763.821261,41231.65653400004,157.75680599999998,0.26851600000000003,30408,65447.974665
26,70.085786,0.050468,21259.140716,979.712333,1763.821261,41236.672429000035,157.75680599999998,0.26851600000000003,30408,65452.990656
26,70.085786,0.050468,21259.140716,979.712333,1763.821261,41241.68843000004,157.75680599999998,0.26851600000000003,30408,65458.006758
26,70.085786,0.050468,21259.140716,979.712333,1763.821261,41280.97673100004,157.75680599999998,0.26851600000000003,30408,65502.332538
26,70.085786,0.050468,21259.140716,979.712333,1763.821261,41319.94385400004,157.75680599999998,0.26851600000000003,30408,65541.299756
26,70.085786,0.050468,21259.140716,979.712333,1763.821261,41357.97553300004,157.75680599999998,0.26851600000000003,30408,65579.331522
26,70.085786,0.050468,21259.140716,979.712333,1763.821261,41396.22065000004,157.75680599999998,0.26851600000000003,30408,65617.576728
26,70.085786,0.050468,21259.140716,979.712333,1763.821261,41435.00590700004,157.75680599999998,0.26851600000000003,30408,65656.362076
26,70.085786,0.050468,21259.140716,979.712333,1763.821261,41473.969228000045,157.75680599999998,0.26851600000000003,30408,65695.325499
26,70.085786,0.050468,21259.140716,979.712333,1763.821261,41513.70600200004,157.75680599999998,0.26851600000000003,30408,65735.062389
26,70.085786,0.050468,21259.140716,979.712333,1763.821261,41553.87610500004,157.75680599999998,0.26851600000000003,30408,65775.232638
26,70.085786,0.050468,21259.140716,979.712333,1763.821261,41595.825845000036,157.75680599999998,0.26851600000000003,30408,65817.182568
26,70.085786,0.050468,21259.140716,979.712333,1763.821261,41642.10297400004,157.75680599999998,0.26851600000000003,30408,65863.459959
26,70.085786,0.050468,21259.140716,979.712333,1763.821261,41697.02913500004,157.75680599999998,0.26851600000000003,30408,65918.386506
26,70.085786,0.050468,21259.140716,979.712333,1763.821261,41768.44498600004,157.75680599999998,0.26851600000000003,30408,65989.802891
26,70.085786,0.050468,21259.140716,979.712333,1763.821261,41872.98857400004,157.75680599999998,0.26851600000000003,30408,66094.347508
26,70.085786,0.050468,21259.140716,979.712333,1763.821261,42025.78449200004,157.75680599999998,0.26851600000000003,30408,66247.145091
26,70.085786,0.050468,21259.140716,979.712333,1763.821261,42253.07072300004,157.75680599999998,0.26851600000000003,30408,66474.433737
26,70.085786,0.050468,21259.140716,979.712333,1991.1094400000002,42253.07072300004,157.75680599999998,0.26851600000000003,30408,66474.435685
26,70.085786,0.050468,21259.140716,979.712333,1991.1094400000002,42253.07072300004,157.75680599999998,0.26851600000000003,30404,66474.43572
26,70.085786,0.050468,21556.854072000002,979.712333,1991.1094400000002,42253.07072300004,157.75680599999998,0.26851600000000003,30404,66772.14909
26,70.085786,0.050468,21556.854072000002,979.712333,1991.1094400000002,42253.07072300004,157.75680599999998,0.26851600000000003,30412,66772.149558
27,70.085786,0.050468,24574.998249000004,979.712333,1991.1094400000002,42253.07072300004,157.75680599999998,0.26851600000000003,30412,69790.293831
27,70.085786,0.050468,24574.998249000004,984.746534,1991.1094400000002,42253.07072300004,157.75680599999998,0.26851600000000003,30412,69795.328154
27,70.085786,0.050468,24574.998249000004,984.746534,1991.1094400000002,42259.742307000044,157.75680599999998,0.26851600000000003,30412,69802.013839
27,70.085786,0.050468,24574.998249000004,984.746534,1991.1094400000002,42266.88038400005,157.75680599999998,0.26851600000000003,30412,69809.152
27,70.085786,0.050468,24574.998249000004,984.746534,1991.1094400000002,42274.83890400005,157.75680599999998,0.26851600000000003,30412,69817.110609
27,70.085786,0.050468,24574.998249000004,984.746534,1991.1094400000002,42284.44396100005,157.75680599999998,0.26851600000000003,30412,69826.715757
27,70.085786,0.050468,24574.998249000004,984.746534,1991.1094400000002,42296.87941900005,157.75680599999998,0.26851600000000003,30412,69839.151307
27,70.085786,0.050468,24574.998249000004,984.746534,1991.1094400000002,42314.371244000045,157.75680599999998,0.26851600000000003,30412,69856.643225
27,70.085786,0.050468,24574.998249000004,984.746534,1991.1094400000002,42326.99857300005,157.75680599999998,0.26851600000000003,30412,69869.270656
27,70.085786,0.050468,24574.998249000004,984.746534,1991.1094400000002,42334.42545700005,157.75680599999998,0.26851600000000003,30412,69876.697657
27,70.085786,0.050468,24574.998249000004,984.746534,1991.1094400000002,42343.48806100005,157.75680599999998,0.26851600000000003,30412,69885.760411
27,70.085786,0.050468,24574.998249000004,984.746534,1991.1094400000002,42358.26602800005,157.75680599999998,0.26851600000000003,30412,69900.538571
27,70.085786,0.050468,24574.998249000004,984.746534,1991.1094400000002,42363.28983800005,157.75680599999998,0.26851600000000003,30412,69905.562716
27,70.085786,0.050468,24574.998249000004,984.746534,1991.1094400000002,42368.30514500005,157.75680599999998,0.26851600000000003,30412,69910.578648
27,70.085786,0.050468,24574.998249000004,984.746534,1991.1094400000002,42385.46799100005,157.75680599999998,0.26851600000000003,30412,69927.741751
27,70.085786,0.050468,24574.998249000004,984.746534,1991.1094400000002,42390.47664800005,157.75680599999998,0.26851600000000003,30412,69932.750629
27,70.085786,0.050468,24574.998249000004,984.746534,1991.1094400000002,42395.48839300005,157.75680599999998,0.26851600000000003,30412,69937.762663
27,70.085786,0.050468,24574.998249000004,984.746534,1991.1094400000002,42400.50018500005,157.75680599999998,0.26851600000000003,30412,69942.774641
27,70.085786,0.050468,24574.998249000004,984.746534,1991.1094400000002,42415.90643200005,157.75680599999998,0.26851600000000003,30412,69958.181038
27,70.085786,0.050468,24574.998249000004,984.746534,1991.1094400000002,42420.915923000044,157.75680599999998,0.26851600000000003,30412,69963.190656
27,70.085786,0.050468,24574.998249000004,984.746534,1991.1094400000002,42425.92779400005,157.75680599999998,0.26851600000000003,30412,69968.202671
27,70.085786,0.050468,24574.998249000004,984.746534,1991.1094400000002,42441.847662000044,157.75680599999998,0.26851600000000003,30412,69984.122665
27,70.085786,0.050468,24574.998249000004,984.746534,1991.1094400000002,42446.85556700004,157.75680599999998,0.26851600000000003,30412,69989.130678
27,70.085786,0.050468,24574.998249000004,984.746534,1991.1094400000002,42451.86742600004,157.75680599999998,0.26851600000000003,30412,69994.142666
27,70.085786,0.050468,24574.998249000004,984.746534,1991.1094400000002,42468.10453200004,157.75680599999998,0.26851600000000003,30412,70010.379883
27,70.085786,0.050468,24574.998249000004,984.746534,1991.1094400000002,42473.111290000044,157.75680599999998,0.26851600000000003,30412,70015.386739
27,70.085786,0.050468,24574.998249000004,984.746534,1991.1094400000002,42478.12306300004,157.75680599999998,0.26851600000000003,30412,70020.398677
27,70.085786,0.050468,24574.998249000004,984.746534,1991.1094400000002,42483.13492400004,157.75680599999998,0.26851600000000003,30412,70025.410645
27,70.085786,0.050468,24574.998249000004,984.746534,1991.1094400000002,42488.14685500004,157.75680599999998,0.26851600000000003,30412,70030.42268
27,70.085786,0.050468,24574.998249000004,984.746534,1991.1094400000002,42505.45356300004,157.75680599999998,0.26851600000000003,30412,70047.729649
27,70.085786,0.050468,24574.998249000004,984.746534,1991.1094400000002,42510.46643100004,157.75680599999998,0.26851600000000003,30412,70052.742608
27,70.085786,0.050468,24574.998249000004,984.746534,1991.1094400000002,42515.47844500004,157.75680599999998,0.26851600000000003,30412,70057.754725
27,70.085786,0.050468,24574.998249000004,984.746534,1991.1094400000002,42520.49027300004,157.75680599999998,0.26851600000000003,30412,70062.766651
27,70.085786,0.050468,24574.998249000004,984.746534,1991.1094400000002,42525.50480100004,157.75680599999998,0.26851600000000003,30412,70072.818712
27,70.085786,0.050468,24574.998249000004,984.746534,1991.1094400000002,42543.323074000036,157.75680599999998,0.26851600000000003,30412,70095.674527
27,70.085786,0.050468,24574.998249000004,984.746534,1991.1094400000002,42561.19721600004,157.75680599999998,0.26851600000000003,30412,70113.548761
27,70.085786,0.050468,24574.998249000004,984.746534,1991.1094400000002,42578.61215800004,157.75680599999998,0.26851600000000003,30412,70130.963792
27,70.085786,0.050468,24574.998249000004,984.746534,1991.1094400000002,42596.34281900004,157.75680599999998,0.26851600000000003,30412,70148.694546
27,70.085786,0.050468,24574.998249000004,984.746534,1991.1094400000002,42614.21061600004,157.75680599999998,0.26851600000000003,30412,70166.562436
27,70.085786,0.050468,24574.998249000004,984.746534,1991.1094400000002,42632.45512900004,157.75680599999998,0.26851600000000003,30412,70184.807048
27,70.085786,0.050468,24574.998249000004,984.746534,1991.1094400000002,42650.855244000035,157.75680599999998,0.26851600000000003,30412,70203.207302
27,70.085786,0.050468,24574.998249000004,984.746534,1991.1094400000002,42670.547647000036,157.75680599999998,0.26851600000000003,30412,70222.899841
27,70.085786,0.050468,24574.998249000004,984.746534,1991.1094400000002,42692.607910000035,157.75680599999998,0.26851600000000003,30412,70244.960271
27,70.085786,0.050468,24574.998249000004,984.746534,1991.1094400000002,42718.917919000036,157.75680599999998,0.26851600000000003,30412,70271.270534
27,70.085786,0.050468,24574.998249000004,984.746534,1991.1094400000002,42751.956152000035,157.75680599999998,0.26851600000000003,30412,70304.309124
27,70.085786,0.050468,24574.998249000004,984.746534,1991.1094400000002,42799.11406800003,157.75680599999998,0.26851600000000003,30412,70351.467626
27,70.085786,0.050468,24574.998249000004,984.746534,1991.1094400000002,42878.27958600003,157.75680599999998,0.26851600000000003,30412,70430.634012
27,70.085786,0.050468,24574.998249000004,984.746534,1991.1094400000002,43008.14467500003,157.75680599999998,0.26851600000000003,30412,70560.500884
27,70.085786,0.050468,24574.998249000004,984.746534,1991.1094400000002,43226.76524500003,157.75680599999998,0.26851600000000003,30412,70779.124314
27,70.085786,0.050468,24574.998249000004,984.746534,2209.731667,43226.76524500003,157.75680599999998,0.26851600000000003,30412,70779.125971
27,70.085786,0.050468,24574.998249000004,984.746534,2209.731667,43226.76524500003,157.75680599999998,0.26851600000000003,30410,70779.125999
27,70.085786,0.050468,24861.952247000005,984.746534,2209.731667,43226.76524500003,157.75680599999998,0.26851600000000003,30410,71066.08001
27,70.085786,0.050468,24861.952247000005,984.746534,2209.731667,43226.76524500003,172.52057499999998,0.26851600000000003,30410,71080.84415
27,70.085786,0.050468,24861.952247000005,984.746534,2209.731667,43226.76524500003,172.52057499999998,0.26851600000000003,30326,71080.844286
27,70.085786,0.050468,28253.183192000004,984.746534,2209.731667,43226.76524500003,172.52057499999998,0.26851600000000003,30326,74472.075664
27,70.085786,0.050468,28253.183192000004,990.087843,2209.731667,43226.76524500003,172.52057499999998,0.26851600000000003,30326,74477.417088
27,70.085786,0.050468,28253.183192000004,990.087843,2209.731667,43233.429006000035,172.52057499999998,0.26851600000000003,30326,74484.095655
27,70.085786,0.050468,28253.183192000004,990.087843,2209.731667,43240.54336100003,172.52057499999998,0.26851600000000003,30326,74491.210094
27,70.085786,0.050468,28253.183192000004,990.087843,2209.731667,43248.50245200003,172.52057499999998,0.26851600000000003,30326,74499.16927
27,70.085786,0.050468,28253.183192000004,990.087843,2209.731667,43258.09360400003,172.52057499999998,0.26851600000000003,30326,74508.760507
27,70.085786,0.050468,28253.183192000004,990.087843,2209.731667,43270.54890700003,172.52057499999998,0.26851600000000003,30326,74521.215901
27,70.085786,0.050468,28253.183192000004,990.087843,2209.731667,43288.03211200003,172.52057499999998,0.26851600000000003,30326,74538.699198
27,70.085786,0.050468,28253.183192000004,990.087843,2209.731667,43300.67058500003,172.52057499999998,0.26851600000000003,30326,74551.337774
27,70.085786,0.050468,28253.183192000004,990.087843,2209.731667,43308.08057600003,172.52057499999998,0.26851600000000003,30326,74558.747882
27,70.085786,0.050468,28253.183192000004,990.087843,2209.731667,43317.14485900003,172.52057499999998,0.26851600000000003,30326,74567.812319
27,70.085786,0.050468,28253.183192000004,990.087843,2209.731667,43317.16175500003,172.52057499999998,0.26851600000000003,30326,74567.829412
27,70.085786,0.050468,28253.183192000004,990.087843,2209.731667,43328.01623200003,172.52057499999998,0.26851600000000003,30326,74578.684096
27,70.085786,0.050468,28253.183192000004,990.087843,2209.731667,43328.02505800003,172.52057499999998,0.26851600000000003,30326,74578.693125
27,70.085786,0.050468,28253.183192000004,990.087843,2209.731667,43328.03301300003,172.52057499999998,0.26851600000000003,30326,74578.701283
27,70.085786,0.050468,28253.183192000004,990.087843,2209.731667,43328.04057200003,172.52057499999998,0.26851600000000003,30326,74578.708967
27,70.085786,0.050468,28253.183192000004,990.087843,2209.731667,43339.36220600003,172.52057499999998,0.26851600000000003,30326,74590.03071
27,70.085786,0.050468,28253.183192000004,990.087843,2209.731667,43339.37005200003,172.52057499999998,0.26851600000000003,30326,74590.03867
27,70.085786,0.050468,28253.183192000004,990.087843,2209.731667,43339.37768700003,172.52057499999998,0.26851600000000003,30326,74590.046418
27,70.085786,0.050468,28253.183192000004,990.087843,2209.731667,43350.86165400003,172.52057499999998,0.26851600000000003,30326,74601.530478
27,70.085786,0.050468,28253.183192000004,990.087843,2209.731667,43350.86914900003,172.52057499999998,0.26851600000000003,30326,74601.538081
27,70.085786,0.050468,28253.183192000004,990.087843,2209.731667,43350.87656500003,172.52057499999998,0.26851600000000003,30326,74601.545584
27,70.085786,0.050468,28253.183192000004,990.087843,2209.731667,43362.54510700003,172.52057499999998,0.26851600000000003,30326,74613.2142
27,70.085786,0.050468,28253.183192000004,990.087843,2209.731667,43362.55256400003,172.52057499999998,0.26851600000000003,30326,74613.221756
27,70.085786,0.050468,28253.183192000004,990.087843,2209.731667,43362.56004600003,172.52057499999998,0.26851600000000003,30326,74613.229328
27,70.085786,0.050468,28253.183192000004,990.087843,2209.731667,43378.53556400003,172.52057499999998,0.26851600000000003,30326,74629.204924
27,70.085786,0.050468,28253.183192000004,990.087843,2209.731667,43378.54340700003,172.52057499999998,0.26851600000000003,30326,74629.212863
27,70.085786,0.050468,28253.183192000004,990.087843,2209.731667,43378.550948000026,172.52057499999998,0.26851600000000003,30326,74629.220494
27,70.085786,0.050468,28253.183192000004,990.087843,2209.731667,43378.55841700002,172.52057499999998,0.26851600000000003,30326,74629.228037
27,70.085786,0.050468,28253.183192000004,990.087843,2209.731667,43378.56582300002,172.52057499999998,0.26851600000000003,30326,74629.235516
27,70.085786,0.050468,28253.183192000004,990.087843,2209.731667,43394.64413000002,172.52057499999998,0.26851600000000003,30326,74645.313894
27,70.085786,0.050468,28253.183192000004,990.087843,2209.731667,43394.651508000024,172.52057499999998,0.26851600000000003,30326,74645.321361
27,70.085786,0.050468,28253.183192000004,990.087843,2209.731667,43394.65882900002,172.52057499999998,0.26851600000000003,30326,74645.328765
27,70.085786,0.050468,28253.183192000004,990.087843,2209.731667,43410.73094800002,172.52057499999998,0.26851600000000003,30326,74666.728291
27,70.085786,0.050468,28253.183192000004,990.087843,2209.731667,43426.73084300002,172.52057499999998,0.26851600000000003,30326,74682.72827
27,70.085786,0.050468,28253.183192000004,990.087843,2209.731667,43427.08230600002,172.52057499999998,0.26851600000000003,30326,74683.079819
27,70.085786,0.050468,28253.183192000004,990.087843,2209.731667,43443.13780500002,172.52057499999998,0.26851600000000003,30326,74699.135417
27,70.085786,0.050468,28253.183192000004,990.087843,2209.731667,43443.32087500002,172.52057499999998,0.26851600000000003,30326,74699.318573
27,70.085786,0.050468,28253.183192000004,990.087843,2209.731667,43443.51176800002,172.52057499999998,0.26851600000000003,30326,74699.509568
27,70.085786,0.050468,28253.183192000004,990.087843,2209.731667,43443.69845000002,172.52057499999998,0.26851600000000003,30326,74699.696335
27,70.085786,0.050468,28253.183192000004,990.087843,2209.731667,43459.783919000016,172.52057499999998,0.26851600000000003,30326,74721.117647
27,70.085786,0.050468,28253.183192000004,990.087843,2209.731667,43476.27234600001,172.52057499999998,0.26851600000000003,30326,74737.606164
27,70.085786,0.050468,28253.183192000004,990.087843,2209.731667,43492.904707000016,172.52057499999998,0.26851600000000003,30326,74754.238618
27,70.085786,0.050468,28253.183192000004,990.087843,2209.731667,43509.219266000015,172.52057499999998,0.26851600000000003,30326,74770.553266
27,70.085786,0.050468,28253.183192000004,990.087843,2209.731667,43525.023450000015,172.52057499999998,0.26851600000000003,30326,74786.357538
27,70.085786,0.050468,28253.183192000004,990.087843,2209.731667,43541.22005200002,172.52057499999998,0.26851600000000003,30326,74802.554232
27,70.085786,0.050468,28253.183192000004,990.087843,2209.731667,43558.18633600002,172.52057499999998,0.26851600000000003,30326,74819.520625
27,70.085786,0.050468,28253.183192000004,990.087843,2209.731667,43576.47207300002,172.52057499999998,0.26851600000000003,30326,74837.806474
27,70.085786,0.050468,28253.183192000004,990.087843,2209.731667,43597.44078700002,172.52057499999998,0.26851600000000003,30326,74858.77534
27,70.085786,0.050468,28253.183192000004,990.087843,2209.731667,43624.206032000024,172.52057499999998,0.26851600000000003,30326,74885.540847
27,70.085786,0.050468,28253.183192000004,990.087843,2209.731667,43663.84420400002,172.52057499999998,0.26851600000000003,30326,74925.179362
27,70.085786,0.050468,28253.183192000004,990.087843,2209.731667,43721.263485000025,172.52057499999998,0.26851600000000003,30326,74982.599148
27,70.085786,0.050468,28253.183192000004,990.087843,2209.731667,43724.539901000026,172.52057499999998,0.26851600000000003,30326,74985.876533
27,70.085786,0.050468,28253.183192000004,990.087843,2209.731667,43780.05497200003,172.52057499999998,0.26851600000000003,30326,75041.39274
27,70.085786,0.050468,28253.183192000004,990.087843,2209.731667,43785.07220800003,172.52057499999998,0.26851600000000003,30326,75046.41069
27,70.085786,0.050468,28253.183192000004,990.087843,2209.731667,43848.729185000026,172.52057499999998,0.26851600000000003,30326,75110.068147
27,70.085786,0.050468,28253.183192000004,990.087843,2209.731667,43853.743393000026,172.52057499999998,0.26851600000000003,30326,75115.082749
27,70.085786,0.050468,28253.183192000004,990.087843,2209.731667,43858.758566000026,172.52057499999998,0.26851600000000003,30326,75120.098644
27,70.085786,0.050468,28253.183192000004,990.087843,2209.731667,43863.77616000002,172.52057499999998,0.26851600000000003,30326,75125.116589
27,70.085786,0.050468,28253.183192000004,990.087843,2209.731667,43868.79005600002,172.52057499999998,0.26851600000000003,30326,75130.130731
27,70.085786,0.050468,28253.183192000004,990.087843,2209.731667,43873.80451300002,172.52057499999998,0.26851600000000003,30326,75135.145438
27,70.085786,0.050468,28253.183192000004,990.087843,2209.731667,43937.16788300002,172.52057499999998,0.26851600000000003,30326,75198.508954
27,70.085786,0.050468,28253.183192000004,990.087843,2209.731667,43942.18062800002,172.52057499999998,0.26851600000000003,30326,75203.521823
27,70.085786,0.050468,28253.183192000004,990.087843,2209.731667,44006.151676000016,172.52057499999998,0.26851600000000003,30326,75267.493011
27,70.085786,0.050468,28253.183192000004,990.087843,2209.731667,44011.161194000015,172.52057499999998,0.26851600000000003,30326,75272.502653
27,70.085786,0.050468,28253.183192000004,990.087843,2209.731667,44016.17710700002,172.52057499999998,0.26851600000000003,30326,75277.518712
27,70.085786,0.050468,28253.183192000004,990.087843,2209.731667,44021.194530000015,172.52057499999998,0.26851600000000003,30326,75282.536259
27,70.085786,0.050468,28253.183192000004,990.087843,2209.731667,44026.20880800002,172.52057499999998,0.26851600000000003,30326,75287.550646
27,70.085786,0.050468,28253.183192000004,990.087843,2209.731667,44031.224682000015,172.52057499999998,0.26851600000000003,30326,75292.566623
27,70.085786,0.050468,28253.183192000004,990.087843,2209.731667,44036.239166000014,172.52057499999998,0.26851600000000003,30326,75297.581203
27,70.085786,0.050468,28253.183192000004,990.087843,2209.731667,44041.257161000016,172.52057499999998,0.26851600000000003,30326,75302.599293
27,70.085786,0.050468,28253.183192000004,990.087843,2209.731667,44105.387148000016,172.52057499999998,0.26851600000000003,30326,75372.066176
27,70.085786,0.050468,28253.183192000004,990.087843,2209.731667,44110.39923900001,172.52057499999998,0.26851600000000003,30326,75377.078356
27,70.085786,0.050468,28253.183192000004,990.087843,2209.731667,44175.03416700001,172.52057499999998,0.26851600000000003,30326,75441.713387
27,70.085786,0.050468,28253.183192000004,990.087843,2209.731667,44180.043440000016,172.52057499999998,0.26851600000000003,30326,75446.722749
27,70.085786,0.050468,28253.183192000004,990.087843,2209.731667,44185.059215000016,172.52057499999998,0.26851600000000003,30326,75451.738661
27,70.085786,0.050468,28253.183192000004,990.087843,2209.731667,44190.076726000014,172.52057499999998,0.26851600000000003,30326,75462.093157
27,70.085786,0.050468,28253.183192000004,990.087843,2209.731667,44195.094114000014,172.52057499999998,0.26851600000000003,30326,75472.448098
27,70.085786,0.050468,28253.183192000004,990.087843,2209.731667,44200.112195000016,172.52057499999998,0.26851600000000003,30326,75482.803125
27,70.085786,0.050468,28253.183192000004,990.087843,2209.731667,44205.12774500001,172.52057499999998,0.26851600000000003,30326,75493.158679
27,70.085786,0.050468,28253.183192000004,990.087843,2209.731667,44210.14141100001,172.52057499999998,0.26851600000000003,30326,75503.506797
27,70.085786,0.050468,28253.183192000004,990.087843,2209.731667,44215.15591200001,172.52057499999998,0.26851600000000003,30326,75513.86267
27,70.085786,0.050468,28253.183192000004,990.087843,2209.731667,44279.25151300001,172.52057499999998,0.26851600000000003,30326,75583.292186
27,70.085786,0.050468,28253.183192000004,990.087843,2209.731667,44284.26187700001,172.52057499999998,0.26851600000000003,30326,75588.302639
27,70.085786,0.050468,28253.183192000004,990.087843,2209.731667,44348.46192200001,172.52057499999998,0.26851600000000003,30326,75652.502781
27,70.085786,0.050468,28253.183192000004,990.087843,2209.731667,44353.47380400001,172.52057499999998,0.26851600000000003,30326,75657.51475
27,70.085786,0.050468,28253.183192000004,990.087843,2209.731667,44358.48968800001,172.52057499999998,0.26851600000000003,30326,75662.530773
27,70.085786,0.050468,28253.183192000004,990.087843,2209.731667,44363.50592500001,172.52057499999998,0.26851600000000003,30326,75672.894302
27,70.085786,0.050468,28253.183192000004,990.087843,2209.731667,44368.52350300001,172.52057499999998,0.26851600000000003,30326,75683.258723
27,70.085786,0.050468,28253.183192000004,990.087843,2209.731667,44373.541760000015,172.52057499999998,0.26851600000000003,30326,75693.619305
27,70.085786,0.050468,28253.183192000004,990.087843,2209.731667,44378.55931500001,172.52057499999998,0.26851600000000003,30326,75703.969711
27,70.085786,0.050468,28253.183192000004,990.087843,2209.731667,44383.57480900001,172.52057499999998,0.26851600000000003,30326,75714.318682
27,70.085786,0.050468,28253.183192000004,990.087843,2209.731667,44388.592269000015,172.52057499999998,0.26851600000000003,30326,75724.669647
27,70.085786,0.050468,28253.183192000004,990.087843,2209.731667,44452.76647700001,172.52057499999998,0.26851600000000003,30326,75794.179301
27,70.085786,0.050468,28253.183192000004,990.087843,2209.731667,44457.77917200001,172.52057499999998,0.26851600000000003,30326,75799.192086
27,70.085786,0.050468,28253.183192000004,990.087843,2209.731667,44462.797001000006,172.52057499999998,0.26851600000000003,30326,75804.210013
27,70.085786,0.050468,28253.183192000004,990.087843,2209.731667,44467.811401000006,172.52057499999998,0.26851600000000003,30326,75814.558636
27,70.085786,0.050468,28253.183192000004,990.087843,2209.731667,44472.825821000006,172.52057499999998,0.26851600000000003,30326,75824.906635
27,70.085786,0.050468,28253.183192000004,990.087843,2209.731667,44477.843375000004,172.52057499999998,0.26851600000000003,30326,75835.258656
27,70.085786,0.050468,28253.183192000004,990.087843,2209.731667,44482.857882000004,172.52057499999998,0.26851600000000003,30326,75845.606674
27,70.085786,0.050468,28253.183192000004,990.087843,2209.731667,44487.875249000004,172.52057499999998,0.26851600000000003,30326,75855.969544
27,70.085786,0.050468,28253.183192000004,990.087843,2209.731667,44492.892993,172.52057499999998,0.26851600000000003,30326,75866.326749
27,70.085786,0.050468,28253.183192000004,990.087843,2209.731667,44497.907517,172.52057499999998,0.26851600000000003,30326,75876.678751
27,70.085786,0.050468,28253.183192000004,990.087843,2209.731667,44502.922111,172.52057499999998,0.26851600000000003,30326,75887.022768
27,70.085786,0.050468,28253.183192000004,990.087843,2209.731667,44507.936709,172.52057499999998,0.26851600000000003,30326,75897.370791
27,70.085786,0.050468,28253.183192000004,990.087843,2209.731667,44512.951233,172.52057499999998,0.26851600000000003,30326,75907.722698
27,70.085786,0.050468,28253.183192000004,990.087843,2209.731667,44517.968191,172.52057499999998,0.26851600000000003,30326,75918.074669
27,70.085786,0.050468,28253.183192000004,990.087843,2209.731667,44522.985895,172.52057499999998,0.26851600000000003,30326,75928.427642
27,70.085786,0.050468,28253.183192000004,990.087843,2209.731667,44528.000399,172.52057499999998,0.26851600000000003,30326,75938.782675
27,70.085786,0.050468,28253.183192000004,990.087843,2209.731667,44533.017833,172.52057499999998,0.26851600000000003,30326,75949.137589
27,70.085786,0.050468,28253.183192000004,990.087843,2209.731667,44538.035288,172.52057499999998,0.26851600000000003,30326,75959.493649
27,70.085786,0.050468,28253.183192000004,990.087843,2209.731667,44543.052612,172.52057499999998,0.26851600000000003,30326,75969.849456
27,70.085786,0.050468,28253.183192000004,990.087843,2209.731667,44548.068729,172.52057499999998,0.26851600000000003,30326,75980.202657
27,70.085786,0.050468,28253.183192000004,990.087843,2209.731667,44553.085982,172.52057499999998,0.26851600000000003,30326,75990.554811
27,70.085786,0.050468,28253.183192000004,990.087843,2209.731667,44617.13383,172.52057499999998,0.26851600000000003,30326,76059.942421
27,70.085786,0.050468,28253.183192000004,990.087843,2209.731667,44622.14608,172.52057499999998,0.26851600000000003,30326,76064.954758
27,70.085786,0.050468,28253.183192000004,990.087843,2209.731667,44627.161815,172.52057499999998,0.26851600000000003,30326,76069.970638
27,70.085786,0.050468,28253.183192000004,990.087843,2209.731667,44632.174140999996,172.52057499999998,0.26851600000000003,30326,76080.319055
27,70.085786,0.050468,28253.183192000004,990.087843,2209.731667,44637.19139199999,172.52057499999998,0.26851600000000003,30326,76090.679172
27,70.085786,0.050468,28253.183192000004,990.087843,2209.731667,44642.20588899999,172.52057499999998,0.26851600000000003,30326,76101.026655
27,70.085786,0.050468,28253.183192000004,990.087843,2209.731667,44647.22240399999,172.52057499999998,0.26851600000000003,30326,76111.386642
27,70.085786,0.050468,28253.183192000004,990.087843,2209.731667,44652.23688099999,172.52057499999998,0.26851600000000003,30326,76121.734656
27,70.085786,0.050468,28253.183192000004,990.087843,2209.731667,44657.254214999986,172.52057499999998,0.26851600000000003,30326,76132.086714
27,70.085786,0.050468,28253.183192000004,990.087843,2209.731667,44662.271686999986,172.52057499999998,0.26851600000000003,30326,76142.443559
27,70.085786,0.050468,28253.183192000004,990.087843,2209.731667,44667.28767999999,172.52057499999998,0.26851600000000003,30326,76152.794752
27,70.085786,0.050468,28253.183192000004,990.087843,2209.731667,44672.30217599999,172.52057499999998,0.26851600000000003,30326,76163.150642
27,70.085786,0.050468,28253.183192000004,990.087843,2209.731667,44677.31663199999,172.52057499999998,0.26851600000000003,30326,76173.502638
27,70.085786,0.050468,28253.183192000004,990.087843,2209.731667,44682.33118499999,172.52057499999998,0.26851600000000003,30326,76183.850691
27,70.085786,0.050468,28253.183192000004,990.087843,2209.731667,44687.34840899999,172.52057499999998,0.26851600000000003,30326,76194.206124
27,70.085786,0.050468,28253.183192000004,990.087843,2209.731667,44692.36430899999,172.52057499999998,0.26851600000000003,30326,76204.558736
27,70.085786,0.050468,28253.183192000004,990.087843,2209.731667,44697.37884099999,172.52057499999998,0.26851600000000003,30326,76214.914687
27,70.085786,0.050468,28253.183192000004,990.087843,2209.731667,44702.39650399999,172.52057499999998,0.26851600000000003,30326,76225.269512
27,70.085786,0.050468,28253.183192000004,990.087843,2209.731667,44707.41410399999,172.52057499999998,0.26851600000000003,30326,76235.626694
27,70.085786,0.050468,28253.183192000004,990.087843,2209.731667,44712.431526999986,172.52057499999998,0.26851600000000003,30326,76245.977568
27,70.085786,0.050468,28253.183192000004,990.087843,2209.731667,44717.44416799999,172.52057499999998,0.26851600000000003,30326,76256.328002
27,70.085786,0.050468,28253.183192000004,990.087843,2209.731667,44722.459014999986,172.52057499999998,0.26851600000000003,30326,76266.682664
27,70.085786,0.050468,28253.183192000004,990.087843,2209.731667,44727.47350499999,172.52057499999998,0.26851600000000003,30326,76277.034698
27,70.085786,0.050468,28253.183192000004,990.087843,2209.731667,44732.49097699999,172.52057499999998,0.26851600000000003,30326,76287.401725
27,70.085786,0.050468,28253.183192000004,990.087843,2209.731667,44737.50838999999,172.52057499999998,0.26851600000000003,30326,76297.7561
27,70.085786,0.050468,28253.183192000004,990.087843,2209.731667,44742.52600099999,172.52057499999998,0.26851600000000003,30326,76308.110708
27,70.085786,0.050468,28253.183192000004,990.087843,2209.731667,44747.54196899999,172.52057499999998,0.26851600000000003,30326,76318.462673
27,70.085786,0.050468,28253.183192000004,990.087843,2209.731667,44752.55974099999,172.52057499999998,0.26851600000000003,30326,76328.814852
27,70.085786,0.050468,28253.183192000004,990.087843,2209.731667,44757.57430399999,172.52057499999998,0.26851600000000003,30326,76339.162753
27,70.085786,0.050468,28253.183192000004,990.087843,2209.731667,44762.58878999999,172.52057499999998,0.26851600000000003,30326,76349.522724
27,70.085786,0.050468,28253.183192000004,990.087843,2209.731667,44767.606106999985,172.52057499999998,0.26851600000000003,30326,76359.880322
27,70.085786,0.050468,28253.183192000004,990.087843,2209.731667,44772.61862299999,172.52057499999998,0.26851600000000003,30326,76370.232686
27,70.085786,0.050468,28253.183192000004,990.087843,2209.731667,44777.633123999985,172.52057499999998,0.26851600000000003,30326,76380.582744
27,70.085786,0.050468,28253.183192000004,990.087843,2209.731667,44782.65072099998,172.52057499999998,0.26851600000000003,30326,76390.934678
27,70.085786,0.050468,28253.183192000004,990.087843,2209.731667,44787.665296999985,172.52057499999998,0.26851600000000003,30326,76401.29078
27,70.085786,0.050468,28253.183192000004,990.087843,2209.731667,44792.679785999986,172.52057499999998,0.26851600000000003,30326,76411.638677
27,70.085786,0.050468,28253.183192000004,990.087843,2209.731667,44797.697452999986,172.52057499999998,0.26851600000000003,30326,76421.990758
27,70.085786,0.050468,28253.183192000004,990.087843,2209.731667,44802.71465799998,172.52057499999998,0.26851600000000003,30326,76432.34426
27,70.085786,0.050468,28253.183192000004,990.087843,2209.731667,44807.729235999985,172.52057499999998,0.26851600000000003,30326,76442.690753
27,70.085786,0.050468,28253.183192000004,990.087843,2209.731667,44812.743718999984,172.52057499999998,0.26851600000000003,30326,76453.050742
27,70.085786,0.050468,28253.183192000004,990.087843,2209.731667,44817.758207999985,172.52057499999998,0.26851600000000003,30326,76463.402654
27,70.085786,0.050468,28253.183192000004,990.087843,2209.731667,44822.775592999984,172.52057499999998,0.26851600000000003,30326,76473.757587
27,70.085786,0.050468,28253.183192000004,990.087843,2209.731667,44827.790894999984,172.52057499999998,0.26851600000000003,30326,76484.122643
27,70.085786,0.050468,28253.183192000004,990.087843,2209.731667,44832.80812799998,172.52057499999998,0.26851600000000003,30326,76494.482663
27,70.085786,0.050468,28253.183192000004,990.087843,2209.731667,44837.82587599998,172.52057499999998,0.26851600000000003,30326,76504.838698
27,70.085786,0.050468,28253.183192000004,990.087843,2209.731667,44842.840436999984,172.52057499999998,0.26851600000000003,30326,76515.186736
27,70.085786,0.050468,28253.183192000004,990.087843,2209.731667,44847.858058999984,172.52057499999998,0.26851600000000003,30326,76525.538773
27,70.085786,0.050468,28253.183192000004,990.087843,2209.731667,44852.875447999984,172.52057499999998,0.26851600000000003,30326,76535.895546
27,70.085786,0.050468,28253.183192000004,990.087843,2209.731667,44857.89005999998,172.52057499999998,0.26851600000000003,30326,76546.24275
27,70.085786,0.050468,28253.183192000004,990.087843,2209.731667,44862.90555599998,172.52057499999998,0.26851600000000003,30326,76556.606657
27,70.085786,0.050468,28253.183192000004,990.087843,2209.731667,44867.922817999985,172.52057499999998,0.26851600000000003,30326,76566.964252
27,70.085786,0.050468,28253.183192000004,990.087843,2209.731667,44872.93939799999,172.52057499999998,0.26851600000000003,30326,76577.32271
27,70.085786,0.050468,28253.183192000004,990.087843,2209.731667,44877.953895999985,172.52057499999998,0.26851600000000003,30326,76587.674649
27,70.085786,0.050468,28253.183192000004,990.087843,2209.731667,44882.96841099999,172.52057499999998,0.26851600000000003,30326,76598.022679
27,70.085786,0.050468,28253.183192000004,990.087843,2209.731667,44887.98596999999,172.52057499999998,0.26851600000000003,30326,76608.373821
27,70.085786,0.050468,28253.183192000004,990.087843,2209.731667,44893.000469999984,172.52057499999998,0.26851600000000003,30326,76618.722657
27,70.085786,0.050468,28253.183192000004,990.087843,2209.731667,44898.01790999999,172.52057499999998,0.26851600000000003,30326,76629.073588
27,70.085786,0.050468,28253.183192000004,990.087843,2209.731667,44903.035741999985,172.52057499999998,0.26851600000000003,30326,76639.426904
27,70.085786,0.050468,28253.183192000004,990.087843,2209.731667,44908.053190999985,172.52057499999998,0.26851600000000003,30326,76649.780249
27,70.085786,0.050468,28253.183192000004,990.087843,2209.731667,44913.06770799999,172.52057499999998,0.26851600000000003,30326,76660.13066
27,70.085786,0.050468,28253.183192000004,990.087843,2209.731667,44918.085174999986,172.52057499999998,0.26851600000000003,30326,76670.490421
27,70.085786,0.050468,28253.183192000004,990.087843,2209.731667,44923.099657999985,172.52057499999998,0.26851600000000003,30326,76680.846692
27,70.085786,0.050468,28253.183192000004,990.087843,2209.731667,44928.11458999998,172.52057499999998,0.26851600000000003,30326,76691.198656
27,70.085786,0.050468,28253.183192000004,990.087843,2209.731667,44933.13216699998,172.52057499999998,0.26851600000000003,30326,76701.553709
27,70.085786,0.050468,28253.183192000004,990.087843,2209.731667,44938.14966699998,172.52057499999998,0.26851600000000003,30326,76711.902638
27,70.085786,0.050468,28253.183192000004,990.087843,2209.731667,44943.164157999985,172.52057499999998,0.26851600000000003,30326,76722.250645
27,70.085786,0.050468,28253.183192000004,990.087843,2209.731667,44948.178539999986,172.52057499999998,0.26851600000000003,30326,76732.598579
27,70.085786,0.050468,28253.183192000004,990.087843,2209.731667,44953.19346899998,172.52057499999998,0.26851600000000003,30326,76742.946668
27,70.085786,0.050468,28253.183192000004,990.087843,2209.731667,44958.207917999986,172.52057499999998,0.26851600000000003,30326,76753.29062
27,70.085786,0.050468,28253.183192000004,990.087843,2209.731667,44963.22533099999,172.52057499999998,0.26851600000000003,30326,76763.651285
27,70.085786,0.050468,28253.183192000004,990.087843,2209.731667,44968.240350999986,172.52057499999998,0.26851600000000003,30326,76774.002666
27,70.085786,0.050468,28253.183192000004,990.087843,2209.731667,44973.257953999986,172.52057499999998,0.26851600000000003,30326,76784.356346
27,70.085786,0.050468,28253.183192000004,990.087843,2209.731667,44978.275485999984,172.52057499999998,0.26851600000000003,30326,76794.708825
27,70.085786,0.050468,28253.183192000004,990.087843,2209.731667,44983.29256899998,172.52057499999998,0.26851600000000003,30326,76805.066547
27,70.085786,0.050468,28253.183192000004,990.087843,2209.731667,44988.30995199998,172.52057499999998,0.26851600000000003,30326,76815.419224
27,70.085786,0.050468,28253.183192000004,990.087843,2209.731667,44993.32728999998,172.52057499999998,0.26851600000000003,30326,76825.778266
27,70.085786,0.050468,28253.183192000004,990.087843,2209.731667,44998.34159899998,172.52057499999998,0.26851600000000003,30326,76836.126671
27,70.085786,0.050468,28253.183192000004,990.087843,2209.731667,45003.359127999975,172.52057499999998,0.26851600000000003,30326,76846.482628
27,70.085786,0.050468,28253.183192000004,990.087843,2209.731667,45008.37699399998,172.52057499999998,0.26851600000000003,30326,76856.834942
27,70.085786,0.050468,28253.183192000004,990.087843,2209.731667,45013.39451499998,172.52057499999998,0.26851600000000003,30326,76867.189715
27,70.085786,0.050468,28253.183192000004,990.087843,2209.731667,45018.40908699998,172.52057499999998,0.26851600000000003,30326,76877.542708
27,70.085786,0.050468,28253.183192000004,990.087843,2209.731667,45023.42262499998,172.52057499999998,0.26851600000000003,30326,76887.894637
27,70.085786,0.050468,28253.183192000004,990.087843,2209.731667,45028.44053599998,172.52057499999998,0.26851600000000003,30326,76898.247011
27,70.085786,0.050468,28253.183192000004,990.087843,2209.731667,45033.45504799998,172.52057499999998,0.26851600000000003,30326,76908.59472
27,70.085786,0.050468,28253.183192000004,990.087843,2209.731667,45038.47242899998,172.52057499999998,0.26851600000000003,30326,76918.949816
27,70.085786,0.050468,28253.183192000004,990.087843,2209.731667,45043.48908199998,172.52057499999998,0.26851600000000003,30326,76929.302654
27,70.085786,0.050468,28253.183192000004,990.087843,2209.731667,45048.50650799998,172.52057499999998,0.26851600000000003,30326,76939.653612
27,70.085786,0.050468,28253.183192000004,990.087843,2209.731667,45053.522102999974,172.52057499999998,0.26851600000000003,30326,76950.010657
27,70.085786,0.050468,28253.183192000004,990.087843,2209.731667,45058.53660399997,172.52057499999998,0.26851600000000003,30326,76960.362686
27,70.085786,0.050468,28253.183192000004,990.087843,2209.731667,45063.55418499997,172.52057499999998,0.26851600000000003,30326,76970.714666
27,70.085786,0.050468,28253.183192000004,990.087843,2209.731667,45068.571711999975,172.52057499999998,0.26851600000000003,30326,76981.070664
27,70.085786,0.050468,28253.183192000004,990.087843,2209.731667,45073.58931799998,172.52057499999998,0.26851600000000003,30326,76991.422734
27,70.085786,0.050468,28253.183192000004,990.087843,2209.731667,45078.60683899998,172.52057499999998,0.26851600000000003,30326,77001.777691
27,70.085786,0.050468,28253.183192000004,990.087843,2209.731667,45083.621702999975,172.52057499999998,0.26851600000000003,30326,77012.130735
27,70.085786,0.050468,28253.183192000004,990.087843,2209.731667,45088.63622099998,172.52057499999998,0.26851600000000003,30326,77022.478693
27,70.085786,0.050468,28253.183192000004,990.087843,2209.731667,45093.65208799998,172.52057499999998,0.26851600000000003,30326,77032.834685
27,70.085786,0.050468,28253.183192000004,990.087843,2209.731667,45098.66614599998,172.52057499999998,0.26851600000000003,30326,77043.190654
27,70.085786,0.050468,28253.183192000004,990.087843,2209.731667,45103.68161899998,172.52057499999998,0.26851600000000003,30326,77053.550782
27,70.085786,0.050468,28253.183192000004,990.087843,2209.731667,45108.69491899998,172.52057499999998,0.26851600000000003,30326,77063.900576
27,70.085786,0.050468,28253.183192000004,990.087843,2209.731667,45113.71150299998,172.52057499999998,0.26851600000000003,30326,77074.254657
27,70.085786,0.050468,28253.183192000004,990.087843,2209.731667,45118.72603199998,172.52057499999998,0.26851600000000003,30326,77084.602664
27,70.085786,0.050468,28253.183192000004,990.087843,2209.731667,45123.743562999975,172.52057499999998,0.26851600000000003,30326,77094.956931
27,70.085786,0.050468,28253.183192000004,990.087843,2209.731667,45128.75867899998,172.52057499999998,0.26851600000000003,30326,77105.306683
27,70.085786,0.050468,28253.183192000004,990.087843,2209.731667,45133.77589699998,172.52057499999998,0.26851600000000003,30326,77115.663871
27,70.085786,0.050468,28253.183192000004,990.087843,2209.731667,45138.79049499998,172.52057499999998,0.26851600000000003,30326,77126.018764
27,70.085786,0.050468,28253.183192000004,990.087843,2209.731667,45143.80334099998,172.52057499999998,0.26851600000000003,30326,77136.369947
27,70.085786,0.050468,28253.183192000004,990.087843,2209.731667,45148.81785899998,172.52057499999998,0.26851600000000003,30326,77146.718646
27,70.085786,0.050468,28253.183192000004,990.087843,2209.731667,45153.83288699998,172.52057499999998,0.26851600000000003,30326,77157.074676
27,70.085786,0.050468,28253.183192000004,990.087843,2209.731667,45158.84827099998,172.52057499999998,0.26851600000000003,30326,77167.426625
27,70.085786,0.050468,28253.183192000004,990.087843,2209.731667,45163.86602699998,172.52057499999998,0.26851600000000003,30326,77177.78368
27,70.085786,0.050468,28253.183192000004,990.087843,2209.731667,45168.881165999985,172.52057499999998,0.26851600000000003,30326,77188.134683
27,70.085786,0.050468,28253.183192000004,990.087843,2209.731667,45173.895784999986,172.52057499999998,0.26851600000000003,30326,77198.482774
27,70.085786,0.050468,28253.183192000004,990.087843,2209.731667,45178.91336899999,172.52057499999998,0.26851600000000003,30326,77208.837934
27,70.085786,0.050468,28253.183192000004,990.087843,2209.731667,45183.93080099999,172.52057499999998,0.26851600000000003,30326,77219.189604
27,70.085786,0.050468,28253.183192000004,990.087843,2209.731667,45188.94539999999,172.52057499999998,0.26851600000000003,30326,77229.542454
27,70.085786,0.050468,28253.183192000004,990.087843,2209.731667,45193.95985599999,172.52057499999998,0.26851600000000003,30326,77239.896418
27,70.085786,0.050468,28253.183192000004,990.087843,2209.731667,45198.97717899999,172.52057499999998,0.26851600000000003,30326,77250.253464
27,70.085786,0.050468,28253.183192000004,990.087843,2209.731667,45203.994733999985,172.52057499999998,0.26851600000000003,30326,77260.606674
27,70.085786,0.050468,28253.183192000004,990.087843,2209.731667,45209.00924499999,172.52057499999998,0.26851600000000003,30326,77270.954649
27,70.085786,0.050468,28253.183192000004,990.087843,2209.731667,45214.026909999986,172.52057499999998,0.26851600000000003,30326,77281.306661
27,70.085786,0.050468,28253.183192000004,990.087843,2209.731667,45219.04352999999,172.52057499999998,0.26851600000000003,30326,77291.662655
27,70.085786,0.050468,28253.183192000004,990.087843,2209.731667,45224.06109599999,172.52057499999998,0.26851600000000003,30326,77302.018673
27,70.085786,0.050468,28253.183192000004,990.087843,2209.731667,45229.07700799999,172.52057499999998,0.26851600000000003,30326,77312.370609
27,70.085786,0.050468,28253.183192000004,990.087843,2209.731667,45234.09455699999,172.52057499999998,0.26851600000000003,30326,77322.725755
27,70.085786,0.050468,28253.183192000004,990.087843,2209.731667,45239.11195699999,172.52057499999998,0.26851600000000003,30326,77333.078297
27,70.085786,0.050468,28253.183192000004,990.087843,2209.731667,45244.12644599999,172.52057499999998,0.26851600000000003,30326,77343.426633
27,70.085786,0.050468,28253.183192000004,990.087843,2209.731667,45249.14089199999,172.52057499999998,0.26851600000000003,30326,77353.774663
27,70.085786,0.050468,28253.183192000004,990.087843,2209.731667,45254.15598199999,172.52057499999998,0.26851600000000003,30326,77364.126669
27,70.085786,0.050468,28253.183192000004,990.087843,2209.731667,45259.17105399999,172.52057499999998,0.26851600000000003,30326,77374.482655
27,70.085786,0.050468,28253.183192000004,990.087843,2209.731667,45264.18854399999,172.52057499999998,0.26851600000000003,30326,77384.834624
27,70.085786,0.050468,28253.183192000004,990.087843,2209.731667,45269.20606999999,172.52057499999998,0.26851600000000003,30326,77395.189454
27,70.085786,0.050468,28253.183192000004,990.087843,2209.731667,45274.22360199999,172.52057499999998,0.26851600000000003,30326,77405.546651
27,70.085786,0.050468,28253.183192000004,990.087843,2209.731667,45279.23849699999,172.52057499999998,0.26851600000000003,30326,77415.906671
27,70.085786,0.050468,28253.183192000004,990.087843,2209.731667,45284.25618199999,172.52057499999998,0.26851600000000003,30326,77426.258782
27,70.085786,0.050468,28253.183192000004,990.087843,2209.731667,45289.27190899999,172.52057499999998,0.26851600000000003,30326,77436.614646
27,70.085786,0.050468,28253.183192000004,990.087843,2209.731667,45294.28961899999,172.52057499999998,0.26851600000000003,30326,77446.966681
27,70.085786,0.050468,28253.183192000004,990.087843,2209.731667,45299.30705899999,172.52057499999998,0.26851600000000003,30326,77457.317602
27,70.085786,0.050468,28253.183192000004,990.087843,2209.731667,45304.324646999994,172.52057499999998,0.26851600000000003,30326,77467.670667
27,70.085786,0.050468,28253.183192000004,990.087843,2209.731667,45309.34226799999,172.52057499999998,0.26851600000000003,30326,77478.022679
27,70.085786,0.050468,28253.183192000004,990.087843,2209.731667,45314.35627499999,172.52057499999998,0.26851600000000003,30326,77488.374498
27,70.085786,0.050468,28253.183192000004,990.087843,2209.731667,45319.37358099999,172.52057499999998,0.26851600000000003,30326,77498.731071
27,70.085786,0.050468,28253.183192000004,990.087843,2209.731667,45324.388072999995,172.52057499999998,0.26851600000000003,30326,77509.086664
27,70.085786,0.050468,28253.183192000004,990.087843,2209.731667,45329.404821,172.52057499999998,0.26851600000000003,30326,77519.438643
27,70.085786,0.050468,28253.183192000004,990.087843,2209.731667,45334.422555,172.52057499999998,0.26851600000000003,30326,77529.790763
27,70.085786,0.050468,28253.183192000004,990.087843,2209.731667,45339.437073999994,172.52057499999998,0.26851600000000003,30326,77540.142676
27,70.085786,0.050468,28253.183192000004,990.087843,2209.731667,45344.45263099999,172.52057499999998,0.26851600000000003,30326,77550.494635
27,70.085786,0.050468,28253.183192000004,990.087843,2209.731667,45349.470279999994,172.52057499999998,0.26851600000000003,30326,77560.849837
27,70.085786,0.050468,28253.183192000004,990.087843,2209.731667,45354.48476299999,172.52057499999998,0.26851600000000003,30326,77571.202639
27,70.085786,0.050468,28253.183192000004,990.087843,2209.731667,45359.49926299999,172.52057499999998,0.26851600000000003,30326,77581.554655
27,70.085786,0.050468,28253.183192000004,990.087843,2209.731667,45364.51663499999,172.52057499999998,0.26851600000000003,30326,77591.909502
27,70.085786,0.050468,28253.183192000004,990.087843,2209.731667,45369.534027999995,172.52057499999998,0.26851600000000003,30326,77602.265527
27,70.085786,0.050468,28253.183192000004,990.087843,2209.731667,45374.55134799999,172.52057499999998,0.26851600000000003,30326,77612.620178
27,70.085786,0.050468,28253.183192000004,990.087843,2209.731667,45379.56877199999,172.52057499999998,0.26851600000000003,30326,77622.969447
27,70.085786,0.050468,28253.183192000004,990.087843,2209.731667,45384.583246999995,172.52057499999998,0.26851600000000003,30326,77633.318644
27,70.085786,0.050468,28253.183192000004,990.087843,2209.731667,45389.59770699999,172.52057499999998,0.26851600000000003,30326,77643.666648
27,70.085786,0.050468,28253.183192000004,990.087843,2209.731667,45394.61424599999,172.52057499999998,0.26851600000000003,30326,77654.018662
27,70.085786,0.050468,28253.183192000004,990.087843,2209.731667,45399.63181799999,172.52057499999998,0.26851600000000003,30326,77664.370638
27,70.085786,0.050468,28253.183192000004,990.087843,2209.731667,45404.646315999984,172.52057499999998,0.26851600000000003,30326,77674.726642
27,70.085786,0.050468,28253.183192000004,990.087843,2209.731667,45409.66124999998,172.52057499999998,0.26851600000000003,30326,77685.082641
27,70.085786,0.050468,28253.183192000004,990.087843,2209.731667,45414.678645999986,172.52057499999998,0.26851600000000003,30326,77695.443055
27,70.085786,0.050468,28253.183192000004,990.087843,2209.731667,45419.69311699999,172.52057499999998,0.26851600000000003,30326,77705.794625
27,70.085786,0.050468,28253.183192000004,990.087843,2209.731667,45424.707699999984,172.52057499999998,0.26851600000000003,30326,77716.142753
27,70.085786,0.050468,28253.183192000004,990.087843,2209.731667,45429.722935999984,172.52057499999998,0.26851600000000003,30326,77726.494687
27,70.085786,0.050468,28253.183192000004,990.087843,2209.731667,45434.74067499999,172.52057499999998,0.26851600000000003,30326,77736.846759
27,70.085786,0.050468,28253.183192000004,990.087843,2209.731667,45439.75822199999,172.52057499999998,0.26851600000000003,30326,77747.206643
27,70.085786,0.050468,28253.183192000004,990.087843,2209.731667,45444.77337799999,172.52057499999998,0.26851600000000003,30326,77757.558659
27,70.085786,0.050468,28253.183192000004,990.087843,2209.731667,45449.79111699999,172.52057499999998,0.26851600000000003,30326,77767.910869
27,70.085786,0.050468,28253.183192000004,990.087843,2209.731667,45454.80864799999,172.52057499999998,0.26851600000000003,30326,77778.266656
27,70.085786,0.050468,28253.183192000004,990.087843,2209.731667,45459.82627099999,172.52057499999998,0.26851600000000003,30326,77788.622705
27,70.085786,0.050468,28253.183192000004,990.087843,2209.731667,45464.840701999994,172.52057499999998,0.26851600000000003,30326,77798.970626
27,70.085786,0.050468,28253.183192000004,990.087843,2209.731667,45469.85388799999,172.52057499999998,0.26851600000000003,30326,77809.31732
27,70.085786,0.050468,28253.183192000004,990.087843,2209.731667,45474.86870199999,172.52057499999998,0.26851600000000003,30326,77819.670657
27,70.085786,0.050468,28253.183192000004,990.087843,2209.731667,45479.886032999995,172.52057499999998,0.26851600000000003,30326,77830.021498
27,70.085786,0.050468,28253.183192000004,990.087843,2209.731667,45484.903228999996,172.52057499999998,0.26851600000000003,30326,77840.370675
27,70.085786,0.050468,28253.183192000004,990.087843,2209.731667,45489.917670999996,172.52057499999998,0.26851600000000003,30326,77850.722669
27,70.085786,0.050468,28253.183192000004,990.087843,2209.731667,45494.932197999995,172.52057499999998,0.26851600000000003,30326,77861.070671
27,70.085786,0.050468,28253.183192000004,990.087843,2209.731667,45499.94790299999,172.52057499999998,0.26851600000000003,30326,77871.422685
27,70.085786,0.050468,28253.183192000004,990.087843,2209.731667,45504.962502999995,172.52057499999998,0.26851600000000003,30326,77881.774744
27,70.085786,0.050468,28253.183192000004,990.087843,2209.731667,45509.97996999999,172.52057499999998,0.26851600000000003,30326,77892.134578
27,70.085786,0.050468,28253.183192000004,990.087843,2209.731667,45514.99741699999,172.52057499999998,0.26851600000000003,30326,77902.489272
27,70.085786,0.050468,28253.183192000004,990.087843,2209.731667,45520.01511799999,172.52057499999998,0.26851600000000003,30326,77912.84664
27,70.085786,0.050468,28253.183192000004,990.087843,2209.731667,45525.03007799999,172.52057499999998,0.26851600000000003,30326,77923.198708
27,70.085786,0.050468,28253.183192000004,990.087843,2209.731667,45530.04743799999,172.52057499999998,0.26851600000000003,30326,77933.55751
27,70.085786,0.050468,28253.183192000004,990.087843,2209.731667,45535.065010999984,172.52057499999998,0.26851600000000003,30326,77943.906664
27,70.085786,0.050468,28253.183192000004,990.087843,2209.731667,45540.08275899998,172.52057499999998,0.26851600000000003,30326,77954.262051
27,70.085786,0.050468,28253.183192000004,990.087843,2209.731667,45545.10035799998,172.52057499999998,0.26851600000000003,30326,77964.615483
27,70.085786,0.050468,28253.183192000004,990.087843,2209.731667,45550.11484699998,172.52057499999998,0.26851600000000003,30326,77974.962676
27,70.085786,0.050468,28253.183192000004,990.087843,2209.731667,45555.129358999984,172.52057499999998,0.26851600000000003,30326,77985.310684
27,70.085786,0.050468,28253.183192000004,990.087843,2209.731667,45560.14684299999,172.52057499999998,0.26851600000000003,30326,77995.664237
27,70.085786,0.050468,28253.183192000004,990.087843,2209.731667,45565.164477999984,172.52057499999998,0.26851600000000003,30326,78006.017809
27,70.085786,0.050468,28253.183192000004,990.087843,2209.731667,45570.17882399999,172.52057499999998,0.26851600000000003,30326,78016.36648
27,70.085786,0.050468,28253.183192000004,990.087843,2209.731667,45575.19243399999,172.52057499999998,0.26851600000000003,30326,78026.721277
27,70.085786,0.050468,28253.183192000004,990.087843,2209.731667,45580.20770599999,172.52057499999998,0.26851600000000003,30326,78037.074675
27,70.085786,0.050468,28253.183192000004,990.087843,2209.731667,45585.22516199999,172.52057499999998,0.26851600000000003,30326,78047.430227
27,70.085786,0.050468,28253.183192000004,990.087843,2209.731667,45590.24271799999,172.52057499999998,0.26851600000000003,30326,78057.782645
27,70.085786,0.050468,28253.183192000004,990.087843,2209.731667,45595.25647399999,172.52057499999998,0.26851600000000003,30326,78068.134623
27,70.085786,0.050468,28253.183192000004,990.087843,2209.731667,45600.27093699999,172.52057499999998,0.26851600000000003,30326,78078.486644
27,70.085786,0.050468,28253.183192000004,990.087843,2209.731667,45605.288852999984,172.52057499999998,0.26851600000000003,30326,78088.839038
27,70.085786,0.050468,28253.183192000004,990.087843,2209.731667,45610.306498999984,172.52057499999998,0.26851600000000003,30326,78099.198691
27,70.085786,0.050468,28253.183192000004,990.087843,2209.731667,45615.31984099998,172.52057499999998,0.26851600000000003,30326,78109.549501
27,70.085786,0.050468,28253.183192000004,990.087843,2209.731667,45620.334464999985,172.52057499999998,0.26851600000000003,30326,78119.89878
27,70.085786,0.050468,28253.183192000004,990.087843,2209.731667,45625.348967999984,172.52057499999998,0.26851600000000003,30326,78130.250683
27,70.085786,0.050468,28253.183192000004,990.087843,2209.731667,45630.36351199998,172.52057499999998,0.26851600000000003,30326,78140.598712
27,70.085786,0.050468,28253.183192000004,990.087843,2209.731667,45635.378780999985,172.52057499999998,0.26851600000000003,30326,78150.954628
27,70.085786,0.050468,28253.183192000004,990.087843,2209.731667,45640.39486299999,172.52057499999998,0.26851600000000003,30326,78161.310656
27,70.085786,0.050468,28253.183192000004,990.087843,2209.731667,45645.41290199999,172.52057499999998,0.26851600000000003,30326,78171.667151
27,70.085786,0.050468,28253.183192000004,990.087843,2209.731667,45650.43014899999,172.52057499999998,0.26851600000000003,30326,78182.022729
27,70.085786,0.050468,28253.183192000004,990.087843,2209.731667,45655.445069999994,172.52057499999998,0.26851600000000003,30326,78192.374717
27,70.085786,0.050468,28253.183192000004,990.087843,2209.731667,45660.459597999994,172.52057499999998,0.26851600000000003,30326,78202.726724
27,70.085786,0.050468,28253.183192000004,990.087843,2209.731667,45665.477006999994,172.52057499999998,0.26851600000000003,30326,78213.081566
27,70.085786,0.050468,28253.183192000004,990.087843,2209.731667,45670.48946999999,172.52057499999998,0.26851600000000003,30326,78223.42815
27,70.085786,0.050468,28253.183192000004,990.087843,2209.731667,45675.506846,172.52057499999998,0.26851600000000003,30326,78233.781683
27,70.085786,0.050468,28253.183192000004,990.087843,2209.731667,45680.524468999996,172.52057499999998,0.26851600000000003,30326,78244.138739
27,70.085786,0.050468,28253.183192000004,990.087843,2209.731667,45685.541572999995,172.52057499999998,0.26851600000000003,30326,78254.495861
27,70.085786,0.050468,28253.183192000004,990.087843,2209.731667,45690.556083999996,172.52057499999998,0.26851600000000003,30326,78264.854691
27,70.085786,0.050468,28253.183192000004,990.087843,2209.731667,45695.573423999995,172.52057499999998,0.26851600000000003,30326,78275.205479
27,70.085786,0.050468,28253.183192000004,990.087843,2209.731667,45700.587899,172.52057499999998,0.26851600000000003,30326,78285.554662
27,70.085786,0.050468,28253.183192000004,990.087843,2209.731667,45705.605484,172.52057499999998,0.26851600000000003,30326,78295.905698
27,70.085786,0.050468,28253.183192000004,990.087843,2209.731667,45710.622865,172.52057499999998,0.26851600000000003,30326,78306.25797
27,70.085786,0.050468,28253.183192000004,990.087843,2209.731667,45715.640586999994,172.52057499999998,0.26851600000000003,30326,78316.610801
27,70.085786,0.050468,28253.183192000004,990.087843,2209.731667,45720.655693999994,172.52057499999998,0.26851600000000003,30326,78326.962641
27,70.085786,0.050468,28253.183192000004,990.087843,2209.731667,45725.67333899999,172.52057499999998,0.26851600000000003,30326,78337.321236
27,70.085786,0.050468,28253.183192000004,990.087843,2209.731667,45730.69084699999,172.52057499999998,0.26851600000000003,30326,78347.674658
27,70.085786,0.050468,28253.183192000004,990.087843,2209.731667,45735.70539899999,172.52057499999998,0.26851600000000003,30326,78358.030718
27,70.085786,0.050468,28253.183192000004,990.087843,2209.731667,45740.72277899999,172.52057499999998,0.26851600000000003,30326,78368.383964
27,70.085786,0.050468,28253.183192000004,990.087843,2209.731667,45745.73729399999,172.52057499999998,0.26851600000000003,30326,78378.734694
27,70.085786,0.050468,28253.183192000004,990.087843,2209.731667,45750.754861999994,172.52057499999998,0.26851600000000003,30326,78389.086651
27,70.085786,0.050468,28253.183192000004,990.087843,2209.731667,45755.77239299999,172.52057499999998,0.26851600000000003,30326,78399.442647
27,70.085786,0.050468,28253.183192000004,990.087843,2209.731667,45760.78991199999,172.52057499999998,0.26851600000000003,30326,78409.790647
27,70.085786,0.050468,28253.183192000004,990.087843,2209.731667,45765.806334999994,172.52057499999998,0.26851600000000003,30326,78420.142757
27,70.085786,0.050468,28253.183192000004,990.087843,2209.731667,45770.82079799999,172.52057499999998,0.26851600000000003,30326,78430.490641
27,70.085786,0.050468,28253.183192000004,990.087843,2209.731667,45775.837766,172.52057499999998,0.26851600000000003,30326,78440.842657
27,70.085786,0.050468,28253.183192000004,990.087843,2209.731667,45780.852313999996,172.52057499999998,0.26851600000000003,30326,78451.194684
27,70.085786,0.050468,28253.183192000004,990.087843,2209.731667,45785.866840999995,172.52057499999998,0.26851600000000003,30326,78461.542699
27,70.085786,0.050468,28253.183192000004,990.087843,2209.731667,45790.884423999996,172.52057499999998,0.26851600000000003,30326,78471.897771
27,70.085786,0.050468,28253.183192000004,990.087843,2209.731667,45795.901960999996,172.52057499999998,0.26851600000000003,30326,78482.250643
27,70.085786,0.050468,28253.183192000004,990.087843,2209.731667,45800.91856499999,172.52057499999998,0.26851600000000003,30326,78492.602749
27,70.085786,0.050468,28253.183192000004,990.087843,2209.731667,45805.93596499999,172.52057499999998,0.26851600000000003,30326,78502.961558
27,70.085786,0.050468,28253.183192000004,990.087843,2209.731667,45810.95347799999,172.52057499999998,0.26851600000000003,30326,78513.309729
27,70.085786,0.050468,28253.183192000004,990.087843,2209.731667,45815.97091099999,172.52057499999998,0.26851600000000003,30326,78523.665607
27,70.085786,0.050468,28253.183192000004,990.087843,2209.731667,45820.98600799999,172.52057499999998,0.26851600000000003,30326,78534.018658
27,70.085786,0.050468,28253.183192000004,990.087843,2209.731667,45826.002477999995,172.52057499999998,0.26851600000000003,30326,78544.374632
27,70.085786,0.050468,28253.183192000004,990.087843,2209.731667,45831.017039,172.52057499999998,0.26851600000000003,30326,78554.726716
27,70.085786,0.050468,28253.183192000004,990.087843,2209.731667,45895.050569,172.52057499999998,0.26851600000000003,30326,78624.098668
27,70.085786,0.050468,28253.183192000004,990.087843,2209.731667,45900.064197,172.52057499999998,0.26851600000000003,30326,78629.112383
27,70.085786,0.050468,28253.183192000004,990.087843,2209.731667,45905.081735,172.52057499999998,0.26851600000000003,30326,78634.130014
27,70.085786,0.050468,28253.183192000004,990.087843,2209.731667,45910.096172,172.52057499999998,0.26851600000000003,30326,78644.47864
27,70.085786,0.050468,28253.183192000004,990.087843,2209.731667,45915.112832,172.52057499999998,0.26851600000000003,30326,78654.830727
27,70.085786,0.050468,28253.183192000004,990.087843,2209.731667,45920.130402,172.52057499999998,0.26851600000000003,30326,78665.190716
27,70.085786,0.050468,28253.183192000004,990.087843,2209.731667,45925.143486,172.52057499999998,0.26851600000000003,30326,78675.55249
27,70.085786,0.050468,28253.183192000004,990.087843,2209.731667,45930.157205,172.52057499999998,0.26851600000000003,30326,78685.902664
27,70.085786,0.050468,28253.183192000004,990.087843,2209.731667,45935.174379000004,172.52057499999998,0.26851600000000003,30326,78696.253302
27,70.085786,0.050468,28253.183192000004,990.087843,2209.731667,45940.191778,172.52057499999998,0.26851600000000003,30326,78706.610886
27,70.085786,0.050468,28253.183192000004,990.087843,2209.731667,45945.206294,172.52057499999998,0.26851600000000003,30326,78716.954666
27,70.085786,0.050468,28253.183192000004,990.087843,2209.731667,45950.223737,172.52057499999998,0.26851600000000003,30326,78727.310686
27,70.085786,0.050468,28253.183192000004,990.087843,2209.731667,45955.241289,172.52057499999998,0.26851600000000003,30326,78737.661528
27,70.085786,0.050468,28253.183192000004,990.087843,2209.731667,45960.258812,172.52057499999998,0.26851600000000003,30326,78748.01867
27,70.085786,0.050468,28253.183192000004,990.087843,2209.731667,45965.276568,172.52057499999998,0.26851600000000003,30326,78758.37074
27,70.085786,0.050468,28253.183192000004,990.087843,2209.731667,45970.29112,172.52057499999998,0.26851600000000003,30326,78768.718684
27,70.085786,0.050468,28253.183192000004,990.087843,2209.731667,45975.308316,172.52057499999998,0.26851600000000003,30326,78779.077327
27,70.085786,0.050468,28253.183192000004,990.087843,2209.731667,45980.322859,172.52057499999998,0.26851600000000003,30326,78789.422709
27,70.085786,0.050468,28253.183192000004,990.087843,2209.731667,45985.340213,172.52057499999998,0.26851600000000003,30326,78799.779349
27,70.085786,0.050468,28253.183192000004,990.087843,2209.731667,45990.357606000005,172.52057499999998,0.26851600000000003,30326,78810.133556
27,70.085786,0.050468,28253.183192000004,990.087843,2209.731667,45995.372125,172.52057499999998,0.26851600000000003,30326,78820.48668
27,70.085786,0.050468,28253.183192000004,990.087843,2209.731667,46000.387731,172.52057499999998,0.26851600000000003,30326,78830.842671
27,70.085786,0.050468,28253.183192000004,990.087843,2209.731667,46005.404981,172.52057499999998,0.26851600000000003,30326,78841.193395
27,70.085786,0.050468,28253.183192000004,990.087843,2209.731667,46010.421192,172.52057499999998,0.26851600000000003,30326,78851.545154
27,70.085786,0.050468,28253.183192000004,990.087843,2209.731667,46015.435706000004,172.52057499999998,0.26851600000000003,30326,78861.894665
27,70.085786,0.050468,28253.183192000004,990.087843,2209.731667,46020.453353000004,172.52057499999998,0.26851600000000003,30326,78872.246749
27,70.085786,0.050468,28253.183192000004,990.087843,2209.731667,46025.467855,172.52057499999998,0.26851600000000003,30326,78882.598669
27,70.085786,0.050468,28253.183192000004,990.087843,2209.731667,46030.485491,172.52057499999998,0.26851600000000003,30326,78892.958704
27,70.085786,0.050468,28253.183192000004,990.087843,2209.731667,46035.500077,172.52057499999998,0.26851600000000003,30326,78903.310746
27,70.085786,0.050468,28253.183192000004,990.087843,2209.731667,46040.51457399999,172.52057499999998,0.26851600000000003,30326,78913.66266
27,70.085786,0.050468,28253.183192000004,990.087843,2209.731667,46045.52911899999,172.52057499999998,0.26851600000000003,30326,78924.010656
27,70.085786,0.050468,28253.183192000004,990.087843,2209.731667,46050.54362199999,172.52057499999998,0.26851600000000003,30326,78934.358734
27,70.085786,0.050468,28253.183192000004,990.087843,2209.731667,46055.55958099999,172.52057499999998,0.26851600000000003,30326,78944.718648
27,70.085786,0.050468,28253.183192000004,990.087843,2209.731667,46060.57482599999,172.52057499999998,0.26851600000000003,30326,78955.070666
27,70.085786,0.050468,28253.183192000004,990.087843,2209.731667,46065.58929899999,172.52057499999998,0.26851600000000003,30326,78965.422754
27,70.085786,0.050468,28253.183192000004,990.087843,2209.731667,46070.60386099999,172.52057499999998,0.26851600000000003,30326,78975.774751
27,70.085786,0.050468,28253.183192000004,990.087843,2209.731667,46075.61910799999,172.52057499999998,0.26851600000000003,30326,78986.126646
27,70.085786,0.050468,28253.183192000004,990.087843,2209.731667,46080.633600999994,172.52057499999998,0.26851600000000003,30326,78996.478665
27,70.085786,0.050468,28253.183192000004,990.087843,2209.731667,46085.64806399999,172.52057499999998,0.26851600000000003,30326,79006.83465
27,70.085786,0.050468,28253.183192000004,990.087843,2209.731667,46090.665753999994,172.52057499999998,0.26851600000000003,30326,79017.189855
27,70.085786,0.050468,28253.183192000004,990.087843,2209.731667,46095.682952999996,172.52057499999998,0.26851600000000003,30326,79027.554795
27,70.085786,0.050468,28253.183192000004,990.087843,2209.731667,46100.70050199999,172.52057499999998,0.26851600000000003,30326,79037.910829
27,70.085786,0.050468,28253.183192000004,990.087843,2209.731667,46105.71634099999,172.52057499999998,0.26851600000000003,30326,79048.262658
27,70.085786,0.050468,28253.183192000004,990.087843,2209.731667,46110.73374199999,172.52057499999998,0.26851600000000003,30326,79058.617582
27,70.085786,0.050468,28253.183192000004,990.087843,2209.731667,46115.74833599999,172.52057499999998,0.26851600000000003,30326,79068.966753
27,70.085786,0.050468,28253.183192000004,990.087843,2209.731667,46120.76582599999,172.52057499999998,0.26851600000000003,30326,79079.321693
27,70.085786,0.050468,28253.183192000004,990.087843,2209.731667,46125.78338099999,172.52057499999998,0.26851600000000003,30326,79089.674652
27,70.085786,0.050468,28253.183192000004,990.087843,2209.731667,46130.79665299998,172.52057499999998,0.26851600000000003,30326,79100.026471
27,70.085786,0.050468,28253.183192000004,990.087843,2209.731667,46135.81392999998,172.52057499999998,0.26851600000000003,30326,79110.377442
27,70.085786,0.050468,28253.183192000004,990.087843,2209.731667,46140.82903999998,172.52057499999998,0.26851600000000003,30326,79120.730704
27,70.085786,0.050468,28253.183192000004,990.087843,2209.731667,46145.84328899998,172.52057499999998,0.26851600000000003,30326,79131.086674
27,70.085786,0.050468,28253.183192000004,990.087843,2209.731667,46150.85908999998,172.52057499999998,0.26851600000000003,30326,79141.438743
27,70.085786,0.050468,28253.183192000004,990.087843,2209.731667,46155.873580999985,172.52057499999998,0.26851600000000003,30326,79151.790648
27,70.085786,0.050468,28253.183192000004,990.087843,2209.731667,46160.88919399999,172.52057499999998,0.26851600000000003,30326,79162.142671
27,70.085786,0.050468,28253.183192000004,990.087843,2209.731667,46165.90366399999,172.52057499999998,0.26851600000000003,30326,79172.494628
27,70.085786,0.050468,28253.183192000004,990.087843,2209.731667,46170.91808999999,172.52057499999998,0.26851600000000003,30326,79182.84263
27,70.085786,0.050468,28253.183192000004,990.087843,2209.731667,46175.930968999994,172.52057499999998,0.26851600000000003,30326,79193.193022
27,70.085786,0.050468,28253.183192000004,990.087843,2209.731667,46240.48619399999,172.52057499999998,0.26851600000000003,30326,79263.087391
27,70.085786,0.050468,28253.183192000004,990.087843,2209.731667,46245.50058899999,172.52057499999998,0.26851600000000003,30326,79268.101907
27,70.085786,0.050468,28253.183192000004,990.087843,2209.731667,46250.51937899999,172.52057499999998,0.26851600000000003,30326,79273.120835
27,70.085786,0.050468,28253.183192000004,990.087843,2209.731667,46255.53395499999,172.52057499999998,0.26851600000000003,30326,79283.474739
27,70.085786,0.050468,28253.183192000004,990.087843,2209.731667,46260.55142399999,172.52057499999998,0.26851600000000003,30326,79293.825633
27,70.085786,0.050468,28253.183192000004,990.087843,2209.731667,46265.56890999999,172.52057499999998,0.26851600000000003,30326,79304.177676
27,70.085786,0.050468,28253.183192000004,990.087843,2209.731667,46270.58609299999,172.52057499999998,0.26851600000000003,30326,79314.538688
27,70.085786,0.050468,28253.183192000004,990.087843,2209.731667,46275.60416999999,172.52057499999998,0.26851600000000003,30326,79324.907142
27,70.085786,0.050468,28253.183192000004,990.087843,2209.731667,46280.618686999995,172.52057499999998,0.26851600000000003,30326,79335.262674
27,70.085786,0.050468,28253.183192000004,990.087843,2209.731667,46285.63690899999,172.52057499999998,0.26851600000000003,30326,79345.622522
27,70.085786,0.050468,28253.183192000004,990.087843,2209.731667,46290.65151399999,172.52057499999998,0.26851600000000003,30326,79355.970772
27,70.085786,0.050468,28253.183192000004,990.087843,2209.731667,46295.66912599999,172.52057499999998,0.26851600000000003,30326,79366.326665
27,70.085786,0.050468,28253.183192000004,990.087843,2209.731667,46300.68507299999,172.52057499999998,0.26851600000000003,30326,79376.682766
27,70.085786,0.050468,28253.183192000004,990.087843,2209.731667,46305.69957599999,172.52057499999998,0.26851600000000003,30326,79387.030689
27,70.085786,0.050468,28253.183192000004,990.087843,2209.731667,46310.71686999999,172.52057499999998,0.26851600000000003,30326,79397.381463
27,70.085786,0.050468,28253.183192000004,990.087843,2209.731667,46315.73415299999,172.52057499999998,0.26851600000000003,30326,79407.733468
27,70.085786,0.050468,28253.183192000004,990.087843,2209.731667,46320.75178399999,172.52057499999998,0.26851600000000003,30326,79418.085785
27,70.085786,0.050468,28253.183192000004,990.087843,2209.731667,46325.76923299999,172.52057499999998,0.26851600000000003,30326,79428.438677
27,70.085786,0.050468,28253.183192000004,990.087843,2209.731667,46330.78710799999,172.52057499999998,0.26851600000000003,30326,79438.794157
27,70.085786,0.050468,28253.183192000004,990.087843,2209.731667,46335.80158199999,172.52057499999998,0.26851600000000003,30326,79449.150668
27,70.085786,0.050468,28253.183192000004,990.087843,2209.731667,46340.81883299999,172.52057499999998,0.26851600000000003,30326,79459.510701
27,70.085786,0.050468,28253.183192000004,990.087843,2209.731667,46345.83334499999,172.52057499999998,0.26851600000000003,30326,79469.866724
27,70.085786,0.050468,28253.183192000004,990.087843,2209.731667,46350.85077399999,172.52057499999998,0.26851600000000003,30326,79480.228468
27,70.085786,0.050468,28253.183192000004,990.087843,2209.731667,46355.86530899999,172.52057499999998,0.26851600000000003,30326,79490.574717
27,70.085786,0.050468,28253.183192000004,990.087843,2209.731667,46360.879795999994,172.52057499999998,0.26851600000000003,30326,79500.934682
27,70.085786,0.050468,28253.183192000004,990.087843,2209.731667,46365.895232999996,172.52057499999998,0.26851600000000003,30326,79511.286697
27,70.085786,0.050468,28253.183192000004,990.087843,2209.731667,46370.909708,172.52057499999998,0.26851600000000003,30326,79521.642656
27,70.085786,0.050468,28253.183192000004,990.087843,2209.731667,46375.926538,172.52057499999998,0.26851600000000003,30326,79531.994661
27,70.085786,0.050468,28253.183192000004,990.087843,2209.731667,46380.940715,172.52057499999998,0.26851600000000003,30326,79542.358563
27,70.085786,0.050468,28253.183192000004,990.087843,2209.731667,46385.958391,172.52057499999998,0.26851600000000003,30326,79552.714729
27,70.085786,0.050468,28253.183192000004,990.087843,2209.731667,46390.972881,172.52057499999998,0.26851600000000003,30326,79563.078692
27,70.085786,0.050468,28253.183192000004,990.087843,2209.731667,46395.991004,172.52057499999998,0.26851600000000003,30326,79573.443282
27,70.085786,0.050468,28253.183192000004,990.087843,2209.731667,46401.005602000005,172.52057499999998,0.26851600000000003,30326,79583.794767
27,70.085786,0.050468,28253.183192000004,990.087843,2209.731667,46406.020090000005,172.52057499999998,0.26851600000000003,30326,79594.146705
27,70.085786,0.050468,28253.183192000004,990.087843,2209.731667,46411.034568,172.52057499999998,0.26851600000000003,30326,79604.494676
27,70.085786,0.050468,28253.183192000004,990.087843,2209.731667,46416.052555,172.52057499999998,0.26851600000000003,30326,79614.847126
27,70.085786,0.050468,28253.183192000004,990.087843,2209.731667,46421.069959,172.52057499999998,0.26851600000000003,30326,79625.205584
27,70.085786,0.050468,28253.183192000004,990.087843,2209.731667,46426.084448,172.52057499999998,0.26851600000000003,30326,79635.558688
27,70.085786,0.050468,28253.183192000004,990.087843,2209.731667,46431.102023,172.52057499999998,0.26851600000000003,30326,79645.921662
27,70.085786,0.050468,28253.183192000004,990.087843,2209.731667,46436.119682,172.52057499999998,0.26851600000000003,30326,79656.282772
27,70.085786,0.050468,28253.183192000004,990.087843,2209.731667,46441.137163,172.52057499999998,0.26851600000000003,30326,79666.638557
27,70.085786,0.050468,28253.183192000004,990.087843,2209.731667,46446.151705,172.52057499999998,0.26851600000000003,30326,79676.986664
27,70.085786,0.050468,28253.183192000004,990.087843,2209.731667,46451.165835,172.52057499999998,0.26851600000000003,30326,79687.338768
27,70.085786,0.050468,28253.183192000004,990.087843,2209.731667,46456.180291,172.52057499999998,0.26851600000000003,30326,79697.69867
27,70.085786,0.050468,28253.183192000004,990.087843,2209.731667,46461.19764699999,172.52057499999998,0.26851600000000003,30326,79708.045617
27,70.085786,0.050468,28253.183192000004,990.087843,2209.731667,46466.212137999995,172.52057499999998,0.26851600000000003,30326,79718.39469
27,70.085786,0.050468,28253.183192000004,990.087843,2209.731667,46471.226524,172.52057499999998,0.26851600000000003,30326,79728.750654
27,70.085786,0.050468,28253.183192000004,990.087843,2209.731667,46476.241465,172.52057499999998,0.26851600000000003,30326,79739.102706
27,70.085786,0.050468,28253.183192000004,990.087843,2209.731667,46481.258062,172.52057499999998,0.26851600000000003,30326,79749.458636
27,70.085786,0.050468,28253.183192000004,990.087843,2209.731667,46486.275524000004,172.52057499999998,0.26851600000000003,30326,79759.818623
27,70.085786,0.050468,28253.183192000004,990.087843,2209.731667,46491.29003900001,172.52057499999998,0.26851600000000003,30326,79770.174707
27,70.085786,0.050468,28253.183192000004,990.087843,2209.731667,46496.304710000004,172.52057499999998,0.26851600000000003,30326,79780.526837
27,70.085786,0.050468,28253.183192000004,990.087843,2209.731667,46501.322223,172.52057499999998,0.26851600000000003,30326,79790.886719
27,70.085786,0.050468,28253.183192000004,990.087843,2209.731667,46506.33672,172.52057499999998,0.26851600000000003,30326,79801.238691
27,70.085786,0.050468,28253.183192000004,990.087843,2209.731667,46511.351276,172.52057499999998,0.26851600000000003,30326,79811.590792
27,70.085786,0.050468,28253.183192000004,990.087843,2209.731667,46516.365687,172.52057499999998,0.26851600000000003,30326,79821.942661
27,70.085786,0.050468,28253.183192000004,990.087843,2209.731667,46521.380146999996,172.52057499999998,0.26851600000000003,30326,79832.294652
27,70.085786,0.050468,28253.183192000004,990.087843,2209.731667,46526.398021999994,172.52057499999998,0.26851600000000003,30326,79842.650666
27,70.085786,0.050468,28253.183192000004,990.087843,2209.731667,46531.415549,172.52057499999998,0.26851600000000003,30326,79853.008852
27,70.085786,0.050468,28253.183192000004,990.087843,2209.731667,46536.42925,172.52057499999998,0.26851600000000003,30326,79863.362736
27,70.085786,0.050468,28253.183192000004,990.087843,2209.731667,46541.443721,172.52057499999998,0.26851600000000003,30326,79873.710628
27,70.085786,0.050468,28253.183192000004,990.087843,2209.731667,46546.46122600001,172.52057499999998,0.26851600000000003,30326,79884.064718
27,70.085786,0.050468,28253.183192000004,990.087843,2209.731667,46551.47881700001,172.52057499999998,0.26851600000000003,30326,79894.421784
27,70.085786,0.050468,28253.183192000004,990.087843,2209.731667,46556.49328200001,172.52057499999998,0.26851600000000003,30326,79904.774641
27,70.085786,0.050468,28253.183192000004,990.087843,2209.731667,46561.50831100001,172.52057499999998,0.26851600000000003,30326,79915.126796
27,70.085786,0.050468,28253.183192000004,990.087843,2209.731667,46566.52579600001,172.52057499999998,0.26851600000000003,30326,79925.48167
27,70.085786,0.050468,28253.183192000004,990.087843,2209.731667,46571.54378400001,172.52057499999998,0.26851600000000003,30326,79935.835126
27,70.085786,0.050468,28253.183192000004,990.087843,2209.731667,46576.558260000005,172.52057499999998,0.26851600000000003,30326,79946.190658
27,70.085786,0.050468,28253.183192000004,990.087843,2209.731667,46581.575776000005,172.52057499999998,0.26851600000000003,30326,79956.542703
27,70.085786,0.050468,28253.183192000004,990.087843,2209.731667,46586.59335,172.52057499999998,0.26851600000000003,30326,79966.898674
27,70.085786,0.050468,28253.183192000004,990.087843,2209.731667,46591.607811,172.52057499999998,0.26851600000000003,30326,79977.250669
27,70.085786,0.050468,28253.183192000004,990.087843,2209.731667,46596.625413,172.52057499999998,0.26851600000000003,30326,79987.601781
27,70.085786,0.050468,28253.183192000004,990.087843,2209.731667,46601.64275,172.52057499999998,0.26851600000000003,30326,79997.962699
27,70.085786,0.050468,28253.183192000004,990.087843,2209.731667,46606.659052999996,172.52057499999998,0.26851600000000003,30326,80008.314639
27,70.085786,0.050468,28253.183192000004,990.087843,2209.731667,46611.676468,172.52057499999998,0.26851600000000003,30326,80018.669612
27,70.085786,0.050468,28253.183192000004,990.087843,2209.731667,46616.69095,172.52057499999998,0.26851600000000003,30326,80029.026646
27,70.085786,0.050468,28253.183192000004,990.087843,2209.731667,46621.708172,172.52057499999998,0.26851600000000003,30326,80039.390755
27,70.085786,0.050468,28253.183192000004,990.087843,2209.731667,46626.725737,172.52057499999998,0.26851600000000003,30326,80049.749725
27,70.085786,0.050468,28253.183192000004,990.087843,2209.731667,46631.743344,172.52057499999998,0.26851600000000003,30326,80060.102769
27,70.085786,0.050468,28253.183192000004,990.087843,2209.731667,46636.757795000005,172.52057499999998,0.26851600000000003,30326,80070.474667
27,70.085786,0.050468,28253.183192000004,990.087843,2209.731667,46641.774239000006,172.52057499999998,0.26851600000000003,30326,80080.842693
27,70.085786,0.050468,28253.183192000004,990.087843,2209.731667,46646.788490000006,172.52057499999998,0.26851600000000003,30326,80091.206527
27,70.085786,0.050468,28253.183192000004,990.087843,2209.731667,46651.80629100001,172.52057499999998,0.26851600000000003,30326,80101.573985
27,70.085786,0.050468,28253.183192000004,990.087843,2209.731667,46656.820381000005,172.52057499999998,0.26851600000000003,30326,80111.946656
27,70.085786,0.050468,28253.183192000004,990.087843,2209.731667,46661.83483200001,172.52057499999998,0.26851600000000003,30326,80122.314686
27,70.085786,0.050468,28253.183192000004,990.087843,2209.731667,46666.84925900001,172.52057499999998,0.26851600000000003,30326,80132.682682
27,70.085786,0.050468,28253.183192000004,990.087843,2209.731667,46671.86387700001,172.52057499999998,0.26851600000000003,30326,80143.054719
27,70.085786,0.050468,28253.183192000004,990.087843,2209.731667,46676.88126600001,172.52057499999998,0.26851600000000003,30326,80153.422698
27,70.085786,0.050468,28253.183192000004,990.087843,2209.731667,46681.89547200001,172.52057499999998,0.26851600000000003,30326,80163.798512
27,70.085786,0.050468,28253.183192000004,990.087843,2209.731667,46686.91350700001,172.52057499999998,0.26851600000000003,30326,80174.15116
27,70.085786,0.050468,28253.183192000004,990.087843,2209.731667,46691.928002000015,172.52057499999998,0.26851600000000003,30326,80184.522773
27,70.085786,0.050468,28253.183192000004,990.087843,2209.731667,46696.94559500001,172.52057499999998,0.26851600000000003,30326,80194.898584
27,70.085786,0.050468,28253.183192000004,990.087843,2209.731667,46701.960026000015,172.52057499999998,0.26851600000000003,30326,80205.266659
27,70.085786,0.050468,28253.183192000004,990.087843,2209.731667,46706.97467100002,172.52057499999998,0.26851600000000003,30326,80215.634736
27,70.085786,0.050468,28253.183192000004,990.087843,2209.731667,46711.98898000002,172.52057499999998,0.26851600000000003,30326,80226.014607
27,70.085786,0.050468,28253.183192000004,990.087843,2209.731667,46717.003418000015,172.52057499999998,0.26851600000000003,30326,80236.386666
27,70.085786,0.050468,28253.183192000004,990.087843,2209.731667,46722.02121900002,172.52057499999998,0.26851600000000003,30326,80246.761925
27,70.085786,0.050468,28253.183192000004,990.087843,2209.731667,46727.03540800002,172.52057499999998,0.26851600000000003,30326,80257.130509
27,70.085786,0.050468,28253.183192000004,990.087843,2209.731667,46732.05119200002,172.52057499999998,0.26851600000000003,30326,80267.498708
27,70.085786,0.050468,28253.183192000004,990.087843,2209.731667,46737.06568200002,172.52057499999998,0.26851600000000003,30326,80277.862653
27,70.085786,0.050468,28253.183192000004,990.087843,2209.731667,46742.08323100002,172.52057499999998,0.26851600000000003,30326,80288.234701
27,70.085786,0.050468,28253.183192000004,990.087843,2209.731667,46747.09764600002,172.52057499999998,0.26851600000000003,30326,80298.60667
27,70.085786,0.050468,28253.183192000004,990.087843,2209.731667,46752.114554000014,172.52057499999998,0.26851600000000003,30326,80308.974672
27,70.085786,0.050468,28253.183192000004,990.087843,2209.731667,46757.129022000016,172.52057499999998,0.26851600000000003,30326,80319.346717
27,70.085786,0.050468,28253.183192000004,990.087843,2209.731667,46762.14345000002,172.52057499999998,0.26851600000000003,30326,80329.714661
27,70.085786,0.050468,28253.183192000004,990.087843,2209.731667,46767.15786000002,172.52057499999998,0.26851600000000003,30326,80340.066652
27,70.085786,0.050468,28253.183192000004,990.087843,2209.731667,46772.17249400002,172.52057499999998,0.26851600000000003,30326,80350.442661
27,70.085786,0.050468,28253.183192000004,990.087843,2209.731667,46777.18619100002,172.52057499999998,0.26851600000000003,30326,80360.790772
27,70.085786,0.050468,28253.183192000004,990.087843,2209.731667,46782.200686000026,172.52057499999998,0.26851600000000003,30326,80371.146653
27,70.085786,0.050468,28253.183192000004,990.087843,2209.731667,46787.21878900003,172.52057499999998,0.26851600000000003,30326,80381.502386
27,70.085786,0.050468,28253.183192000004,990.087843,2209.731667,46792.233118000026,172.52057499999998,0.26851600000000003,30326,80391.86653
27,70.085786,0.050468,28253.183192000004,990.087843,2209.731667,46797.24768200002,172.52057499999998,0.26851600000000003,30326,80402.222733
27,70.085786,0.050468,28253.183192000004,990.087843,2209.731667,46802.26216200002,172.52057499999998,0.26851600000000003,30326,80412.582608
27,70.085786,0.050468,28253.183192000004,990.087843,2209.731667,46807.276678000024,172.52057499999998,0.26851600000000003,30326,80422.938783
27,70.085786,0.050468,28253.183192000004,990.087843,2209.731667,46812.29113400002,172.52057499999998,0.26851600000000003,30326,80433.306691
27,70.085786,0.050468,28253.183192000004,990.087843,2209.731667,46817.30854200002,172.52057499999998,0.26851600000000003,30326,80443.66959
27,70.085786,0.050468,28253.183192000004,990.087843,2209.731667,46822.32462700002,172.52057499999998,0.26851600000000003,30326,80454.026713
27,70.085786,0.050468,28253.183192000004,990.087843,2209.731667,46827.33940300003,172.52057499999998,0.26851600000000003,30326,80464.39456
27,70.085786,0.050468,28253.183192000004,990.087843,2209.731667,46832.353950000026,172.52057499999998,0.26851600000000003,30326,80474.766784
27,70.085786,0.050468,28253.183192000004,990.087843,2209.731667,46837.37118900003,172.52057499999998,0.26851600000000003,30326,80485.13467
27,70.085786,0.050468,28253.183192000004,990.087843,2209.731667,46842.388011000025,172.52057499999998,0.26851600000000003,30326,80495.498694
27,70.085786,0.050468,28253.183192000004,990.087843,2209.731667,46847.40575000003,172.52057499999998,0.26851600000000003,30326,80505.858004
27,70.085786,0.050468,28253.183192000004,990.087843,2209.731667,46852.42334100003,172.52057499999998,0.26851600000000003,30326,80516.246671
27,70.085786,0.050468,28253.183192000004,990.087843,2209.731667,46857.43779600003,172.52057499999998,0.26851600000000003,30326,80526.610718
27,70.085786,0.050468,28253.183192000004,990.087843,2209.731667,46862.45532100003,172.52057499999998,0.26851600000000003,30326,80536.969781
27,70.085786,0.050468,28253.183192000004,990.087843,2209.731667,46867.47215200003,172.52057499999998,0.26851600000000003,30326,80547.406711
27,70.085786,0.050468,28253.183192000004,990.087843,2209.731667,46872.489783000034,172.52057499999998,0.26851600000000003,30326,80557.777882
27,70.085786,0.050468,28253.183192000004,990.087843,2209.731667,46877.50447100004,172.52057499999998,0.26851600000000003,30326,80568.134741
27,70.085786,0.050468,28253.183192000004,990.087843,2209.731667,46882.522173000034,172.52057499999998,0.26851600000000003,30326,80578.501909
27,70.085786,0.050468,28253.183192000004,990.087843,2209.731667,46887.54051500004,172.52057499999998,0.26851600000000003,30326,80588.866573
27,70.085786,0.050468,28253.183192000004,990.087843,2209.731667,46892.558178000036,172.52057499999998,0.26851600000000003,30326,80599.230783
27,70.085786,0.050468,28253.183192000004,990.087843,2209.731667,46897.57720500004,172.52057499999998,0.26851600000000003,30326,80609.592127
27,70.085786,0.050468,28253.183192000004,990.087843,2209.731667,46902.59193800004,172.52057499999998,0.26851600000000003,30326,80619.954692
27,70.085786,0.050468,28253.183192000004,990.087843,2209.731667,46907.606409000044,172.52057499999998,0.26851600000000003,30326,80630.310621
27,70.085786,0.050468,28253.183192000004,990.087843,2209.731667,46912.624229000045,172.52057499999998,0.26851600000000003,30326,80640.678683
27,70.085786,0.050468,28253.183192000004,990.087843,2209.731667,46917.64182000005,172.52057499999998,0.26851600000000003,30326,80651.041416
27,70.085786,0.050468,28253.183192000004,990.087843,2209.731667,46922.65607200005,172.52057499999998,0.26851600000000003,30326,80661.398527
27,70.085786,0.050468,28253.183192000004,990.087843,2209.731667,46927.67024100005,172.52057499999998,0.26851600000000003,30326,80671.750731
27,70.085786,0.050468,28253.183192000004,990.087843,2209.731667,46932.68765800005,172.52057499999998,0.26851600000000003,30326,80682.102538
27,70.085786,0.050468,28253.183192000004,990.087843,2209.731667,46937.70329700005,172.52057499999998,0.26851600000000003,30326,80692.45874
27,70.085786,0.050468,28253.183192000004,990.087843,2209.731667,46942.72072800005,172.52057499999998,0.26851600000000003,30326,80702.825524
27,70.085786,0.050468,28253.183192000004,990.087843,2209.731667,46947.73697700005,172.52057499999998,0.26851600000000003,30326,80713.178675
27,70.085786,0.050468,28253.183192000004,990.087843,2209.731667,46952.754673000054,172.52057499999998,0.26851600000000003,30326,80723.538822
27,70.085786,0.050468,28253.183192000004,990.087843,2209.731667,46957.769186000056,172.52057499999998,0.26851600000000003,30326,80733.89068
27,70.085786,0.050468,28253.183192000004,990.087843,2209.731667,46962.78657600006,172.52057499999998,0.26851600000000003,30326,80744.251541
27,70.085786,0.050468,28253.183192000004,990.087843,2209.731667,46967.80089600006,172.52057499999998,0.26851600000000003,30326,80754.602492
27,70.085786,0.050468,28253.183192000004,990.087843,2209.731667,46972.81859900006,172.52057499999998,0.26851600000000003,30326,80764.954797
27,70.085786,0.050468,28253.183192000004,990.087843,2209.731667,46977.83308900006,172.52057499999998,0.26851600000000003,30326,80775.318647
27,70.085786,0.050468,28253.183192000004,990.087843,2209.731667,46982.84770100006,172.52057499999998,0.26851600000000003,30326,80785.678742
27,70.085786,0.050468,28253.183192000004,990.087843,2209.731667,46987.86507800005,172.52057499999998,0.26851600000000003,30326,80796.037561
27,70.085786,0.050468,28253.183192000004,990.087843,2209.731667,46992.87960700005,172.52057499999998,0.26851600000000003,30326,80806.386741
27,70.085786,0.050468,28253.183192000004,990.087843,2209.731667,46997.89428600005,172.52057499999998,0.26851600000000003,30326,80816.738681
27,70.085786,0.050468,28253.183192000004,990.087843,2209.731667,47002.910949000056,172.52057499999998,0.26851600000000003,30326,80827.094639
27,70.085786,0.050468,28253.183192000004,990.087843,2209.731667,47007.92774000006,172.52057499999998,0.26851600000000003,30326,80837.450677
27,70.085786,0.050468,28253.183192000004,990.087843,2209.731667,47012.94225800006,172.52057499999998,0.26851600000000003,30326,80847.798773
27,70.085786,0.050468,28253.183192000004,990.087843,2209.731667,47017.95975600006,172.52057499999998,0.26851600000000003,30326,80858.158646
27,70.085786,0.050468,28253.183192000004,990.087843,2209.731667,47022.97759900006,172.52057499999998,0.26851600000000003,30326,80868.51096
27,70.085786,0.050468,28253.183192000004,990.087843,2209.731667,47027.99520100006,172.52057499999998,0.26851600000000003,30326,80878.866684
27,70.085786,0.050468,28253.183192000004,990.087843,2209.731667,47033.009754000064,172.52057499999998,0.26851600000000003,30326,80889.218727
27,70.085786,0.050468,28253.183192000004,990.087843,2209.731667,47038.02421000006,172.52057499999998,0.26851600000000003,30326,80899.570655
27,70.085786,0.050468,28253.183192000004,990.087843,2209.731667,47043.042080000065,172.52057499999998,0.26851600000000003,30326,80909.926735
27,70.085786,0.050468,28253.183192000004,990.087843,2209.731667,47048.05980400006,172.52057499999998,0.26851600000000003,30326,80920.283576
27,70.085786,0.050468,28253.183192000004,990.087843,2209.731667,47053.07722600006,172.52057499999998,0.26851600000000003,30326,80930.641641
27,70.085786,0.050468,28253.183192000004,990.087843,2209.731667,47058.094818000056,172.52057499999998,0.26851600000000003,30326,80940.998692
27,70.085786,0.050468,28253.183192000004,990.087843,2209.731667,47063.109383000054,172.52057499999998,0.26851600000000003,30326,80951.350774
27,70.085786,0.050468,28253.183192000004,990.087843,2209.731667,47068.12383800005,172.52057499999998,0.26851600000000003,30326,80961.706641
27,70.085786,0.050468,28253.183192000004,990.087843,2209.731667,47073.13828500005,172.52057499999998,0.26851600000000003,30326,80972.054644
27,70.085786,0.050468,28253.183192000004,990.087843,2209.731667,47078.152822000055,172.52057499999998,0.26851600000000003,30326,80982.406718
27,70.085786,0.050468,28253.183192000004,990.087843,2209.731667,47083.17036900006,172.52057499999998,0.26851600000000003,30326,80992.761727
27,70.085786,0.050468,28253.183192000004,990.087843,2209.731667,47088.184867000055,172.52057499999998,0.26851600000000003,30326,81003.11468
27,70.085786,0.050468,28253.183192000004,990.087843,2209.731667,47093.202516000056,172.52057499999998,0.26851600000000003,30326,81013.470822
27,70.085786,0.050468,28253.183192000004,990.087843,2209.731667,47098.219128000055,172.52057499999998,0.26851600000000003,30326,81023.822664
27,70.085786,0.050468,28253.183192000004,990.087843,2209.731667,47103.236598000054,172.52057499999998,0.26851600000000003,30326,81034.180887
27,70.085786,0.050468,28253.183192000004,990.087843,2209.731667,47108.251192000054,172.52057499999998,0.26851600000000003,30326,81044.53074
27,70.085786,0.050468,28253.183192000004,990.087843,2209.731667,47113.26571800005,172.52057499999998,0.26851600000000003,30326,81054.882669
27,70.085786,0.050468,28253.183192000004,990.087843,2209.731667,47118.28331800005,172.52057499999998,0.26851600000000003,30326,81065.242706
27,70.085786,0.050468,28253.183192000004,990.087843,2209.731667,47123.30091900005,172.52057499999998,0.26851600000000003,30326,81075.594678
27,70.085786,0.050468,28253.183192000004,990.087843,2209.731667,47128.31740100005,172.52057499999998,0.26851600000000003,30326,81085.954668
27,70.085786,0.050468,28253.183192000004,990.087843,2209.731667,47133.333810000055,172.52057499999998,0.26851600000000003,30326,81096.310671
27,70.085786,0.050468,28253.183192000004,990.087843,2209.731667,47138.348384000055,172.52057499999998,0.26851600000000003,30326,81106.66273
27,70.085786,0.050468,28253.183192000004,990.087843,2209.731667,47143.36455000006,172.52057499999998,0.26851600000000003,30326,81117.014766
27,70.085786,0.050468,28253.183192000004,990.087843,2209.731667,47148.37905900006,172.52057499999998,0.26851600000000003,30326,81127.374685
27,70.085786,0.050468,28253.183192000004,990.087843,2209.731667,47153.39368000006,172.52057499999998,0.26851600000000003,30326,81137.722787
27,70.085786,0.050468,28253.183192000004,990.087843,2209.731667,47158.41076900006,172.52057499999998,0.26851600000000003,30326,81148.077242
27,70.085786,0.050468,28253.183192000004,990.087843,2209.731667,47163.42524900006,172.52057499999998,0.26851600000000003,30326,81158.430646
27,70.085786,0.050468,28253.183192000004,990.087843,2209.731667,47168.43974500006,172.52057499999998,0.26851600000000003,30326,81168.782671
27,70.085786,0.050468,28253.183192000004,990.087843,2209.731667,47173.45426400006,172.52057499999998,0.26851600000000003,30326,81179.130706
27,70.085786,0.050468,28253.183192000004,990.087843,2209.731667,47178.47120400006,172.52057499999998,0.26851600000000003,30326,81189.486721
27,70.085786,0.050468,28253.183192000004,990.087843,2209.731667,47183.48863900006,172.52057499999998,0.26851600000000003,30326,81199.841613
27,70.085786,0.050468,28253.183192000004,990.087843,2209.731667,47188.50311500006,172.52057499999998,0.26851600000000003,30326,81210.194657
27,70.085786,0.050468,28253.183192000004,990.087843,2209.731667,47193.52098300006,172.52057499999998,0.26851600000000003,30326,81220.550946
27,70.085786,0.050468,28253.183192000004,990.087843,2209.731667,47198.53636400006,172.52057499999998,0.26851600000000003,30326,81230.910657
27,70.085786,0.050468,28253.183192000004,990.087843,2209.731667,47203.553940000056,172.52057499999998,0.26851600000000003,30326,81241.266665
27,70.085786,0.050468,28253.183192000004,990.087843,2209.731667,47208.57193600006,172.52057499999998,0.26851600000000003,30326,81251.61907
27,70.085786,0.050468,28253.183192000004,990.087843,2209.731667,47213.58642900006,172.52057499999998,0.26851600000000003,30326,81261.962675
27,70.085786,0.050468,28253.183192000004,990.087843,2209.731667,47218.604428000064,172.52057499999998,0.26851600000000003,30326,81272.319103
27,70.085786,0.050468,28253.183192000004,990.087843,2209.731667,47223.621557000064,172.52057499999998,0.26851600000000003,30326,81282.676279
27,70.085786,0.050468,28253.183192000004,990.087843,2209.731667,47228.63915500006,172.52057499999998,0.26851600000000003,30326,81293.034654
27,70.085786,0.050468,28253.183192000004,990.087843,2209.731667,47233.65376200006,172.52057499999998,0.26851600000000003,30326,81303.38277
27,70.085786,0.050468,28253.183192000004,990.087843,2209.731667,47238.66819300006,172.52057499999998,0.26851600000000003,30326,81313.734606
27,70.085786,0.050468,28253.183192000004,990.087843,2209.731667,47243.68275300007,172.52057499999998,0.26851600000000003,30326,81324.078682
27,70.085786,0.050468,28253.183192000004,990.087843,2209.731667,47248.697298000065,172.52057499999998,0.26851600000000003,30326,81334.426703
27,70.085786,0.050468,28253.183192000004,990.087843,2209.731667,47253.711852000066,172.52057499999998,0.26851600000000003,30326,81344.778695
27,70.085786,0.050468,28253.183192000004,990.087843,2209.731667,47258.72931600006,172.52057499999998,0.26851600000000003,30326,81355.13553
27,70.085786,0.050468,28253.183192000004,990.087843,2209.731667,47263.746711000065,172.52057499999998,0.26851600000000003,30326,81365.485677
27,70.085786,0.050468,28253.183192000004,990.087843,2209.731667,47268.76412400007,172.52057499999998,0.26851600000000003,30326,81375.846334
27,70.085786,0.050468,28253.183192000004,990.087843,2209.731667,47273.77945100007,172.52057499999998,0.26851600000000003,30326,81386.194676
27,70.085786,0.050468,28253.183192000004,990.087843,2209.731667,47278.79395600007,172.52057499999998,0.26851600000000003,30326,81396.546657
27,70.085786,0.050468,28253.183192000004,990.087843,2209.731667,47283.811492000066,172.52057499999998,0.26851600000000003,30326,81406.898647
27,70.085786,0.050468,28253.183192000004,990.087843,2209.731667,47288.829434000065,172.52057499999998,0.26851600000000003,30326,81417.251053
27,70.085786,0.050468,28253.183192000004,990.087843,2209.731667,47293.84704500007,172.52057499999998,0.26851600000000003,30326,81427.60676
27,70.085786,0.050468,28253.183192000004,990.087843,2209.731667,47298.86161700007,172.52057499999998,0.26851600000000003,30326,81437.962738
27,70.085786,0.050468,28253.183192000004,990.087843,2209.731667,47303.878823000065,172.52057499999998,0.26851600000000003,30326,81448.32139
27,70.085786,0.050468,28253.183192000004,990.087843,2209.731667,47308.89628200007,172.52057499999998,0.26851600000000003,30326,81458.679075
27,70.085786,0.050468,28253.183192000004,990.087843,2209.731667,47313.913620000065,172.52057499999998,0.26851600000000003,30326,81469.035019
27,70.085786,0.050468,28253.183192000004,990.087843,2209.731667,47318.931420000066,172.52057499999998,0.26851600000000003,30326,81479.390703
27,70.085786,0.050468,28253.183192000004,990.087843,2209.731667,47323.94879900006,172.52057499999998,0.26851600000000003,30326,81489.746989
27,70.085786,0.050468,28253.183192000004,990.087843,2209.731667,47328.962259000065,172.52057499999998,0.26851600000000003,30326,81500.098612
27,70.085786,0.050468,28253.183192000004,990.087843,2209.731667,47333.98028000007,172.52057499999998,0.26851600000000003,30326,81510.450171
27,70.085786,0.050468,28253.183192000004,990.087843,2209.731667,47338.99758400007,172.52057499999998,0.26851600000000003,30326,81520.808511
27,70.085786,0.050468,28253.183192000004,990.087843,2209.731667,47344.01218600007,172.52057499999998,0.26851600000000003,30326,81531.158747
27,70.085786,0.050468,28253.183192000004,990.087843,2209.731667,47349.02952400007,172.52057499999998,0.26851600000000003,30326,81541.5175
27,70.085786,0.050468,28253.183192000004,990.087843,2209.731667,47354.04681100007,172.52057499999998,0.26851600000000003,30326,81551.865458
27,70.085786,0.050468,28253.183192000004,990.087843,2209.731667,47359.06131700007,172.52057499999998,0.26851600000000003,30326,81562.21469
27,70.085786,0.050468,28253.183192000004,990.087843,2209.731667,47364.07873700007,172.52057499999998,0.26851600000000003,30326,81572.569566
27,70.085786,0.050468,28253.183192000004,990.087843,2209.731667,47369.09612900007,172.52057499999998,0.26851600000000003,30326,81582.921586
27,70.085786,0.050468,28253.183192000004,990.087843,2209.731667,47374.11057500007,172.52057499999998,0.26851600000000003,30326,81593.274618
27,70.085786,0.050468,28253.183192000004,990.087843,2209.731667,47379.12503500007,172.52057499999998,0.26851600000000003,30326,81603.618633
27,70.085786,0.050468,28253.183192000004,990.087843,2209.731667,47384.13819600007,172.52057499999998,0.26851600000000003,30326,81613.970628
27,70.085786,0.050468,28253.183192000004,990.087843,2209.731667,47389.152685000074,172.52057499999998,0.26851600000000003,30326,81624.318661
27,70.085786,0.050468,28253.183192000004,990.087843,2209.731667,47394.16751300007,172.52057499999998,0.26851600000000003,30326,81634.670673
27,70.085786,0.050468,28253.183192000004,990.087843,2209.731667,47399.18502800007,172.52057499999998,0.26851600000000003,30326,81645.02658
27,70.085786,0.050468,28253.183192000004,990.087843,2209.731667,47404.19955100007,172.52057499999998,0.26851600000000003,30326,81655.378644
27,70.085786,0.050468,28253.183192000004,990.087843,2209.731667,47409.21739100007,172.52057499999998,0.26851600000000003,30326,81665.734955
27,70.085786,0.050468,28253.183192000004,990.087843,2209.731667,47414.23198000007,172.52057499999998,0.26851600000000003,30326,81676.07875
27,70.085786,0.050468,28253.183192000004,990.087843,2209.731667,47419.24992000007,172.52057499999998,0.26851600000000003,30326,81686.44305
27,70.085786,0.050468,28253.183192000004,990.087843,2209.731667,47424.26445800007,172.52057499999998,0.26851600000000003,30326,81696.794701
27,70.085786,0.050468,28253.183192000004,990.087843,2209.731667,47429.27957800007,172.52057499999998,0.26851600000000003,30326,81707.142762
27,70.085786,0.050468,28253.183192000004,990.087843,2209.731667,47434.297323000064,172.52057499999998,0.26851600000000003,30326,81717.494739
27,70.085786,0.050468,28253.183192000004,990.087843,2209.731667,47439.31259700006,172.52057499999998,0.26851600000000003,30326,81727.858653
27,70.085786,0.050468,28253.183192000004,990.087843,2209.731667,47444.32950900006,172.52057499999998,0.26851600000000003,30326,81738.210743
27,70.085786,0.050468,28253.183192000004,990.087843,2209.731667,47449.34399900006,172.52057499999998,0.26851600000000003,30326,81748.570653
27,70.085786,0.050468,28253.183192000004,990.087843,2209.731667,47454.358296000064,172.52057499999998,0.26851600000000003,30326,81758.922724
27,70.085786,0.050468,28253.183192000004,990.087843,2209.731667,47459.37567500006,172.52057499999998,0.26851600000000003,30326,81769.281339
27,70.085786,0.050468,28253.183192000004,990.087843,2209.731667,47464.39368100006,172.52057499999998,0.26851600000000003,30326,81779.631112
27,70.085786,0.050468,28253.183192000004,990.087843,2209.731667,47469.41119300006,172.52057499999998,0.26851600000000003,30326,81789.9982
27,70.085786,0.050468,28253.183192000004,990.087843,2209.731667,47474.425694000056,172.52057499999998,0.26851600000000003,30326,81800.342664
27,70.085786,0.050468,28253.183192000004,990.087843,2209.731667,47479.44280800006,172.52057499999998,0.26851600000000003,30326,81810.694661
27,70.085786,0.050468,28253.183192000004,990.087843,2209.731667,47484.46007200006,172.52057499999998,0.26851600000000003,30326,81821.045438
27,70.085786,0.050468,28253.183192000004,990.087843,2209.731667,47489.47758100006,172.52057499999998,0.26851600000000003,30326,81831.39861
27,70.085786,0.050468,28253.183192000004,990.087843,2209.731667,47494.49200900006,172.52057499999998,0.26851600000000003,30326,81841.746652
27,70.085786,0.050468,28253.183192000004,990.087843,2209.731667,47499.50654100006,172.52057499999998,0.26851600000000003,30326,81852.094679
27,70.085786,0.050468,28253.183192000004,990.087843,2209.731667,47504.52384300006,172.52057499999998,0.26851600000000003,30326,81862.453885
27,70.085786,0.050468,28253.183192000004,990.087843,2209.731667,47509.54137400006,172.52057499999998,0.26851600000000003,30326,81872.802677
27,70.085786,0.050468,28253.183192000004,990.087843,2209.731667,47514.55893800006,172.52057499999998,0.26851600000000003,30326,81883.159633
27,70.085786,0.050468,28253.183192000004,990.087843,2209.731667,47519.57639300006,172.52057499999998,0.26851600000000003,30326,81893.51599
27,70.085786,0.050468,28253.183192000004,990.087843,2209.731667,47524.59422800006,172.52057499999998,0.26851600000000003,30326,81903.874939
27,70.085786,0.050468,28253.183192000004,990.087843,2209.731667,47529.61146600006,172.52057499999998,0.26851600000000003,30326,81914.22538
27,70.085786,0.050468,28253.183192000004,990.087843,2209.731667,47534.62911400006,172.52057499999998,0.26851600000000003,30326,81924.574747
27,70.085786,0.050468,28253.183192000004,990.087843,2209.731667,47539.64373000006,172.52057499999998,0.26851600000000003,30326,81934.91877
27,70.085786,0.050468,28253.183192000004,990.087843,2209.731667,47544.66142300006,172.52057499999998,0.26851600000000003,30326,81945.27853
27,70.085786,0.050468,28253.183192000004,990.087843,2209.731667,47549.67890800006,172.52057499999998,0.26851600000000003,30326,81955.632898
27,70.085786,0.050468,28253.183192000004,990.087843,2209.731667,47554.69559800006,172.52057499999998,0.26851600000000003,30326,81965.98663
27,70.085786,0.050468,28253.183192000004,990.087843,2209.731667,47559.71303900006,172.52057499999998,0.26851600000000003,30326,81976.341572
27,70.085786,0.050468,28253.183192000004,990.087843,2209.731667,47564.72898100006,172.52057499999998,0.26851600000000003,30326,81986.694748
27,70.085786,0.050468,28253.183192000004,990.087843,2209.731667,47569.743482000056,172.52057499999998,0.26851600000000003,30326,81997.054655
27,70.085786,0.050468,28253.183192000004,990.087843,2209.731667,47574.76083500006,172.52057499999998,0.26851600000000003,30326,82007.409515
27,70.085786,0.050468,28253.183192000004,990.087843,2209.731667,47579.77822700006,172.52057499999998,0.26851600000000003,30326,82017.766856
27,70.085786,0.050468,28253.183192000004,990.087843,2209.731667,47584.795625000064,172.52057499999998,0.26851600000000003,30326,82028.121393
27,70.085786,0.050468,28253.183192000004,990.087843,2209.731667,47589.81310900007,172.52057499999998,0.26851600000000003,30326,82038.475529
27,70.085786,0.050468,28253.183192000004,990.087843,2209.731667,47594.83069300007,172.52057499999998,0.26851600000000003,30326,82048.826737
27,70.085786,0.050468,28253.183192000004,990.087843,2209.731667,47599.84512000007,172.52057499999998,0.26851600000000003,30326,82059.178656
27,70.085786,0.050468,28253.183192000004,990.087843,2209.731667,47604.85962200007,172.52057499999998,0.26851600000000003,30326,82069.530649
27,70.085786,0.050468,28253.183192000004,990.087843,2209.731667,47609.87709100007,172.52057499999998,0.26851600000000003,30326,82079.882513
27,70.085786,0.050468,28253.183192000004,990.087843,2209.731667,47614.891463000065,172.52057499999998,0.26851600000000003,30326,82090.234562
27,70.085786,0.050468,28253.183192000004,990.087843,2209.731667,47619.90905900006,172.52057499999998,0.26851600000000003,30326,82100.586698
27,70.085786,0.050468,28253.183192000004,990.087843,2209.731667,47624.92663100006,172.52057499999998,0.26851600000000003,30326,82110.938648
27,70.085786,0.050468,28253.183192000004,990.087843,2209.731667,47629.94418200006,172.52057499999998,0.26851600000000003,30326,82121.298677
27,70.085786,0.050468,28253.183192000004,990.087843,2209.731667,47634.961689000054,172.52057499999998,0.26851600000000003,30326,82131.65661
27,70.085786,0.050468,28253.183192000004,990.087843,2209.731667,47639.97704700005,172.52057499999998,0.26851600000000003,30326,82142.010688
27,70.085786,0.050468,28253.183192000004,990.087843,2209.731667,47644.992078000054,172.52057499999998,0.26851600000000003,30326,82152.362644
27,70.085786,0.050468,28253.183192000004,990.087843,2209.731667,47650.01003900005,172.52057499999998,0.26851600000000003,30326,82162.714951
27,70.085786,0.050468,28253.183192000004,990.087843,2209.731667,47655.02759700005,172.52057499999998,0.26851600000000003,30326,82173.065613
27,70.085786,0.050468,28253.183192000004,990.087843,2209.731667,47660.04509300005,172.52057499999998,0.26851600000000003,30326,82183.417675
27,70.085786,0.050468,28253.183192000004,990.087843,2209.731667,47665.05965900005,172.52057499999998,0.26851600000000003,30326,82193.766725
27,70.085786,0.050468,28253.183192000004,990.087843,2209.731667,47670.07715600005,172.52057499999998,0.26851600000000003,30326,82204.138651
27,70.085786,0.050468,28253.183192000004,990.087843,2209.731667,47675.09163000005,172.52057499999998,0.26851600000000003,30326,82214.48664
27,70.085786,0.050468,28253.183192000004,990.087843,2209.731667,47680.10913400006,172.52057499999998,0.26851600000000003,30326,82224.841688
27,70.085786,0.050468,28253.183192000004,990.087843,2209.731667,47685.12672300006,172.52057499999998,0.26851600000000003,30326,82235.198673
27,70.085786,0.050468,28253.183192000004,990.087843,2209.731667,47690.14402700006,172.52057499999998,0.26851600000000003,30326,82245.555029
27,70.085786,0.050468,28253.183192000004,990.087843,2209.731667,47695.15851400006,172.52057499999998,0.26851600000000003,30326,82255.902694
27,70.085786,0.050468,28253.183192000004,990.087843,2209.731667,47700.17573800006,172.52057499999998,0.26851600000000003,30326,82266.2547
27,70.085786,0.050468,28253.183192000004,990.087843,2209.731667,47705.19023800006,172.52057499999998,0.26851600000000003,30326,82276.602679
27,70.085786,0.050468,28253.183192000004,990.087843,2209.731667,47710.20784100006,172.52057499999998,0.26851600000000003,30326,82286.954639
27,70.085786,0.050468,28253.183192000004,990.087843,2209.731667,47715.22496000006,172.52057499999998,0.26851600000000003,30326,82297.306647
27,70.085786,0.050468,28253.183192000004,990.087843,2209.731667,47720.23951300006,172.52057499999998,0.26851600000000003,30326,82307.658713
27,70.085786,0.050468,28253.183192000004,990.087843,2209.731667,47725.254010000055,172.52057499999998,0.26851600000000003,30326,82318.022675
27,70.085786,0.050468,28253.183192000004,990.087843,2209.731667,47730.27131800006,172.52057499999998,0.26851600000000003,30326,82328.377459
27,70.085786,0.050468,28253.183192000004,990.087843,2209.731667,47735.28890300006,172.52057499999998,0.26851600000000003,30326,82338.734675
27,70.085786,0.050468,28253.183192000004,990.087843,2209.731667,47740.30646400006,172.52057499999998,0.26851600000000003,30326,82349.086653
27,70.085786,0.050468,28253.183192000004,990.087843,2209.731667,47745.32106100006,172.52057499999998,0.26851600000000003,30326,82359.434753
27,70.085786,0.050468,28253.183192000004,990.087843,2209.731667,47750.33554600006,172.52057499999998,0.26851600000000003,30326,82369.782654
27,70.085786,0.050468,28253.183192000004,990.087843,2209.731667,47755.35302400006,172.52057499999998,0.26851600000000003,30326,82380.135966
27,70.085786,0.050468,28253.183192000004,990.087843,2209.731667,47760.37046600006,172.52057499999998,0.26851600000000003,30326,82390.494469
27,70.085786,0.050468,28253.183192000004,990.087843,2209.731667,47765.38781800006,172.52057499999998,0.26851600000000003,30326,82400.849544
27,70.085786,0.050468,28253.183192000004,990.087843,2209.731667,47770.40231500006,172.52057499999998,0.26851600000000003,30326,82411.19864
27,70.085786,0.050468,28253.183192000004,990.087843,2209.731667,47775.41688500006,172.52057499999998,0.26851600000000003,30326,82421.550745
27,70.085786,0.050468,28253.183192000004,990.087843,2209.731667,47780.434570000056,172.52057499999998,0.26851600000000003,30326,82431.906706
27,70.085786,0.050468,28253.183192000004,990.087843,2209.731667,47785.449071000054,172.52057499999998,0.26851600000000003,30326,82442.262657
27,70.085786,0.050468,28253.183192000004,990.087843,2209.731667,47790.46350100006,172.52057499999998,0.26851600000000003,30326,82452.61466
27,70.085786,0.050468,28253.183192000004,990.087843,2209.731667,47795.48087400006,172.52057499999998,0.26851600000000003,30326,82462.965561
27,70.085786,0.050468,28253.183192000004,990.087843,2209.731667,47800.49829900006,172.52057499999998,0.26851600000000003,30326,82473.313605
27,70.085786,0.050468,28253.183192000004,990.087843,2209.731667,47805.511942000056,172.52057499999998,0.26851600000000003,30326,82483.662671
27,70.085786,0.050468,28253.183192000004,990.087843,2209.731667,47810.529350000055,172.52057499999998,0.26851600000000003,30326,82494.017442
27,70.085786,0.050468,28253.183192000004,990.087843,2209.731667,47815.54679600005,172.52057499999998,0.26851600000000003,30326,82504.373642
27,70.085786,0.050468,28253.183192000004,990.087843,2209.731667,47820.56166400005,172.52057499999998,0.26851600000000003,30326,82514.730741
27,70.085786,0.050468,28253.183192000004,990.087843,2209.731667,47825.579018000055,172.52057499999998,0.26851600000000003,30326,82525.090272
27,70.085786,0.050468,28253.183192000004,990.087843,2209.731667,47830.596448000055,172.52057499999998,0.26851600000000003,30326,82535.444103
27,70.085786,0.050468,28253.183192000004,990.087843,2209.731667,47835.610958000056,172.52057499999998,0.26851600000000003,30326,82545.798682
27,70.085786,0.050468,28253.183192000004,990.087843,2209.731667,47840.62867500006,172.52057499999998,0.26851600000000003,30326,82556.150777
27,70.085786,0.050468,28253.183192000004,990.087843,2209.731667,47845.643194000055,172.52057499999998,0.26851600000000003,30326,82566.506666
27,70.085786,0.050468,28253.183192000004,990.087843,2209.731667,47850.66061200006,172.52057499999998,0.26851600000000003,30326,82576.86172
27,70.085786,0.050468,28253.183192000004,990.087843,2209.731667,47855.67409100006,172.52057499999998,0.26851600000000003,30326,82587.214553
27,70.085786,0.050468,28253.183192000004,990.087843,2209.731667,47860.69135700006,172.52057499999998,0.26851600000000003,30326,82597.57344
27,70.085786,0.050468,28253.183192000004,990.087843,2209.731667,47865.705894000064,172.52057499999998,0.26851600000000003,30326,82607.926661
27,70.085786,0.050468,28253.183192000004,990.087843,2209.731667,47870.720897000065,172.52057499999998,0.26851600000000003,30326,82618.278662
27,70.085786,0.050468,28253.183192000004,990.087843,2209.731667,47875.73826800007,172.52057499999998,0.26851600000000003,30326,82628.629516
27,70.085786,0.050468,28253.183192000004,990.087843,2209.731667,47880.75510300007,172.52057499999998,0.26851600000000003,30326,82638.982673
27,70.085786,0.050468,28253.183192000004,990.087843,2209.731667,47885.76965200007,172.52057499999998,0.26851600000000003,30326,82649.334732
27,70.085786,0.050468,28253.183192000004,990.087843,2209.731667,47890.787676000065,172.52057499999998,0.26851600000000003,30326,82659.687153
27,70.085786,0.050468,28253.183192000004,990.087843,2209.731667,47895.80217400006,172.52057499999998,0.26851600000000003,30326,82670.034679
27,70.085786,0.050468,28253.183192000004,990.087843,2209.731667,47900.816643000064,172.52057499999998,0.26851600000000003,30326,82680.38663
27,70.085786,0.050468,28253.183192000004,990.087843,2209.731667,47905.830189000066,172.52057499999998,0.26851600000000003,30326,82690.742776
27,70.085786,0.050468,28253.183192000004,990.087843,2209.731667,47910.847918000065,172.52057499999998,0.26851600000000003,30326,82701.102731
27,70.085786,0.050468,28253.183192000004,990.087843,2209.731667,47915.865199000065,172.52057499999998,0.26851600000000003,30326,82711.457433
27,70.085786,0.050468,28253.183192000004,990.087843,2209.731667,47920.88265800007,172.52057499999998,0.26851600000000003,30326,82721.805613
27,70.085786,0.050468,28253.183192000004,990.087843,2209.731667,47925.90017800007,172.52057499999998,0.26851600000000003,30326,82732.157655
27,70.085786,0.050468,28253.183192000004,990.087843,2209.731667,47930.91467200007,172.52057499999998,0.26851600000000003,30326,82742.510633
27,70.085786,0.050468,28253.183192000004,990.087843,2209.731667,47935.93224800007,172.52057499999998,0.26851600000000003,30326,82752.862656
27,70.085786,0.050468,28253.183192000004,990.087843,2209.731667,47940.94671700007,172.52057499999998,0.26851600000000003,30326,82763.210644
27,70.085786,0.050468,28253.183192000004,990.087843,2209.731667,47945.96408100007,172.52057499999998,0.26851600000000003,30326,82773.569504
27,70.085786,0.050468,28253.183192000004,990.087843,2209.731667,47950.98161400007,172.52057499999998,0.26851600000000003,30326,82783.926644
27,70.085786,0.050468,28253.183192000004,990.087843,2209.731667,47955.99921100007,172.52057499999998,0.26851600000000003,30326,82794.282696
27,70.085786,0.050468,28253.183192000004,990.087843,2209.731667,47961.01376800007,172.52057499999998,0.26851600000000003,30326,82804.630695
27,70.085786,0.050468,28253.183192000004,990.087843,2209.731667,47966.02826100007,172.52057499999998,0.26851600000000003,30326,82814.97869
27,70.085786,0.050468,28253.183192000004,990.087843,2209.731667,47971.04579100007,172.52057499999998,0.26851600000000003,30326,82825.332038
27,70.085786,0.050468,28253.183192000004,990.087843,2209.731667,47976.06027300007,172.52057499999998,0.26851600000000003,30326,82835.678645
27,70.085786,0.050468,28253.183192000004,990.087843,2209.731667,47981.07776300007,172.52057499999998,0.26851600000000003,30326,82846.03257
27,70.085786,0.050468,28253.183192000004,990.087843,2209.731667,47986.09535600006,172.52057499999998,0.26851600000000003,30326,82856.386646
27,70.085786,0.050468,28253.183192000004,990.087843,2209.731667,47991.10987800006,172.52057499999998,0.26851600000000003,30326,82866.738676
27,70.085786,0.050468,28253.183192000004,990.087843,2209.731667,47996.12622500006,172.52057499999998,0.26851600000000003,30326,82877.09475
27,70.085786,0.050468,28253.183192000004,990.087843,2209.731667,48001.14363700006,172.52057499999998,0.26851600000000003,30326,82887.449663
27,70.085786,0.050468,28253.183192000004,990.087843,2209.731667,48006.15958600006,172.52057499999998,0.26851600000000003,30326,82897.81067
27,70.085786,0.050468,28253.183192000004,990.087843,2209.731667,48011.17408000006,172.52057499999998,0.26851600000000003,30326,82908.158639
27,70.085786,0.050468,28253.183192000004,990.087843,2209.731667,48016.191454000065,172.52057499999998,0.26851600000000003,30326,82918.509556
27,70.085786,0.050468,28253.183192000004,990.087843,2209.731667,48021.20902700006,172.52057499999998,0.26851600000000003,30326,82928.858685
27,70.085786,0.050468,28253.183192000004,990.087843,2209.731667,48026.22352400006,172.52057499999998,0.26851600000000003,30326,82939.206672
27,70.085786,0.050468,28253.183192000004,990.087843,2209.731667,48031.23799700006,172.52057499999998,0.26851600000000003,30326,82949.558638
27,70.085786,0.050468,28253.183192000004,990.087843,2209.731667,48036.255562000064,172.52057499999998,0.26851600000000003,30326,82959.914617
27,70.085786,0.050468,28253.183192000004,990.087843,2209.731667,48041.270090000064,172.52057499999998,0.26851600000000003,30326,82970.266699
27,70.085786,0.050468,28253.183192000004,990.087843,2209.731667,48046.28753000007,172.52057499999998,0.26851600000000003,30326,82980.617634
27,70.085786,0.050468,28253.183192000004,990.087843,2209.731667,48051.30507300007,172.52057499999998,0.26851600000000003,30326,82990.973137
27,70.085786,0.050468,28253.183192000004,990.087843,2209.731667,48056.319635000065,172.52057499999998,0.26851600000000003,30326,83001.318723
27,70.085786,0.050468,28253.183192000004,990.087843,2209.731667,48061.33718400006,172.52057499999998,0.26851600000000003,30326,83011.674633
27,70.085786,0.050468,28253.183192000004,990.087843,2209.731667,48066.354688000065,172.52057499999998,0.26851600000000003,30326,83022.030656
27,70.085786,0.050468,28253.183192000004,990.087843,2209.731667,48071.369131000065,172.52057499999998,0.26851600000000003,30326,83032.378641
27,70.085786,0.050468,28253.183192000004,990.087843,2209.731667,48076.383621000066,172.52057499999998,0.26851600000000003,30326,83042.722643
27,70.085786,0.050468,28253.183192000004,990.087843,2209.731667,48081.398143000064,172.52057499999998,0.26851600000000003,30326,83053.070646
27,70.085786,0.050468,28253.183192000004,990.087843,2209.731667,48086.41573400007,172.52057499999998,0.26851600000000003,30326,83063.426655
27,70.085786,0.050468,28253.183192000004,990.087843,2209.731667,48091.43211400007,172.52057499999998,0.26851600000000003,30326,83073.782755
27,70.085786,0.050468,28253.183192000004,990.087843,2209.731667,48096.44949700007,172.52057499999998,0.26851600000000003,30326,83084.13965
27,70.085786,0.050468,28253.183192000004,990.087843,2209.731667,48101.463997000064,172.52057499999998,0.26851600000000003,30326,83094.49063
27,70.085786,0.050468,28253.183192000004,990.087843,2209.731667,48106.478485000065,172.52057499999998,0.26851600000000003,30326,83104.838664
27,70.085786,0.050468,28253.183192000004,990.087843,2209.731667,48111.49534100007,172.52057499999998,0.26851600000000003,30326,83115.190622
27,70.085786,0.050468,28253.183192000004,990.087843,2209.731667,48116.51234600007,172.52057499999998,0.26851600000000003,30326,83125.54269
27,70.085786,0.050468,28253.183192000004,990.087843,2209.731667,48121.52984800007,172.52057499999998,0.26851600000000003,30326,83135.894645
27,70.085786,0.050468,28253.183192000004,990.087843,2209.731667,48126.547224000074,172.52057499999998,0.26851600000000003,30326,83146.245556
27,70.085786,0.050468,28253.183192000004,990.087843,2209.731667,48131.561558000074,172.52057499999998,0.26851600000000003,30326,83156.59849
27,70.085786,0.050468,28253.183192000004,990.087843,2209.731667,48136.576001000074,172.52057499999998,0.26851600000000003,30326,83166.954699
27,70.085786,0.050468,28253.183192000004,990.087843,2209.731667,48141.590488000074,172.52057499999998,0.26851600000000003,30326,83177.306639
27,70.085786,0.050468,28253.183192000004,990.087843,2209.731667,48146.60791000007,172.52057499999998,0.26851600000000003,30326,83187.659083
27,70.085786,0.050468,28253.183192000004,990.087843,2209.731667,48151.62592100007,172.52057499999998,0.26851600000000003,30326,83198.015014
27,70.085786,0.050468,28253.183192000004,990.087843,2209.731667,48156.64264700007,172.52057499999998,0.26851600000000003,30326,83208.366685
27,70.085786,0.050468,28253.183192000004,990.087843,2209.731667,48161.65718700007,172.52057499999998,0.26851600000000003,30326,83218.714755
27,70.085786,0.050468,28253.183192000004,990.087843,2209.731667,48166.67438000007,172.52057499999998,0.26851600000000003,30326,83229.069296
27,70.085786,0.050468,28253.183192000004,990.087843,2209.731667,48171.688899000066,172.52057499999998,0.26851600000000003,30326,83239.418661
27,70.085786,0.050468,28253.183192000004,990.087843,2209.731667,48176.70331000006,172.52057499999998,0.26851600000000003,30326,83249.766614
27,70.085786,0.050468,28253.183192000004,990.087843,2209.731667,48181.71783900006,172.52057499999998,0.26851600000000003,30326,83260.114723
27,70.085786,0.050468,28253.183192000004,990.087843,2209.731667,48186.73546500006,172.52057499999998,0.26851600000000003,30326,83270.470677
27,70.085786,0.050468,28253.183192000004,990.087843,2209.731667,48191.74994000007,172.52057499999998,0.26851600000000003,30326,83280.822642
27,70.085786,0.050468,28253.183192000004,990.087843,2209.731667,48196.76733000007,172.52057499999998,0.26851600000000003,30326,83291.17756
27,70.085786,0.050468,28253.183192000004,990.087843,2209.731667,48201.781937000065,172.52057499999998,0.26851600000000003,30326,83301.522674
27,70.085786,0.050468,28253.183192000004,990.087843,2209.731667,48206.799433000066,172.52057499999998,0.26851600000000003,30326,83311.874689
27,70.085786,0.050468,28253.183192000004,990.087843,2209.731667,48211.81674000007,172.52057499999998,0.26851600000000003,30326,83322.229469
27,70.085786,0.050468,28253.183192000004,990.087843,2209.731667,48216.83441000007,172.52057499999998,0.26851600000000003,30326,83332.585868
27,70.085786,0.050468,28253.183192000004,990.087843,2209.731667,48221.85199200007,172.52057499999998,0.26851600000000003,30326,83342.944839
27,70.085786,0.050468,28253.183192000004,990.087843,2209.731667,48226.86647800007,172.52057499999998,0.26851600000000003,30326,83353.29866
27,70.085786,0.050468,28253.183192000004,990.087843,2209.731667,48231.88406800007,172.52057499999998,0.26851600000000003,30326,83363.650739
27,70.085786,0.050468,28253.183192000004,990.087843,2209.731667,48236.901720000074,172.52057499999998,0.26851600000000003,30326,83374.010765
27,70.085786,0.050468,28253.183192000004,990.087843,2209.731667,48241.91934100007,172.52057499999998,0.26851600000000003,30326,83384.365045
27,70.085786,0.050468,28253.183192000004,990.087843,2209.731667,48246.93608300007,172.52057499999998,0.26851600000000003,30326,83394.720927
27,70.085786,0.050468,28253.183192000004,990.087843,2209.731667,48251.95258600007,172.52057499999998,0.26851600000000003,30326,83405.074656
27,70.085786,0.050468,28253.183192000004,990.087843,2209.731667,48256.97008000007,172.52057499999998,0.26851600000000003,30326,83415.425692
27,70.085786,0.050468,28253.183192000004,990.087843,2209.731667,48261.98740500007,172.52057499999998,0.26851600000000003,30326,83425.782357
27,70.085786,0.050468,28253.183192000004,990.087843,2209.731667,48267.00160300007,172.52057499999998,0.26851600000000003,30326,83436.134719
27,70.085786,0.050468,28253.183192000004,990.087843,2209.731667,48272.01612600007,172.52057499999998,0.26851600000000003,30326,83446.494653
27,70.085786,0.050468,28253.183192000004,990.087843,2209.731667,48277.03075900007,172.52057499999998,0.26851600000000003,30326,83456.842726
27,70.085786,0.050468,28253.183192000004,990.087843,2209.731667,48282.045261000065,172.52057499999998,0.26851600000000003,30326,83467.190674
27,70.085786,0.050468,28253.183192000004,990.087843,2209.731667,48287.062733000064,172.52057499999998,0.26851600000000003,30326,83477.542647
27,70.085786,0.050468,28253.183192000004,990.087843,2209.731667,48292.080275000066,172.52057499999998,0.26851600000000003,30326,83487.894643
27,70.085786,0.050468,28253.183192000004,990.087843,2209.731667,48297.097078000064,172.52057499999998,0.26851600000000003,30326,83498.250712
27,70.085786,0.050468,28253.183192000004,990.087843,2209.731667,48302.11377500006,172.52057499999998,0.26851600000000003,30326,83508.614658
27,70.085786,0.050468,28253.183192000004,990.087843,2209.731667,48307.13051700006,172.52057499999998,0.26851600000000003,30326,83518.982772
27,70.085786,0.050468,28253.183192000004,990.087843,2209.731667,48312.148102000065,172.52057499999998,0.26851600000000003,30326,83529.338768
27,70.085786,0.050468,28253.183192000004,990.087843,2209.731667,48317.17280400007,172.52057499999998,0.26851600000000003,30326,83539.73409
27,70.085786,0.050468,28253.183192000004,990.087843,2209.731667,48322.186807000064,172.52057499999998,0.26851600000000003,30326,83550.110668
27,70.085786,0.050468,28253.183192000004,990.087843,2209.731667,48327.204239000064,172.52057499999998,0.26851600000000003,30326,83560.466565
27,70.085786,0.050468,28253.183192000004,990.087843,2209.731667,48332.221760000066,172.52057499999998,0.26851600000000003,30326,83570.822634
27,70.085786,0.050468,28253.183192000004,990.087843,2209.731667,48337.23625000007,172.52057499999998,0.26851600000000003,30326,83581.170663
27,70.085786,0.050468,28253.183192000004,990.087843,2209.731667,48342.25332400007,172.52057499999998,0.26851600000000003,30326,83591.524283
27,70.085786,0.050468,28253.183192000004,990.087843,2209.731667,48347.27077500007,172.52057499999998,0.26851600000000003,30326,83601.874656
27,70.085786,0.050468,28253.183192000004,990.087843,2209.731667,48352.28859400007,172.52057499999998,0.26851600000000003,30326,83612.226926
27,70.085786,0.050468,28253.183192000004,990.087843,2209.731667,48357.30606400007,172.52057499999998,0.26851600000000003,30326,83622.579776
27,70.085786,0.050468,28253.183192000004,990.087843,2209.731667,48362.323398000066,172.52057499999998,0.26851600000000003,30326,83632.933747
27,70.085786,0.050468,28253.183192000004,990.087843,2209.731667,48367.34079800006,172.52057499999998,0.26851600000000003,30326,83643.285591
27,70.085786,0.050468,28253.183192000004,990.087843,2209.731667,48372.35525700006,172.52057499999998,0.26851600000000003,30326,83653.63863
27,70.085786,0.050468,28253.183192000004,990.087843,2209.731667,48377.37152100006,172.52057499999998,0.26851600000000003,30326,83663.998686
27,70.085786,0.050468,28253.183192000004,990.087843,2209.731667,48382.38608700006,172.52057499999998,0.26851600000000003,30326,83674.350728
27,70.085786,0.050468,28253.183192000004,990.087843,2209.731667,48387.40149900006,172.52057499999998,0.26851600000000003,30326,83684.702646
27,70.085786,0.050468,28253.183192000004,990.087843,2209.731667,48392.416429000055,172.52057499999998,0.26851600000000003,30326,83695.05469
27,70.085786,0.050468,28253.183192000004,990.087843,2209.731667,48397.43204400005,172.52057499999998,0.26851600000000003,30326,83705.406743
27,70.085786,0.050468,28253.183192000004,990.087843,2209.731667,48402.44959800005,172.52057499999998,0.26851600000000003,30326,83715.758664
27,70.085786,0.050468,28253.183192000004,990.087843,2209.731667,48407.46715600005,172.52057499999998,0.26851600000000003,30326,83726.113679
27,70.085786,0.050468,28253.183192000004,990.087843,2209.731667,48412.48453200005,172.52057499999998,0.26851600000000003,30326,83736.471874
27,70.085786,0.050468,28253.183192000004,990.087843,2209.731667,48417.50215500005,172.52057499999998,0.26851600000000003,30326,83746.825785
27,70.085786,0.050468,28253.183192000004,990.087843,2209.731667,48422.516625000055,172.52057499999998,0.26851600000000003,30326,83757.174649
27,70.085786,0.050468,28253.183192000004,990.087843,2209.731667,48427.534096000054,172.52057499999998,0.26851600000000003,30326,83767.529618
27,70.085786,0.050468,28253.183192000004,990.087843,2209.731667,48432.551533000056,172.52057499999998,0.26851600000000003,30326,83777.885608
27,70.085786,0.050468,28253.183192000004,990.087843,2209.731667,48437.56613800005,172.52057499999998,0.26851600000000003,30326,83788.238654
27,70.085786,0.050468,28253.183192000004,990.087843,2209.731667,48442.580653000055,172.52057499999998,0.26851600000000003,30326,83798.590673
27,70.085786,0.050468,28253.183192000004,990.087843,2209.731667,48447.59508300006,172.52057499999998,0.26851600000000003,30326,83808.938641
27,70.085786,0.050468,28253.183192000004,990.087843,2209.731667,48452.61256500006,172.52057499999998,0.26851600000000003,30326,83819.289641
27,70.085786,0.050468,28253.183192000004,990.087843,2209.731667,48457.63007300006,172.52057499999998,0.26851600000000003,30326,83829.647697
27,70.085786,0.050468,28253.183192000004,990.087843,2209.731667,48462.64593000006,172.52057499999998,0.26851600000000003,30326,83839.998778
27,70.085786,0.050468,28253.183192000004,990.087843,2209.731667,48467.66336700006,172.52057499999998,0.26851600000000003,30326,83850.361588
27,70.085786,0.050468,28253.183192000004,990.087843,2209.731667,48472.68086000006,172.52057499999998,0.26851600000000003,30326,83860.71445
27,70.085786,0.050468,28253.183192000004,990.087843,2209.731667,48477.69536400006,172.52057499999998,0.26851600000000003,30326,83871.062674
27,70.085786,0.050468,28253.183192000004,990.087843,2209.731667,48482.71269600006,172.52057499999998,0.26851600000000003,30326,83881.417521
27,70.085786,0.050468,28253.183192000004,990.087843,2209.731667,48487.72793900006,172.52057499999998,0.26851600000000003,30326,83891.766676
27,70.085786,0.050468,28253.183192000004,990.087843,2209.731667,48492.74541600006,172.52057499999998,0.26851600000000003,30326,83902.122799
27,70.085786,0.050468,28253.183192000004,990.087843,2209.731667,48497.759951000065,172.52057499999998,0.26851600000000003,30326,83912.474692
27,70.085786,0.050468,28253.183192000004,990.087843,2209.731667,48502.776499000065,172.52057499999998,0.26851600000000003,30326,83922.826669
27,70.085786,0.050468,28253.183192000004,990.087843,2209.731667,48507.793887000065,172.52057499999998,0.26851600000000003,30326,83933.185543
27,70.085786,0.050468,28253.183192000004,990.087843,2209.731667,48512.81130200007,172.52057499999998,0.26851600000000003,30326,83943.536568
27,70.085786,0.050468,28253.183192000004,990.087843,2209.731667,48517.82852400007,172.52057499999998,0.26851600000000003,30326,83953.892602
27,70.085786,0.050468,28253.183192000004,990.087843,2209.731667,48522.84308000007,172.52057499999998,0.26851600000000003,30326,83964.238732
27,70.085786,0.050468,28253.183192000004,990.087843,2209.731667,48527.85908400007,172.52057499999998,0.26851600000000003,30326,83974.594561
27,70.085786,0.050468,28253.183192000004,990.087843,2209.731667,48532.87363600007,172.52057499999998,0.26851600000000003,30326,83984.946677
27,70.085786,0.050468,28253.183192000004,990.087843,2209.731667,48537.88813900007,172.52057499999998,0.26851600000000003,30326,83995.29067
27,70.085786,0.050468,28253.183192000004,990.087843,2209.731667,48542.905671000066,172.52057499999998,0.26851600000000003,30326,84005.646638
27,70.085786,0.050468,28253.183192000004,990.087843,2209.731667,48547.92301900007,172.52057499999998,0.26851600000000003,30326,84015.99944
27,70.085786,0.050468,28253.183192000004,990.087843,2209.731667,48552.937628000065,172.52057499999998,0.26851600000000003,30326,84026.346788
27,70.085786,0.050468,28253.183192000004,990.087843,2209.731667,48557.955292000064,172.52057499999998,0.26851600000000003,30326,84036.698657
27,70.085786,0.050468,28253.183192000004,990.087843,2209.731667,48562.972850000064,172.52057499999998,0.26851600000000003,30326,84047.052043
27,70.085786,0.050468,28253.183192000004,990.087843,2209.731667,48567.99048300007,172.52057499999998,0.26851600000000003,30326,84057.406656
27,70.085786,0.050468,28253.183192000004,990.087843,2209.731667,48573.00497100007,172.52057499999998,0.26851600000000003,30326,84067.754661
27,70.085786,0.050468,28253.183192000004,990.087843,2209.731667,48578.01943400007,172.52057499999998,0.26851600000000003,30326,84078.102655
27,70.085786,0.050468,28253.183192000004,990.087843,2209.731667,48583.033934000065,172.52057499999998,0.26851600000000003,30326,84088.454645
27,70.085786,0.050468,28253.183192000004,990.087843,2209.731667,48588.05122800006,172.52057499999998,0.26851600000000003,30326,84098.809609
27,70.085786,0.050468,28253.183192000004,990.087843,2209.731667,48593.068772000064,172.52057499999998,0.26851600000000003,30326,84109.165709
27,70.085786,0.050468,28253.183192000004,990.087843,2209.731667,48598.085733000065,172.52057499999998,0.26851600000000003,30326,84119.518707
27,70.085786,0.050468,28253.183192000004,990.087843,2209.731667,48603.103163000065,172.52057499999998,0.26851600000000003,30326,84129.873594
27,70.085786,0.050468,28253.183192000004,990.087843,2209.731667,48608.120590000064,172.52057499999998,0.26851600000000003,30326,84140.226214
27,70.085786,0.050468,28253.183192000004,990.087843,2209.731667,48613.135104000066,172.52057499999998,0.26851600000000003,30326,84150.578691
27,70.085786,0.050468,28253.183192000004,990.087843,2209.731667,48618.14964500006,172.52057499999998,0.26851600000000003,30326,84160.926713
27,70.085786,0.050468,28253.183192000004,990.087843,2209.731667,48623.16738900006,172.52057499999998,0.26851600000000003,30326,84171.282754
27,70.085786,0.050468,28253.183192000004,990.087843,2209.731667,48628.18195500006,172.52057499999998,0.26851600000000003,30326,84181.63472
27,70.085786,0.050468,28253.183192000004,990.087843,2209.731667,48633.19929900006,172.52057499999998,0.26851600000000003,30326,84191.989504
27,70.085786,0.050468,28253.183192000004,990.087843,2209.731667,48638.21440600006,172.52057499999998,0.26851600000000003,30326,84202.342618
27,70.085786,0.050468,28253.183192000004,990.087843,2209.731667,48643.23186200006,172.52057499999998,0.26851600000000003,30326,84212.69512
27,70.085786,0.050468,28253.183192000004,990.087843,2209.731667,48648.249478000056,172.52057499999998,0.26851600000000003,30326,84223.046651
27,70.085786,0.050468,28253.183192000004,990.087843,2209.731667,48653.26676100006,172.52057499999998,0.26851600000000003,30326,84233.401422
27,70.085786,0.050468,28253.183192000004,990.087843,2209.731667,48658.281367000054,172.52057499999998,0.26851600000000003,30326,84243.746762
27,70.085786,0.050468,28253.183192000004,990.087843,2209.731667,48663.299012000054,172.52057499999998,0.26851600000000003,30326,84254.106651
27,70.085786,0.050468,28253.183192000004,990.087843,2209.731667,48668.316464000054,172.52057499999998,0.26851600000000003,30326,84264.45765
27,70.085786,0.050468,28253.183192000004,990.087843,2209.731667,48673.33091600006,172.52057499999998,0.26851600000000003,30326,84274.802646
27,70.085786,0.050468,28253.183192000004,990.087843,2209.731667,48678.34819700006,172.52057499999998,0.26851600000000003,30326,84285.158071
27,70.085786,0.050468,28253.183192000004,990.087843,2209.731667,48683.36584700006,172.52057499999998,0.26851600000000003,30326,84295.510713
27,70.085786,0.050468,28253.183192000004,990.087843,2209.731667,48688.38303400006,172.52057499999998,0.26851600000000003,30326,84305.870719
27,70.085786,0.050468,28253.183192000004,990.087843,2209.731667,48693.39752600006,172.52057499999998,0.26851600000000003,30326,84316.218663
27,70.085786,0.050468,28253.183192000004,990.087843,2209.731667,48698.41503800006,172.52057499999998,0.26851600000000003,30326,84326.56967
27,70.085786,0.050468,28253.183192000004,990.087843,2209.731667,48703.43277400006,172.52057499999998,0.26851600000000003,30326,84336.922758
27,70.085786,0.050468,28253.183192000004,990.087843,2209.731667,48708.44906600006,172.52057499999998,0.26851600000000003,30326,84347.282653
27,70.085786,0.050468,28253.183192000004,990.087843,2209.731667,48713.46363200006,172.52057499999998,0.26851600000000003,30326,84357.630743
27,70.085786,0.050468,28253.183192000004,990.087843,2209.731667,48718.48117200006,172.52057499999998,0.26851600000000003,30326,84367.982826
27,70.085786,0.050468,28253.183192000004,990.087843,2209.731667,48723.49866900006,172.52057499999998,0.26851600000000003,30326,84378.334524
27,70.085786,0.050468,28253.183192000004,990.087843,2209.731667,48728.516091000056,172.52057499999998,0.26851600000000003,30326,84388.689542
27,70.085786,0.050468,28253.183192000004,990.087843,2209.731667,48733.53048000006,172.52057499999998,0.26851600000000003,30326,84399.038559
27,70.085786,0.050468,28253.183192000004,990.087843,2209.731667,48738.54806200006,172.52057499999998,0.26851600000000003,30326,84409.393759
27,70.085786,0.050468,28253.183192000004,990.087843,2209.731667,48743.56552700006,172.52057499999998,0.26851600000000003,30326,84419.749622
27,70.085786,0.050468,28253.183192000004,990.087843,2209.731667,48748.58308700006,172.52057499999998,0.26851600000000003,30326,84430.102645
27,70.085786,0.050468,28253.183192000004,990.087843,2209.731667,48753.60056800006,172.52057499999998,0.26851600000000003,30326,84440.453673
27,70.085786,0.050468,28253.183192000004,990.087843,2209.731667,48758.61503700006,172.52057499999998,0.26851600000000003,30326,84450.798641
27,70.085786,0.050468,28253.183192000004,990.087843,2209.731667,48763.63229600006,172.52057499999998,0.26851600000000003,30326,84461.153456
27,70.085786,0.050468,28253.183192000004,990.087843,2209.731667,48768.64994400006,172.52057499999998,0.26851600000000003,30326,84471.509074
27,70.085786,0.050468,28253.183192000004,990.087843,2209.731667,48773.66574000006,172.52057499999998,0.26851600000000003,30326,84481.862645
27,70.085786,0.050468,28253.183192000004,990.087843,2209.731667,48778.680212000065,172.52057499999998,0.26851600000000003,30326,84492.214664
27,70.085786,0.050468,28253.183192000004,990.087843,2209.731667,48783.697539000066,172.52057499999998,0.26851600000000003,30326,84502.568394
27,70.085786,0.050468,28253.183192000004,990.087843,2209.731667,48788.71201600006,172.52057499999998,0.26851600000000003,30326,84512.918683
27,70.085786,0.050468,28253.183192000004,990.087843,2209.731667,48793.729606000066,172.52057499999998,0.26851600000000003,30326,84523.269743
27,70.085786,0.050468,28253.183192000004,990.087843,2209.731667,48798.74753200007,172.52057499999998,0.26851600000000003,30326,84533.622893
27,70.085786,0.050468,28253.183192000004,990.087843,2209.731667,48803.76449100007,172.52057499999998,0.26851600000000003,30326,84543.97874
27,70.085786,0.050468,28253.183192000004,990.087843,2209.731667,48808.781616000066,172.52057499999998,0.26851600000000003,30326,84554.329243
27,70.085786,0.050468,28253.183192000004,990.087843,2209.731667,48813.79955400006,172.52057499999998,0.26851600000000003,30326,84564.687035
27,70.085786,0.050468,28253.183192000004,990.087843,2209.731667,48818.817101000066,172.52057499999998,0.26851600000000003,30326,84575.037726
27,70.085786,0.050468,28253.183192000004,990.087843,2209.731667,48823.834273000066,172.52057499999998,0.26851600000000003,30326,84585.390567
27,70.085786,0.050468,28253.183192000004,990.087843,2209.731667,48828.85199300007,172.52057499999998,0.26851600000000003,30326,84595.746735
27,70.085786,0.050468,28253.183192000004,990.087843,2209.731667,48833.86700900007,172.52057499999998,0.26851600000000003,30326,84606.102673
27,70.085786,0.050468,28253.183192000004,990.087843,2209.731667,48838.88133200007,172.52057499999998,0.26851600000000003,30326,84616.454491
27,70.085786,0.050468,28253.183192000004,990.087843,2209.731667,48843.89885900007,172.52057499999998,0.26851600000000003,30326,84626.805328
27,70.085786,0.050468,28253.183192000004,990.087843,2209.731667,48848.916447000076,172.52057499999998,0.26851600000000003,30326,84637.15866
27,70.085786,0.050468,28253.183192000004,990.087843,2209.731667,48853.93403100008,172.52057499999998,0.26851600000000003,30326,84647.518672
27,70.085786,0.050468,28253.183192000004,990.087843,2209.731667,48858.951588000076,172.52057499999998,0.26851600000000003,30326,84657.870635
27,70.085786,0.050468,28253.183192000004,990.087843,2209.731667,48863.966071000075,172.52057499999998,0.26851600000000003,30326,84668.21864
27,70.085786,0.050468,28253.183192000004,990.087843,2209.731667,48868.98129700008,172.52057499999998,0.26851600000000003,30326,84678.570762
27,70.085786,0.050468,28253.183192000004,990.087843,2209.731667,48873.99583500008,172.52057499999998,0.26851600000000003,30326,84688.922711
27,70.085786,0.050468,28253.183192000004,990.087843,2209.731667,48879.01335200008,172.52057499999998,0.26851600000000003,30326,84699.279062
27,70.085786,0.050468,28253.183192000004,990.087843,2209.731667,48884.03097000008,172.52057499999998,0.26851600000000003,30326,84709.631472
27,70.085786,0.050468,28253.183192000004,990.087843,2209.731667,48889.048519000076,172.52057499999998,0.26851600000000003,30326,84719.986662
27,70.085786,0.050468,28253.183192000004,990.087843,2209.731667,48894.066073000075,172.52057499999998,0.26851600000000003,30326,84730.343455
27,70.085786,0.050468,28253.183192000004,990.087843,2209.731667,48899.083699000075,172.52057499999998,0.26851600000000003,30326,84740.698739
27,70.085786,0.050468,28253.183192000004,990.087843,2209.731667,48904.101064000075,172.52057499999998,0.26851600000000003,30326,84751.049552
27,70.085786,0.050468,28253.183192000004,990.087843,2209.731667,48909.11555400008,172.52057499999998,0.26851600000000003,30326,84761.394633
27,70.085786,0.050468,28253.183192000004,990.087843,2209.731667,48914.133907000076,172.52057499999998,0.26851600000000003,30326,84771.752305
27,70.085786,0.050468,28253.183192000004,990.087843,2209.731667,48919.14849000007,172.52057499999998,0.26851600000000003,30326,84782.10677
27,70.085786,0.050468,28253.183192000004,990.087843,2209.731667,48924.16299700007,172.52057499999998,0.26851600000000003,30326,84792.470665
27,70.085786,0.050468,28253.183192000004,990.087843,2209.731667,48929.18057400007,172.52057499999998,0.26851600000000003,30326,84802.833762
27,70.085786,0.050468,28253.183192000004,990.087843,2209.731667,48934.19825700007,172.52057499999998,0.26851600000000003,30326,84813.186747
27,70.085786,0.050468,28253.183192000004,990.087843,2209.731667,48939.21272600007,172.52057499999998,0.26851600000000003,30326,84823.54266
27,70.085786,0.050468,28253.183192000004,990.087843,2209.731667,48944.22723500007,172.52057499999998,0.26851600000000003,30326,84833.890672
27,70.085786,0.050468,28253.183192000004,990.087843,2209.731667,48949.24410500007,172.52057499999998,0.26851600000000003,30326,84844.246665
27,70.085786,0.050468,28253.183192000004,990.087843,2209.731667,48954.26149700007,172.52057499999998,0.26851600000000003,30326,84854.601603
27,70.085786,0.050468,28253.183192000004,990.087843,2209.731667,48959.27889800007,172.52057499999998,0.26851600000000003,30326,84864.95356
27,70.085786,0.050468,28253.183192000004,990.087843,2209.731667,48964.29306900007,172.52057499999998,0.26851600000000003,30326,84875.306668
27,70.085786,0.050468,28253.183192000004,990.087843,2209.731667,48969.31073200007,172.52057499999998,0.26851600000000003,30326,84885.662645
27,70.085786,0.050468,28253.183192000004,990.087843,2209.731667,48974.324388000074,172.52057499999998,0.26851600000000003,30326,84896.014678
27,70.085786,0.050468,28253.183192000004,990.087843,2209.731667,48979.34210700008,172.52057499999998,0.26851600000000003,30326,84906.369879
27,70.085786,0.050468,28253.183192000004,990.087843,2209.731667,48984.35657800008,172.52057499999998,0.26851600000000003,30326,84916.718642
27,70.085786,0.050468,28253.183192000004,990.087843,2209.731667,48989.370152000076,172.52057499999998,0.26851600000000003,30326,84927.070656
27,70.085786,0.050468,28253.183192000004,990.087843,2209.731667,48994.38707900007,172.52057499999998,0.26851600000000003,30326,84937.422694
27,70.085786,0.050468,28253.183192000004,990.087843,2209.731667,48999.40155500007,172.52057499999998,0.26851600000000003,30326,84947.774663
27,70.085786,0.050468,28253.183192000004,990.087843,2209.731667,49004.41857900007,172.52057499999998,0.26851600000000003,30326,84958.130676
27,70.085786,0.050468,28253.183192000004,990.087843,2209.731667,49009.43592600007,172.52057499999998,0.26851600000000003,30326,84968.492167
27,70.085786,0.050468,28253.183192000004,990.087843,2209.731667,49014.45054000007,172.52057499999998,0.26851600000000003,30326,84978.846674
27,70.085786,0.050468,28253.183192000004,990.087843,2209.731667,49019.46511300007,172.52057499999998,0.26851600000000003,30326,84989.202654
27,70.085786,0.050468,28253.183192000004,990.087843,2209.731667,49024.47963300007,172.52057499999998,0.26851600000000003,30326,84999.558669
27,70.085786,0.050468,28253.183192000004,990.087843,2209.731667,49029.49410600007,172.52057499999998,0.26851600000000003,30326,85009.918623
27,70.085786,0.050468,28253.183192000004,990.087843,2209.731667,49034.511375000075,172.52057499999998,0.26851600000000003,30326,85020.278698
27,70.085786,0.050468,28253.183192000004,990.087843,2209.731667,49039.52884200007,172.52057499999998,0.26851600000000003,30326,85030.633666
27,70.085786,0.050468,28253.183192000004,990.087843,2209.731667,49044.54338900007,172.52057499999998,0.26851600000000003,30326,85040.982673
27,70.085786,0.050468,28253.183192000004,990.087843,2209.731667,49049.56070700007,172.52057499999998,0.26851600000000003,30326,85051.337498
27,70.085786,0.050468,28253.183192000004,990.087843,2209.731667,49054.57530000007,172.52057499999998,0.26851600000000003,30326,85061.690736
27,70.085786,0.050468,28253.183192000004,990.087843,2209.731667,49059.59267200007,172.52057499999998,0.26851600000000003,30326,85072.041534
27,70.085786,0.050468,28253.183192000004,990.087843,2209.731667,49064.607187000074,172.52057499999998,0.26851600000000003,30326,85082.394672
27,70.085786,0.050468,28253.183192000004,990.087843,2209.731667,49069.62478200007,172.52057499999998,0.26851600000000003,30326,85092.750815
27,70.085786,0.050468,28253.183192000004,990.087843,2209.731667,49074.64227000007,172.52057499999998,0.26851600000000003,30326,85103.105646
27,70.085786,0.050468,28253.183192000004,990.087843,2209.731667,49079.65959000007,172.52057499999998,0.26851600000000003,30326,85113.465491
27,70.085786,0.050468,28253.183192000004,990.087843,2209.731667,49084.67724300007,172.52057499999998,0.26851600000000003,30326,85123.822765
27,70.085786,0.050468,28253.183192000004,990.087843,2209.731667,49089.69176800007,172.52057499999998,0.26851600000000003,30326,85134.178743
27,70.085786,0.050468,28253.183192000004,990.087843,2209.731667,49094.70909100007,172.52057499999998,0.26851600000000003,30326,85144.541508
27,70.085786,0.050468,28253.183192000004,990.087843,2209.731667,49099.72359400007,172.52057499999998,0.26851600000000003,30326,85154.894653
27,70.085786,0.050468,28253.183192000004,990.087843,2209.731667,49104.74113400007,172.52057499999998,0.26851600000000003,30326,85165.246675
27,70.085786,0.050468,28253.183192000004,990.087843,2209.731667,49109.75565000007,172.52057499999998,0.26851600000000003,30326,85175.598675
27,70.085786,0.050468,28253.183192000004,990.087843,2209.731667,49114.77011400007,172.52057499999998,0.26851600000000003,30326,85185.954642
27,70.085786,0.050468,28253.183192000004,990.087843,2209.731667,49119.78444000007,172.52057499999998,0.26851600000000003,30326,85196.310491
27,70.085786,0.050468,28253.183192000004,990.087843,2209.731667,49124.798917000066,172.52057499999998,0.26851600000000003,30326,85206.66265
27,70.085786,0.050468,28253.183192000004,990.087843,2209.731667,49129.81343300007,172.52057499999998,0.26851600000000003,30326,85217.018689
27,70.085786,0.050468,28253.183192000004,990.087843,2209.731667,49134.82908400007,172.52057499999998,0.26851600000000003,30326,85227.374699
27,70.085786,0.050468,28253.183192000004,990.087843,2209.731667,49139.84362300007,172.52057499999998,0.26851600000000003,30326,85237.726726
27,70.085786,0.050468,28253.183192000004,990.087843,2209.731667,49144.85810300007,172.52057499999998,0.26851600000000003,30326,85248.078642
27,70.085786,0.050468,28253.183192000004,990.087843,2209.731667,49149.87258200007,172.52057499999998,0.26851600000000003,30326,85258.434693
27,70.085786,0.050468,28253.183192000004,990.087843,2209.731667,49154.89022700007,172.52057499999998,0.26851600000000003,30326,85268.794731
27,70.085786,0.050468,28253.183192000004,990.087843,2209.731667,49159.90801800007,172.52057499999998,0.26851600000000003,30326,85279.154218
27,70.085786,0.050468,28253.183192000004,990.087843,2209.731667,49164.92545300007,172.52057499999998,0.26851600000000003,30326,85289.509568
27,70.085786,0.050468,28253.183192000004,990.087843,2209.731667,49169.94281400007,172.52057499999998,0.26851600000000003,30326,85299.865518
27,70.085786,0.050468,28253.183192000004,990.087843,2209.731667,49174.957338000066,172.52057499999998,0.26851600000000003,30326,85310.218672
27,70.085786,0.050468,28253.183192000004,990.087843,2209.731667,49179.97187300007,172.52057499999998,0.26851600000000003,30326,85320.570677
27,70.085786,0.050468,28253.183192000004,990.087843,2209.731667,49184.98644100007,172.52057499999998,0.26851600000000003,30326,85330.91874
27,70.085786,0.050468,28253.183192000004,990.087843,2209.731667,49190.00394300007,172.52057499999998,0.26851600000000003,30326,85341.278637
27,70.085786,0.050468,28253.183192000004,990.087843,2209.731667,49195.02143300007,172.52057499999998,0.26851600000000003,30326,85351.634636
27,70.085786,0.050468,28253.183192000004,990.087843,2209.731667,49200.035931000064,172.52057499999998,0.26851600000000003,30326,85361.986677
27,70.085786,0.050468,28253.183192000004,990.087843,2209.731667,49205.05042600007,172.52057499999998,0.26851600000000003,30326,85372.33867
27,70.085786,0.050468,28253.183192000004,990.087843,2209.731667,49210.06491300007,172.52057499999998,0.26851600000000003,30326,85382.690666
27,70.085786,0.050468,28253.183192000004,990.087843,2209.731667,49215.079394000066,172.52057499999998,0.26851600000000003,30326,85393.042632
27,70.085786,0.050468,28253.183192000004,990.087843,2209.731667,49220.093811000064,172.52057499999998,0.26851600000000003,30326,85403.394635
27,70.085786,0.050468,28253.183192000004,990.087843,2209.731667,49225.111413000064,172.52057499999998,0.26851600000000003,30326,85413.750677
27,70.085786,0.050468,28253.183192000004,990.087843,2209.731667,49230.128736000064,172.52057499999998,0.26851600000000003,30326,85424.104555
27,70.085786,0.050468,28253.183192000004,990.087843,2209.731667,49235.14328000006,172.52057499999998,0.26851600000000003,30326,85434.458717
27,70.085786,0.050468,28253.183192000004,990.087843,2209.731667,49240.15836900006,172.52057499999998,0.26851600000000003,30326,85444.818648
27,70.085786,0.050468,28253.183192000004,990.087843,2209.731667,49245.17588800006,172.52057499999998,0.26851600000000003,30326,85455.173141
27,70.085786,0.050468,28253.183192000004,990.087843,2209.731667,49250.19357400006,172.52057499999998,0.26851600000000003,30326,85465.526787
27,70.085786,0.050468,28253.183192000004,990.087843,2209.731667,49255.208042000064,172.52057499999998,0.26851600000000003,30326,85475.882633
27,70.085786,0.050468,28253.183192000004,990.087843,2209.731667,49260.225301000064,172.52057499999998,0.26851600000000003,30326,85486.240145
27,70.085786,0.050468,28253.183192000004,990.087843,2209.731667,49265.239831000064,172.52057499999998,0.26851600000000003,30326,85496.594662
27,70.085786,0.050468,28253.183192000004,990.087843,2209.731667,49270.25721400006,172.52057499999998,0.26851600000000003,30326,85506.949578
27,70.085786,0.050468,28253.183192000004,990.087843,2209.731667,49275.27298500006,172.52057499999998,0.26851600000000003,30326,85517.302737
27,70.085786,0.050468,28253.183192000004,990.087843,2209.731667,49280.28751000006,172.52057499999998,0.26851600000000003,30326,85527.654679
27,70.085786,0.050468,28253.183192000004,990.087843,2209.731667,49285.30306100006,172.52057499999998,0.26851600000000003,30326,85538.007703
27,70.085786,0.050468,28253.183192000004,990.087843,2209.731667,49290.31755200006,172.52057499999998,0.26851600000000003,30326,85548.362667
27,70.085786,0.050468,28253.183192000004,990.087843,2209.731667,49295.33504900006,172.52057499999998,0.26851600000000003,30326,85558.718872
27,70.085786,0.050468,28253.183192000004,990.087843,2209.731667,49300.34952400006,172.52057499999998,0.26851600000000003,30326,85569.07466
27,70.085786,0.050468,28253.183192000004,990.087843,2209.731667,49305.36409200006,172.52057499999998,0.26851600000000003,30326,85579.426751
27,70.085786,0.050468,28253.183192000004,990.087843,2209.731667,49310.37859200006,172.52057499999998,0.26851600000000003,30326,85589.786707
27,70.085786,0.050468,28253.183192000004,990.087843,2209.731667,49315.39645900006,172.52057499999998,0.26851600000000003,30326,85600.146127
27,70.085786,0.050468,28253.183192000004,990.087843,2209.731667,49320.41407500006,172.52057499999998,0.26851600000000003,30326,85610.49771
27,70.085786,0.050468,28253.183192000004,990.087843,2209.731667,49325.42867300006,172.52057499999998,0.26851600000000003,30326,85620.862557
27,70.085786,0.050468,28253.183192000004,990.087843,2209.731667,49330.44327800006,172.52057499999998,0.26851600000000003,30326,85631.222774
27,70.085786,0.050468,28253.183192000004,990.087843,2209.731667,49335.45767800006,172.52057499999998,0.26851600000000003,30326,85641.582593
27,70.085786,0.050468,28253.183192000004,990.087843,2209.731667,49340.472182000056,172.52057499999998,0.26851600000000003,30326,85651.938648
27,70.085786,0.050468,28253.183192000004,990.087843,2209.731667,49345.48948600006,172.52057499999998,0.26851600000000003,30326,85662.297356
27,70.085786,0.050468,28253.183192000004,990.087843,2209.731667,49350.50393100006,172.52057499999998,0.26851600000000003,30326,85672.650662
27,70.085786,0.050468,28253.183192000004,990.087843,2209.731667,49355.518391000056,172.52057499999998,0.26851600000000003,30326,85682.998662
27,70.085786,0.050468,28253.183192000004,990.087843,2209.731667,49360.53589500006,172.52057499999998,0.26851600000000003,30326,85693.357524
27,70.085786,0.050468,28253.183192000004,990.087843,2209.731667,49365.55321700006,172.52057499999998,0.26851600000000003,30326,85703.709504
27,70.085786,0.050468,28253.183192000004,990.087843,2209.731667,49370.56869500006,172.52057499999998,0.26851600000000003,30326,85714.066621
27,70.085786,0.050468,28253.183192000004,990.087843,2209.731667,49375.586566000056,172.52057499999998,0.26851600000000003,30326,85724.422973
27,70.085786,0.050468,28253.183192000004,990.087843,2209.731667,49380.60106300005,172.52057499999998,0.26851600000000003,30326,85734.770651
27,70.085786,0.050468,28253.183192000004,990.087843,2209.731667,49385.615729000056,172.52057499999998,0.26851600000000003,30326,85745.126686
27,70.085786,0.050468,28253.183192000004,990.087843,2209.731667,49390.63024500006,172.52057499999998,0.26851600000000003,30326,85755.474678
27,70.085786,0.050468,28253.183192000004,990.087843,2209.731667,49395.644767000056,172.52057499999998,0.26851600000000003,30326,85765.830701
27,70.085786,0.050468,28253.183192000004,990.087843,2209.731667,49400.659290000054,172.52057499999998,0.26851600000000003,30326,85776.186708
27,70.085786,0.050468,28253.183192000004,990.087843,2209.731667,49405.673781000056,172.52057499999998,0.26851600000000003,30326,85786.542649
27,70.085786,0.050468,28253.183192000004,990.087843,2209.731667,49410.68829000006,172.52057499999998,0.26851600000000003,30326,85796.89866
27,70.085786,0.050468,28253.183192000004,990.087843,2209.731667,49415.702878000055,172.52057499999998,0.26851600000000003,30326,85807.254771
27,70.085786,0.050468,28253.183192000004,990.087843,2209.731667,49420.71997700005,172.52057499999998,0.26851600000000003,30326,85817.622646
27,70.085786,0.050468,28253.183192000004,990.087843,2209.731667,49425.73459100005,172.52057499999998,0.26851600000000003,30326,85827.982651
27,70.085786,0.050468,28253.183192000004,990.087843,2209.731667,49430.74905200005,172.52057499999998,0.26851600000000003,30326,85838.342641
27,70.085786,0.050468,28253.183192000004,990.087843,2209.731667,49435.76360000005,172.52057499999998,0.26851600000000003,30326,85848.69872
27,70.085786,0.050468,28253.183192000004,990.087843,2209.731667,49440.78118500005,172.52057499999998,0.26851600000000003,30326,85859.058674
27,70.085786,0.050468,28253.183192000004,990.087843,2209.731667,49445.79876800005,172.52057499999998,0.26851600000000003,30326,85869.418695
27,70.085786,0.050468,28253.183192000004,990.087843,2209.731667,49450.81648200005,172.52057499999998,0.26851600000000003,30326,85879.782616
27,70.085786,0.050468,28253.183192000004,990.087843,2209.731667,49455.83093700005,172.52057499999998,0.26851600000000003,30326,85890.138626
27,70.085786,0.050468,28253.183192000004,990.087843,2209.731667,49460.84543800005,172.52057499999998,0.26851600000000003,30326,85900.494656
27,70.085786,0.050468,28253.183192000004,990.087843,2209.731667,49465.86301800005,172.52057499999998,0.26851600000000003,30326,85910.858699
27,70.085786,0.050468,28253.183192000004,990.087843,2209.731667,49470.88034700005,172.52057499999998,0.26851600000000003,30326,85921.21753
27,70.085786,0.050468,28253.183192000004,990.087843,2209.731667,49475.89495000005,172.52057499999998,0.26851600000000003,30326,85931.574754
27,70.085786,0.050468,28253.183192000004,990.087843,2209.731667,49480.909526000054,172.52057499999998,0.26851600000000003,30326,85941.934676
27,70.085786,0.050468,28253.183192000004,990.087843,2209.731667,49485.927026000056,172.52057499999998,0.26851600000000003,30326,85952.289697
27,70.085786,0.050468,28253.183192000004,990.087843,2209.731667,49490.941511000055,172.52057499999998,0.26851600000000003,30326,85962.642659
27,70.085786,0.050468,28253.183192000004,990.087843,2209.731667,49495.95603200005,172.52057499999998,0.26851600000000003,30326,85972.990635
27,70.085786,0.050468,28253.183192000004,990.087843,2209.731667,49500.973469000055,172.52057499999998,0.26851600000000003,30326,85983.349452
27,70.085786,0.050468,28253.183192000004,990.087843,2209.731667,49505.99006700006,172.52057499999998,0.26851600000000003,30326,85993.70664
27,70.085786,0.050468,28253.183192000004,990.087843,2209.731667,49511.00458200006,172.52057499999998,0.26851600000000003,30326,86004.062655
27,70.085786,0.050468,28253.183192000004,990.087843,2209.731667,49516.01909700006,172.52057499999998,0.26851600000000003,30326,86014.414656
27,70.085786,0.050468,28253.183192000004,990.087843,2209.731667,49521.03358600006,172.52057499999998,0.26851600000000003,30326,86024.770687
27,70.085786,0.050468,28253.183192000004,990.087843,2209.731667,49526.04818000006,172.52057499999998,0.26851600000000003,30326,86035.122661
27,70.085786,0.050468,28253.183192000004,990.087843,2209.731667,49531.06548000006,172.52057499999998,0.26851600000000003,30326,86045.473737
27,70.085786,0.050468,28253.183192000004,990.087843,2209.731667,49536.07874000006,172.52057499999998,0.26851600000000003,30326,86055.822777
27,70.085786,0.050468,28253.183192000004,990.087843,2209.731667,49541.095146000065,172.52057499999998,0.26851600000000003,30326,86066.182694
27,70.085786,0.050468,28253.183192000004,990.087843,2209.731667,49546.10962600006,172.52057499999998,0.26851600000000003,30326,86076.534629
27,70.085786,0.050468,28253.183192000004,990.087843,2209.731667,49551.12638200006,172.52057499999998,0.26851600000000003,30326,86086.894763
27,70.085786,0.050468,28253.183192000004,990.087843,2209.731667,49556.14056400006,172.52057499999998,0.26851600000000003,30326,86097.254678
27,70.085786,0.050468,28253.183192000004,990.087843,2209.731667,49561.15799500006,172.52057499999998,0.26851600000000003,30326,86107.612017
27,70.085786,0.050468,28253.183192000004,990.087843,2209.731667,49566.17565400006,172.52057499999998,0.26851600000000003,30326,86117.966633
27,70.085786,0.050468,28253.183192000004,990.087843,2209.731667,49571.19300600006,172.52057499999998,0.26851600000000003,30326,86128.322054
27,70.085786,0.050468,28253.183192000004,990.087843,2209.731667,49576.20735400006,172.52057499999998,0.26851600000000003,30326,86138.670748
27,70.085786,0.050468,28253.183192000004,990.087843,2209.731667,49581.221858000055,172.52057499999998,0.26851600000000003,30326,86149.026684
27,70.085786,0.050468,28253.183192000004,990.087843,2209.731667,49586.239419000056,172.52057499999998,0.26851600000000003,30326,86159.382667
27,70.085786,0.050468,28253.183192000004,990.087843,2209.731667,49591.256915000056,172.52057499999998,0.26851600000000003,30326,86169.738647
27,70.085786,0.050468,28253.183192000004,990.087843,2209.731667,49596.27450300006,172.52057499999998,0.26851600000000003,30326,86180.09466
27,70.085786,0.050468,28253.183192000004,990.087843,2209.731667,49601.28898200006,172.52057499999998,0.26851600000000003,30326,86190.446665
27,70.085786,0.050468,28253.183192000004,990.087843,2209.731667,49606.30645700006,172.52057499999998,0.26851600000000003,30326,86200.802698
27,70.085786,0.050468,28253.183192000004,990.087843,2209.731667,49611.32098800006,172.52057499999998,0.26851600000000003,30326,86211.154723
27,70.085786,0.050468,28253.183192000004,990.087843,2209.731667,49616.33695700006,172.52057499999998,0.26851600000000003,30326,86221.506654
27,70.085786,0.050468,28253.183192000004,990.087843,2209.731667,49621.35439800006,172.52057499999998,0.26851600000000003,30326,86231.857674
27,70.085786,0.050468,28253.183192000004,990.087843,2209.731667,49626.36789000006,172.52057499999998,0.26851600000000003,30326,86242.206706
27,70.085786,0.050468,28253.183192000004,990.087843,2209.731667,49631.38240200006,172.52057499999998,0.26851600000000003,30326,86252.562658
27,70.085786,0.050468,28253.183192000004,990.087843,2209.731667,49636.39986600006,172.52057499999998,0.26851600000000003,30326,86262.915321
27,70.085786,0.050468,28253.183192000004,990.087843,2209.731667,49641.41772300006,172.52057499999998,0.26851600000000003,30326,86273.270803
27,70.085786,0.050468,28253.183192000004,990.087843,2209.731667,49646.43258400006,172.52057499999998,0.26851600000000003,30326,86283.626711
27,70.085786,0.050468,28253.183192000004,990.087843,2209.731667,49651.44707100006,172.52057499999998,0.26851600000000003,30326,86293.974653
27,70.085786,0.050468,28253.183192000004,990.087843,2209.731667,49656.46439600006,172.52057499999998,0.26851600000000003,30326,86304.32907
27,70.085786,0.050468,28253.183192000004,990.087843,2209.731667,49661.48294900006,172.52057499999998,0.26851600000000003,30326,86314.679642
27,70.085786,0.050468,28253.183192000004,990.087843,2209.731667,49666.497420000065,172.52057499999998,0.26851600000000003,30326,86325.030635
27,70.085786,0.050468,28253.183192000004,990.087843,2209.731667,49671.51357400006,172.52057499999998,0.26851600000000003,30326,86335.386659
27,70.085786,0.050468,28253.183192000004,990.087843,2209.731667,49676.52813900006,172.52057499999998,0.26851600000000003,30326,86345.734728
27,70.085786,0.050468,28253.183192000004,990.087843,2209.731667,49681.54602400006,172.52057499999998,0.26851600000000003,30326,86356.091023
27,70.085786,0.050468,28253.183192000004,990.087843,2209.731667,49686.56365300006,172.52057499999998,0.26851600000000003,30326,86366.446728
27,70.085786,0.050468,28253.183192000004,990.087843,2209.731667,49691.578123000065,172.52057499999998,0.26851600000000003,30326,86376.798641
27,70.085786,0.050468,28253.183192000004,990.087843,2209.731667,49696.59569600006,172.52057499999998,0.26851600000000003,30326,86387.150662
27,70.085786,0.050468,28253.183192000004,990.087843,2209.731667,49701.612446000065,172.52057499999998,0.26851600000000003,30326,86397.506676
27,70.085786,0.050468,28253.183192000004,990.087843,2209.731667,49706.626199000064,172.52057499999998,0.26851600000000003,30326,86407.854721
